GroupID_z8,SubhaloID_z8,M200c_z8,logM200c_z8,SubhaloID_z0,GroupID_z0,M200c_z0,logM200c_z0,TrackingStatus
36,494,141928240000.0,11.152069091796875,11750,1,1307340129173504.0,15.116388592175756,success
40,537,157643240000.0,11.197675704956055,260599,128,167641163497472.0,14.224380666351609,success
65,747,126111790000.0,11.10075569152832,47315,8,398251614273536.0,14.600157544846473,success
77,846,142772000000.0,11.154643058776855,427248,332,99754541318144.0,13.998932676033133,success
80,867,146573300000.0,11.166054725646973,503347,473,81075552387072.0,13.90888991630696,success
99,983,70339900000.0,10.84720230102539,97407,25,219906721185792.0,14.342238503254803,success
101,1003,119689280000.0,11.078055381774902,120494,35,381228075188224.0,14.581184876358591,success
102,1017,108133910000.0,11.03396224975586,160830,56,296168328265728.0,14.47153861395946,success
103,1034,88059090000.0,10.944774627685547,344282,215,116181465825280.0,14.065136851532658,success
108,1065,112302460000.0,11.050389289855957,323749,191,156477503307776.0,14.194451908070404,success
111,1086,131669760000.0,11.119486808776855,86933,21,382146090893312.0,14.582229421392805,success
118,1134,156204530000.0,11.193694114685059,414330,312,90020350263296.0,13.954340698417177,success
124,1169,82844840000.0,10.918265342712402,590488,675,57136910434304.0,13.756916753064406,success
129,1205,105777050000.0,11.024392127990723,262558,130,164261326225408.0,14.215535324944792,success
130,1218,154260420000.0,11.188255310058594,690364,981,40483397042176.0,13.607276947872545,success
133,1234,82863055000.0,10.918360710144043,733689,1140,36408756535296.0,13.561205846770223,success
135,1251,131899340000.0,11.120243072509766,160830,56,296168328265728.0,14.47153861395946,success
139,1280,152282550000.0,11.182650566101074,81618,19,467371865145344.0,14.669662565180955,success
140,1288,143227940000.0,11.156027793884277,789373,1381,34546263261184.0,13.538401078256861,success
141,1301,138725700000.0,11.142157554626465,235366,106,201667337256960.0,14.304635564064277,success
142,1309,122742060000.0,11.088994026184082,243651,113,200451358195712.0,14.302009003240094,success
146,1336,117547205000.0,11.070212364196777,494530,455,74523831435264.0,13.872295174839584,success
147,1344,118175740000.0,11.072528839111328,120494,35,381228075188224.0,14.581184876358591,success
152,1377,155689170000.0,11.192258834838867,281481,147,187930807107584.0,14.273997978930446,success
155,1396,119073590000.0,11.07581615447998,324341,192,129208068079616.0,14.111289632955177,success
157,1411,140256180000.0,11.14692211151123,294432,160,171195450261504.0,14.233492218562052,success
160,1425,117845650000.0,11.071313858032227,195434,77,230889556541440.0,14.363404289612728,success
163,1441,93643590000.0,10.971478462219238,157536,54,314248664186880.0,14.497273440256166,success
169,1477,146639880000.0,11.166252136230469,427248,332,99754541318144.0,13.998932676033133,success
170,1482,157155930000.0,11.196331024169922,262558,130,164261326225408.0,14.215535324944792,success
179,1534,152477630000.0,11.183206558227539,264563,132,179053478805504.0,14.252982763277869,success
192,1617,157221180000.0,11.196511268615723,184677,70,258570536878080.0,14.412579037171403,success
193,1626,112509125000.0,11.051188468933105,17911,2,1033314370584576.0,15.014232469282954,success
194,1636,78379920000.0,10.894205093383789,17942,2,1033314370584576.0,15.014232469282954,success
198,1662,91195010000.0,10.95997142791748,211746,88,223381030961152.0,14.349046290987863,success
199,1672,105558850000.0,11.023494720458984,619794,756,52550246072320.0,13.720574754000808,success
200,1684,103720590000.0,11.015865325927734,1044369,3122,16182326329344.0,13.209040954814807,success
201,1692,74084960000.0,10.869729995727539,889920,1921,12468602535936.0,13.09581778106946,success
203,1708,94342430000.0,10.97470760345459,22736,3,899670222045184.0,14.95408334611498,success
208,1733,99292050000.0,10.996914863586426,473315,412,81883476000768.0,13.913196270432948,success
210,1748,77448266000.0,10.88901138305664,124333,37,197666877210624.0,14.2959339012316,success
211,1759,111135375000.0,11.045852661132812,908678,2039,23104170491904.0,13.363690380677458,success
215,1780,144770760000.0,11.160680770874023,415071,313,106644214120448.0,14.027937298194024,success
217,1798,119909470000.0,11.078853607177734,168106,60,290497797029888.0,14.463142843296431,success
228,1852,106969290000.0,11.02925968170166,979355,2553,10643940835328.0,13.027102451846845,success
229,1860,91598880000.0,10.96189022064209,343443,214,138947200024576.0,14.142849799575945,success
235,1896,103863680000.0,11.016464233398438,1341218,7810,6039436525568.0,12.780996421195312,success
241,1920,155613820000.0,11.192048072814941,17908,2,1033314370584576.0,15.014232469282954,success
242,1924,73844050000.0,10.868315696716309,1572823,15850,3375513468928.0,12.52833984524424,success
243,1940,138739940000.0,11.14220142364502,203923,83,128114512363520.0,14.107598327889981,success
245,1951,92942670000.0,10.968214988708496,1172923,4651,10005938962432.0,13.000257849300956,success
246,1965,136826634000.0,11.136171340942383,47315,8,398251614273536.0,14.600157544846473,success
249,1978,103745890000.0,11.015971183776855,381609,264,60795924774912.0,13.783874468958846,success
250,1988,88420835000.0,10.946555137634277,128624,39,334133456797696.0,14.523919963740937,success
254,2011,123044680000.0,11.090063095092773,328787,197,138800206446592.0,14.1423901120738,success
258,2033,131594780000.0,11.11923885345459,27880,4,841819696922624.0,14.925219083166255,success
264,2061,116469890000.0,11.066213607788086,418698,319,95636196163584.0,13.980622294147855,success
267,2079,149580530000.0,11.174875259399414,443557,360,96995049996288.0,13.986749571233755,success
268,2087,82679450000.0,10.917397499084473,429989,337,96431452979200.0,13.984218710535103,success
269,2097,110974500000.0,11.045223236083984,68212,14,437283203317760.0,14.640762795784122,success
275,2123,79587650000.0,10.900845527648926,1207349,5171,9006766620672.0,12.954568909644227,success
277,2137,153742800000.0,11.186795234680176,180645,67,278848855867392.0,14.445368866896443,success
284,2165,119974210000.0,11.07908821105957,474321,414,81897241706496.0,13.91326927499826,success
286,2181,89505210000.0,10.951848030090332,78524,18,407155215695872.0,14.609760002516866,success
287,2186,87602290000.0,10.94251537322998,679125,943,38863686860800.0,13.589543998202757,success
288,2192,143160430000.0,11.155823707580566,238666,109,188158054498304.0,14.274522813935697,success
289,2201,135558726000.0,11.13212776184082,421531,323,98153567092736.0,13.991906087334307,success
290,2208,127046710000.0,11.103963851928711,272151,139,146933045788672.0,14.167119481220379,success
294,2230,130410920000.0,11.115314483642578,355973,230,134836362674176.0,14.129807028543086,success
295,2240,104051220000.0,11.017247200012207,869730,1797,22812601352192.0,13.358174811295342,success
302,2293,100538190000.0,11.002330780029297,421528,323,98153567092736.0,13.991906087334307,success
305,2310,150023420000.0,11.176159858703613,734836,1145,31172694376448.0,13.493774341649688,success
308,2328,86171960000.0,10.935365676879883,68209,14,437283203317760.0,14.640762795784122,success
309,2332,150594620000.0,11.177809715270996,144438,47,183143579516928.0,14.262791698161662,success
311,2341,75005075000.0,10.875090599060059,94753,24,367364893835264.0,14.565097651855222,success
312,2353,145747690000.0,11.163601875305176,332312,201,151025663082496.0,14.179050751188042,success
313,2359,125572735000.0,11.098896026611328,146890,48,324151516594176.0,14.510748057859148,success
314,2366,119387144000.0,11.076957702636719,500510,467,73059776069632.0,13.863678336752544,success
315,2376,108796060000.0,11.036613464355469,760432,1251,31752647081984.0,13.501779936405264,success
317,2388,117480210000.0,11.069965362548828,804203,1451,25961900802048.0,13.414336486187658,success
319,2395,130033705000.0,11.114056587219238,425838,330,62948298981376.0,13.798983998892123,success
320,2401,76409670000.0,10.883148193359375,431132,339,30564960698368.0,13.485223841693184,success
321,2412,108712570000.0,11.036279678344727,97407,25,219906721185792.0,14.342238503254803,success
322,2419,103181010000.0,11.01360034942627,498948,464,80022396207104.0,13.90321155184105,success
323,2426,132209450000.0,11.121262550354004,323749,191,156477503307776.0,14.194451908070404,success
324,2436,64483762000.0,10.809450149536133,441827,357,94136631820288.0,13.973758655325673,success
325,2445,131186210000.0,11.117888450622559,728716,1121,34540905037824.0,13.538333712727198,success
326,2451,141244530000.0,11.149971961975098,721073,1093,21094633308160.0,13.324171980363701,success
328,2459,131229420000.0,11.11803150177002,556813,590,67743256674304.0,13.830866070987122,success
329,2469,144776200000.0,11.160697937011719,562839,605,61406233755648.0,13.788212461503669,success
332,2478,146906020000.0,11.16703987121582,17912,2,1033314370584576.0,15.014232469282954,success
334,2490,111677730000.0,11.047966957092285,644716,831,48571189559296.0,13.68637873992994,success
336,2500,94779680000.0,10.976715087890625,155568,53,184230525009920.0,14.265361589731892,success
337,2509,134785490000.0,11.129643440246582,949289,2323,20626481872896.0,13.314425159457262,success
339,2521,86056140000.0,10.934782028198242,486751,439,67240577728512.0,13.8276314362253,success
346,2562,110098370000.0,11.041781425476074,239857,110,164342309847040.0,14.215749386731398,success
347,2570,133382030000.0,11.125097274780273,228538,101,121944716345344.0,14.086162987825046,success
348,2575,134109720000.0,11.127460479736328,561060,600,63358732599296.0,13.801806481229207,success
350,2585,87757090000.0,10.943282127380371,333104,202,158652518367232.0,14.200446970254973,success
351,2595,138169100000.0,11.140411376953125,683595,957,45228916473856.0,13.655416183698563,success
352,2604,129962650000.0,11.113819122314453,913712,2071,20833110065152.0,13.318754108320794,success
354,2612,117400630000.0,11.069670677185059,198208,79,253893451710464.0,14.404651499917893,success
358,2641,130940560000.0,11.117074966430664,152076,51,316146536415232.0,14.499888428205248,success
360,2657,79928880000.0,10.902704238891602,27878,4,841819696922624.0,14.925219083166255,success
361,2664,63551365000.0,10.803125381469727,361285,237,74851809230848.0,13.874202302066884,success
366,2688,127954850000.0,11.107056617736816,78,0,1535789976518656.0,15.186331828797393,success
367,2696,121387170000.0,11.084173202514648,136963,43,343380722712576.0,14.53577591035154,success
370,2713,138416210000.0,11.14118766784668,535504,541,71958049849344.0,13.857079384924415,success
371,2719,122511380000.0,11.088176727294922,1485642,12162,4136569929728.0,12.616640370580058,success
373,2737,122164945000.0,11.086946487426758,487302,440,72182579331072.0,13.858432396831791,success
374,2744,127435375000.0,11.105290412902832,109278,30,389327343321088.0,14.590314906252068,success
375,2752,145619300000.0,11.163219451904297,1018932,2889,14872389615616.0,13.172380754231277,success
376,2757,125406570000.0,11.098320960998535,75827,17,416661488271360.0,14.619783360778436,success
379,2778,85433745000.0,10.931629180908203,905382,2018,20020386070528.0,13.301472448102505,success
383,2795,102808450000.0,11.012028694152832,456964,383,92625600249856.0,13.966731035393382,success
389,2828,150440430000.0,11.17736530303955,1233178,5605,8357128175616.0,12.922057063114387,success
391,2834,115532825000.0,11.062705993652344,366250,243,117173376778240.0,14.068828945882146,success
392,2841,128102466000.0,11.107558250427246,1408125,9603,5296648355840.0,12.7240011411086,success
393,2849,88074800000.0,10.944851875305176,0,0,1535789976518656.0,15.186331828797393,success
395,2863,69396740000.0,10.841339111328125,728716,1121,34540905037824.0,13.538333712727198,success
402,2899,126245620000.0,11.101216316223145,47318,8,398251614273536.0,14.600157544846473,success
403,2908,129742225000.0,11.113081932067871,1154505,4394,11126504947712.0,13.046358765386294,success
404,2915,123914130000.0,11.093121528625488,801837,1439,27253027110912.0,13.43541474824753,success
405,2922,151266150000.0,11.179741859436035,409329,304,64784951148544.0,13.811474135621111,success
406,2931,144393360000.0,11.159547805786133,503671,474,66994992840704.0,13.8260423450454,success
409,2948,128135760000.0,11.107670783996582,162664,57,301115828600832.0,14.478733585447387,success
410,2954,79553960000.0,10.900662422180176,626793,778,53514088742912.0,13.728468134503427,success
413,2969,146499110000.0,11.1658353805542,532548,534,63930919550976.0,13.80571095115751,success
414,2974,146372350000.0,11.165459632873535,464983,397,89933930823680.0,13.953923575930144,success
415,2979,100870160000.0,11.003763198852539,1026790,2958,16279280812032.0,13.21163521466466,success
416,2986,101403165000.0,11.006052017211914,267742,135,163210233643008.0,14.21274738649718,success
417,2991,152547230000.0,11.183404922485352,750741,1211,21409839448064.0,13.330613410541458,success
418,2994,99608390000.0,10.998295783996582,345893,217,144810090430464.0,14.160798824745035,success
420,3001,97485010000.0,10.988938331604004,337382,207,96327551680512.0,13.983750522134436,success
421,3009,138229900000.0,11.140602111816406,1037954,3061,11308811419648.0,13.053416962041833,success
422,3018,88147550000.0,10.945210456848145,128624,39,334133456797696.0,14.523919963740937,success
424,3024,149055320000.0,11.173347473144531,157541,54,314248664186880.0,14.497273440256166,success
426,3035,147926220000.0,11.170045852661133,431997,340,114998093283328.0,14.060690639628445,success
428,3045,139033530000.0,11.143119812011719,72656,16,379204239622144.0,14.578873184241477,success
429,3051,136061290000.0,11.133734703063965,1112700,3861,11366758875136.0,13.055636647334447,success
430,3056,89744020000.0,10.95300579071045,820851,1533,27039268601856.0,13.431994939988755,success
431,3064,143161870000.0,11.155827522277832,718942,1085,41799745798144.0,13.62117364065544,success
432,3069,100241510000.0,11.00104808807373,438136,350,93156901126144.0,13.96921503325251,success
433,3076,133619480000.0,11.125869750976562,89315,22,360359567294464.0,14.556736056763258,success
434,3082,152095100000.0,11.18211555480957,1153296,4378,10484561477632.0,13.020550270583207,success
436,3089,77992540000.0,10.892053604125977,86933,21,382146090893312.0,14.582229421392805,success
444,3147,157085140000.0,11.196135520935059,199580,80,193627108147200.0,14.286966159246084,success
446,3153,149381820000.0,11.174298286437988,17908,2,1033314370584576.0,15.014232469282954,success
447,3156,134825160000.0,11.12977123260498,164428,58,279208861368320.0,14.445929197555325,success
448,3162,158460740000.0,11.199921607971191,128624,39,334133456797696.0,14.523919963740937,success
449,3168,155501280000.0,11.191734313964844,611369,732,56478928994304.0,13.751886452628131,success
450,3174,74573640000.0,10.87258529663086,279583,145,155587975315456.0,14.191976029312148,success
451,3184,94970120000.0,10.97758674621582,870559,1802,17505071398912.0,13.243163886485814,success
452,3190,100754690000.0,11.003265380859375,1268280,6241,8060378021888.0,12.906355410163675,success
455,3201,96161480000.0,10.983001708984375,632688,795,52661088944128.0,13.721489835353722,success
457,3210,80027450000.0,10.903239250183105,674125,926,43106812559360.0,13.634545911068706,success
458,3220,121985710000.0,11.086309432983398,491697,449,65302595371008.0,13.814930442115935,success
459,3228,134387050000.0,11.128357887268066,623976,769,60123984691200.0,13.779047755548502,success
460,3231,157348150000.0,11.19686222076416,84202,20,431286791438336.0,14.63476615767462,success
461,3235,79873630000.0,10.902403831481934,933405,2208,16360019066880.0,13.213783805486646,success
464,3255,74097260000.0,10.869802474975586,491707,449,65302595371008.0,13.814930442115935,success
465,3264,90280820000.0,10.955595970153809,164501,58,279208861368320.0,14.445929197555325,success
467,3273,66214110000.0,10.820950508117676,322987,190,106295365468160.0,14.026514329476427,success
468,3278,101181650000.0,11.005102157592773,142409,46,176415714574336.0,14.246537268148105,success
471,3291,72035730000.0,10.857547760009766,628373,783,54372062986240.0,13.735375811326948,success
473,3304,150683940000.0,11.178067207336426,84202,20,431286791438336.0,14.63476615767462,success
476,3321,144395670000.0,11.159554481506348,503347,473,81075552387072.0,13.90888991630696,success
479,3334,80233690000.0,10.904356956481934,259549,127,201790498799616.0,14.304900713853124,success
481,3344,80217750000.0,10.90427017211914,111938,31,390177377746944.0,14.591262085651834,success
482,3350,140465060000.0,11.147568702697754,477875,421,50628604723200.0,13.704395958803694,success
483,3355,104451340000.0,11.018914222717285,551199,577,63530560651264.0,13.802982687960412,success
485,3364,123928200000.0,11.093170166015625,942672,2275,10886938886144.0,13.036905785014008,success
486,3373,108921300000.0,11.037113189697266,952201,2344,14210261057536.0,13.152602056450053,success
488,3383,86827926000.0,10.93865966796875,439883,353,86192754262016.0,13.935470758675221,success
489,3390,125204505000.0,11.097620010375977,1079883,3486,12300929990656.0,13.08993794676802,success
491,3399,105429385000.0,11.022961616516113,42631,7,581220677189632.0,14.764341056124303,success
492,3406,105997870000.0,11.025297164916992,357658,232,138538993582080.0,14.141572028375624,success
496,3426,109151690000.0,11.038030624389648,238668,109,188158054498304.0,14.274522813935697,success
497,3432,121789380000.0,11.085609436035156,102598,27,456104488206336.0,14.659064345851233,success
498,3439,81174520000.0,10.909420013427734,438136,350,93156901126144.0,13.96921503325251,success
499,3447,84952930000.0,10.929178237915039,205503,84,158344471904256.0,14.19960290595621,success
501,3464,88505246000.0,10.946969032287598,1007331,2786,4700521889792.0,12.672146079483355,success
502,3475,93685604000.0,10.971673011779785,585486,661,46589586440192.0,13.668288855381904,success
503,3481,66495463000.0,10.822792053222656,428353,334,104113522081792.0,14.017507138579992,success
504,3489,90398340000.0,10.956160545349121,164457,58,279208861368320.0,14.445929197555325,success
505,3495,68027700000.0,10.832685470581055,264563,132,179053478805504.0,14.252982763277869,success
506,3504,128750020000.0,11.109747886657715,957253,2382,17989472616448.0,13.255018431654404,success
507,3507,97392410000.0,10.988525390625,348989,221,122974577360896.0,14.089815338650387,success
508,3512,129407410000.0,11.111959457397461,655645,865,47775798525952.0,13.679207954597096,success
509,3516,149003960000.0,11.173197746276855,120494,35,381228075188224.0,14.581184876358591,success
510,3524,126969676000.0,11.103700637817383,914889,2079,20420856119296.0,13.310073945394976,success
511,3526,113371505000.0,11.05450439453125,250515,119,170198598418432.0,14.230955979358162,success
513,3533,152678500000.0,11.183777809143066,1023349,2927,15771018199040.0,13.19785973289452,success
515,3538,64313690000.0,10.808303833007812,116080,33,369590794190848.0,14.56772114522689,success
516,3545,136210300000.0,11.134210586547852,495517,457,66661625364480.0,13.823875898556722,success
518,3560,122623600000.0,11.088574409484863,706957,1042,39596536627200.0,13.597657201342832,success
519,3566,88058405000.0,10.944770812988281,447501,367,99850288889856.0,13.999349325722383,success
520,3572,142786120000.0,11.154685974121094,58082,11,547336941993984.0,14.738254761430827,success
521,3576,120556840000.0,11.081192016601562,350644,223,131011845292032.0,14.117310563689344,success
522,3582,124841810000.0,11.096360206604004,11748,1,1307340129173504.0,15.116388592175756,success
524,3590,132803715000.0,11.123210906982422,636432,806,45201494114304.0,13.655152790450169,success
529,3621,153672860000.0,11.18659782409668,264563,132,179053478805504.0,14.252982763277869,success
532,3628,89425410000.0,10.951460838317871,1501765,12770,3957052932096.0,12.597371859708398,success
534,3637,83805905000.0,10.923274993896484,923174,2136,20792054120448.0,13.317897396936461,success
537,3655,139853630000.0,11.145673751831055,94753,24,367364893835264.0,14.565097651855222,success
538,3660,145047040000.0,11.16150951385498,900517,1986,21508319608832.0,13.332606481372164,success
541,3669,138967000000.0,11.142911911010742,913806,2072,20792584699904.0,13.317908479284966,success
542,3676,108161520000.0,11.034072875976562,466819,400,67376317988864.0,13.828507273774644,success
544,3685,100010950000.0,11.00004768371582,27879,4,841819696922624.0,14.925219083166255,success
545,3693,112716990000.0,11.051989555358887,237512,108,199525524307968.0,14.299998460709714,success
549,3716,144081190000.0,11.158607482910156,526288,520,58895720513536.0,13.77008373918645,success
550,3722,116967720000.0,11.068066596984863,144482,47,183143579516928.0,14.262791698161662,success
551,3728,97192485000.0,10.987632751464844,908231,2036,21378533163008.0,13.329977903816378,success
552,3734,145992470000.0,11.16433048248291,215608,91,164138567335936.0,14.21521063841577,success
554,3742,77496110000.0,10.889280319213867,686641,968,38998793781248.0,13.591051174661136,success
555,3750,154191150000.0,11.18805980682373,186249,71,276122960920576.0,14.441102521766004,success
557,3757,121317420000.0,11.08392333984375,227131,100,179395750789120.0,14.253812152026397,success
558,3763,70634880000.0,10.849019050598145,686641,968,38998793781248.0,13.591051174661136,success
560,3771,136065080000.0,11.133747100830078,55060,10,635853466501120.0,14.803357043286407,success
561,3775,140008500000.0,11.146154403686523,373072,252,118042587561984.0,14.072038720919199,success
563,3778,78490990000.0,10.894820213317871,225691,99,137743803875328.0,14.139072072109837,success
564,3786,126944380000.0,11.10361385345459,307862,174,128181143076864.0,14.107824140159273,success
566,3796,69559525000.0,10.84235668182373,1320752,7333,5003180244992.0,12.699246149094753,success
568,3809,156184940000.0,11.193639755249023,653080,857,45056484442112.0,13.653757302635166,success
573,3825,108572205000.0,11.03571891784668,42633,7,581220677189632.0,14.764341056124303,success
574,3828,135493690000.0,11.131919860839844,22738,3,899670222045184.0,14.95408334611498,success
578,3842,125581664000.0,11.098926544189453,393217,280,87607643996160.0,13.94254200115118,success
580,3856,92252030000.0,10.96497631072998,189037,73,205733010341888.0,14.313303980849449,success
581,3866,158280420000.0,11.199427604675293,910495,2051,17799982350336.0,13.250419571682182,success
582,3870,136105020000.0,11.133874893188477,22736,3,899670222045184.0,14.95408334611498,success
583,3875,116527640000.0,11.066429138183594,381609,264,60795924774912.0,13.783874468958846,success
587,3890,149866580000.0,11.175704956054688,142409,46,176415714574336.0,14.246537268148105,success
590,3901,118947130000.0,11.07535457611084,1647247,19868,2410542006272.0,12.382114703930696,success
591,3910,154806160000.0,11.189788818359375,827818,1568,29379719593984.0,13.468047646479201,success
592,3913,135029240000.0,11.130428314208984,967150,2458,17073396776960.0,13.23231993322566,success
594,3918,148371540000.0,11.171350479125977,875355,1831,21163868684288.0,13.325595058196155,success
596,3928,125867310000.0,11.099913597106934,16,0,1535789976518656.0,15.186331828797393,success
599,3940,99299390000.0,10.996946334838867,192574,75,134628685905920.0,14.129137606717837,success
600,3944,140044900000.0,11.146267890930176,33214,5,733527398154240.0,14.865416339917514,success
601,3950,144994140000.0,11.161351203918457,416322,315,87792570859520.0,13.943457766803315,success
603,3960,145462690000.0,11.162752151489258,773805,1310,31058701582336.0,13.492183295970344,success
604,3965,71484680000.0,10.854212760925293,33175,5,733527398154240.0,14.865416339917514,success
605,3969,73941060000.0,10.86888599395752,413606,311,85799353712640.0,13.933484016518971,success
606,3975,63164470000.0,10.8004732131958,968309,2467,18016039337984.0,13.255659321453376,success
607,3982,87598080000.0,10.94249439239502,815778,1507,28647563984896.0,13.457087698104562,success
608,3989,104934064000.0,11.020916938781738,479387,424,75413711749120.0,13.877450316633473,success
609,3994,103178810000.0,11.013590812683105,42632,7,581220677189632.0,14.764341056124303,success
612,4008,77713620000.0,10.890497207641602,387498,272,126265109512192.0,14.101283359742256,success
613,4014,126894785000.0,11.10344409942627,797187,1417,29106238390272.0,13.46398608204797,success
614,4018,87611600000.0,10.942562103271484,773022,1306,34307722706944.0,13.535391891223417,success
617,4036,122553790000.0,11.088327407836914,278412,144,177805841137664.0,14.24994602396933,success
618,4040,122128474000.0,11.086816787719727,399176,289,82948426563584.0,13.918808152370818,success
621,4054,142236060000.0,11.153010368347168,731618,1132,35268874731520.0,13.547391603537989,success
622,4058,108135416000.0,11.033967971801758,633327,797,34029176881152.0,13.531851444238418,success
623,4066,119434810000.0,11.077131271362305,11831,1,1307340129173504.0,15.116388592175756,success
624,4073,99081355000.0,10.995991706848145,72657,16,379204239622144.0,14.578873184241477,success
627,4089,95340085000.0,10.979275703430176,284417,150,88344214110208.0,13.946178111711578,success
628,4094,85252330000.0,10.930706024169922,311727,178,91614747820032.0,13.961965390494417,success
629,4098,94098480000.0,10.973583221435547,70151,15,497315974479872.0,14.696632409598273,success
630,4106,79189110000.0,10.898665428161621,403479,295,115490999500800.0,14.062548139903948,success
633,4126,140906430000.0,11.148931503295898,642529,824,22897445830656.0,13.359787040264878,success
635,4136,128007864000.0,11.107236862182617,443557,360,96995049996288.0,13.986749571233755,success
636,4140,85468870000.0,10.931808471679688,1447709,10842,4746088808448.0,12.676335860442226,success
637,4145,134421070000.0,11.128467559814453,1163547,4522,7754560307200.0,12.889557177833648,success
639,4160,83558020000.0,10.921988487243652,348996,221,122974577360896.0,14.089815338650387,success
640,4162,158232530000.0,11.199295997619629,352149,225,128242103091200.0,14.108030631565473,success
641,4166,153895700000.0,11.187227249145508,815238,1504,27701498871808.0,13.442503268492034,success
642,4170,136978840000.0,11.136653900146484,17911,2,1033314370584576.0,15.014232469282954,success
644,4185,117330670000.0,11.069412231445312,907192,2030,23906933014528.0,13.37852386468535,success
645,4188,123756920000.0,11.092569351196289,592363,680,52192434192384.0,13.717607552300327,success
646,4193,74652740000.0,10.873045921325684,513664,495,79554680979456.0,13.90066573852362,success
647,4199,110724555000.0,11.044243812561035,245924,115,127064946507776.0,14.104025757966163,success
648,4204,94643450000.0,10.976090431213379,350629,223,131011845292032.0,14.117310563689344,success
649,4209,157470570000.0,11.197199821472168,671475,917,44073725460480.0,13.64417976207212,success
651,4218,112933190000.0,11.05282211303711,0,0,1535789976518656.0,15.186331828797393,success
652,4223,106943560000.0,11.029154777526855,1466554,11477,4250421952512.0,12.628432045944736,success
653,4227,126146430000.0,11.100874900817871,120494,35,381228075188224.0,14.581184876358591,success
654,4230,71986300000.0,10.857250213623047,1085271,3547,13336510988288.0,13.125042227127562,success
655,4234,89841060000.0,10.953474998474121,471317,408,82125034356736.0,13.914475564253532,success
656,4240,150235090000.0,11.176772117614746,142409,46,176415714574336.0,14.246537268148105,success
657,4244,98990040000.0,10.99559211730957,97407,25,219906721185792.0,14.342238503254803,success
658,4250,66650935000.0,10.823806762695312,279583,145,155587975315456.0,14.191976029312148,success
659,4257,91502440000.0,10.961432456970215,18287,2,1033314370584576.0,15.014232469282954,success
660,4260,113808744000.0,11.05617618560791,690131,980,42988763873280.0,13.633354957312129,success
661,4266,72793980000.0,10.862095832824707,0,0,1535789976518656.0,15.186331828797393,success
662,4274,116560150000.0,11.066550254821777,438756,351,97704793341952.0,13.989915870483305,success
663,4279,83257680000.0,10.920424461364746,1273999,6352,7987564904448.0,12.902414400121586,success
666,4304,125056205000.0,11.097105979919434,813198,1494,15812613111808.0,13.199003645154413,success
668,4308,126933420000.0,11.10357666015625,380128,262,116867452633088.0,14.067693577800224,success
669,4313,66353488000.0,10.821864128112793,293457,159,169744321740800.0,14.229795255247776,success
670,4321,133156620000.0,11.12436294555664,974378,2514,9527186423808.0,12.978964663384799,success
671,4325,100812950000.0,11.00351619720459,439883,353,86192754262016.0,13.935470758675221,success
674,4338,134559760000.0,11.128915786743164,0,0,1535789976518656.0,15.186331828797393,success
675,4343,101269110000.0,11.005476951599121,1234040,5619,6668961185792.0,12.824058189776517,success
676,4346,120366960000.0,11.080507278442383,413606,311,85799353712640.0,13.933484016518971,success
677,4351,120007290000.0,11.079208374023438,225690,99,137743803875328.0,14.139072072109837,success
678,4359,88053760000.0,10.944747924804688,433067,342,63594288906240.0,13.80341811552461,success
679,4362,97916510000.0,10.990856170654297,432003,340,114998093283328.0,14.060690639628445,success
681,4367,154023940000.0,11.187588691711426,345893,217,144810090430464.0,14.160798824745035,success
682,4371,65516003000.0,10.816347122192383,58083,11,547336941993984.0,14.738254761430827,success
683,4380,125142655000.0,11.097405433654785,140775,45,305942902079488.0,14.485640381953425,success
684,4384,140698830000.0,11.148290634155273,705172,1036,26848679428096.0,13.42892292946965,success
685,4389,68505907000.0,10.835728645324707,514130,496,49817002704896.0,13.69737759417835,success
688,4398,147795660000.0,11.169661521911621,1409345,9639,4770714615808.0,12.678583437836059,success
689,4401,158374580000.0,11.199686050415039,591184,677,50944049938432.0,13.707093467443423,success
691,4407,136111140000.0,11.133893966674805,1108191,3809,12658882379776.0,13.102395364629059,success
692,4410,97596880000.0,10.989436149597168,1072187,3402,12136801632256.0,13.084104253751615,success
693,4416,134072164000.0,11.127339363098145,214510,90,239398222299136.0,14.379120921139139,success
694,4420,84558090000.0,10.927155494689941,18287,2,1033314370584576.0,15.014232469282954,success
696,4434,147920780000.0,11.170029640197754,109278,30,389327343321088.0,14.590314906252068,success
697,4437,88245960000.0,10.945694923400879,22736,3,899670222045184.0,14.95408334611498,success
698,4444,67929674000.0,10.832059860229492,779541,1335,31823870558208.0,13.502752999315733,success
699,4454,130880496000.0,11.116875648498535,713886,1066,40706693398528.0,13.60966582610585,success
700,4459,101074960000.0,11.004643440246582,585024,660,56467705036800.0,13.751800137478204,success
701,4464,138036530000.0,11.139994621276855,132753,41,357260815499264.0,14.552985385232217,success
702,4468,142071330000.0,11.152506828308105,453937,378,51961936216064.0,13.71568532547038,success
703,4471,122884520000.0,11.089497566223145,142408,46,176415714574336.0,14.246537268148105,success
704,4475,127022290000.0,11.103879928588867,322988,190,106295365468160.0,14.026514329476427,success
705,4483,153161470000.0,11.185150146484375,541367,554,70259662913536.0,13.84670606183599,success
707,4487,96919480000.0,10.986411094665527,37492,6,459285179924480.0,14.662082431960792,success
708,4494,71767520000.0,10.855928421020508,578012,642,40866697707520.0,13.61136954533711,success
709,4503,68653380000.0,10.836662292480469,567315,616,52349397630976.0,13.718911688745553,success
710,4512,157495330000.0,11.197267532348633,418149,318,58181103386624.0,13.764781953249615,success
713,4521,91909330000.0,10.963359832763672,703468,1030,37313014923264.0,13.571860341821226,success
715,4536,70995570000.0,10.851231575012207,270904,138,156064733462528.0,14.193304774984238,success
717,4551,110958625000.0,11.045161247253418,263571,131,185050360446976.0,14.267289935364555,success
718,4558,133979500000.0,11.127038955688477,1268514,6246,6339519053824.0,12.802056311479028,success
720,4566,68641427000.0,10.836585998535156,436297,347,51592959098880.0,13.712590437418966,success
721,4571,149327040000.0,11.174139022827148,1496617,12572,3089179869184.0,12.489843196070908,success
722,4575,143319150000.0,11.156304359436035,452185,375,94402114486272.0,13.974981722046326,success
723,4579,109760510000.0,11.040446281433105,578754,644,58801696800768.0,13.769389858398895,success
724,4583,127896764000.0,11.106860160827637,203921,83,128114512363520.0,14.107598327889981,success
725,4586,127160360000.0,11.104351997375488,181998,68,276792942264320.0,14.442155012176563,success
727,4591,96441120000.0,10.984262466430664,47316,8,398251614273536.0,14.600157544846473,success
728,4598,137080440000.0,11.13697624206543,511289,490,70984920989696.0,13.851166103275734,success
730,4604,146947230000.0,11.16716194152832,272151,139,146933045788672.0,14.167119481220379,success
732,4612,108534570000.0,11.035568237304688,249440,118,192892568076288.0,14.28531549511078,success
733,4615,120556770000.0,11.081192016601562,309686,176,137337300320256.0,14.137788506087608,success
734,4619,77557550000.0,10.88962459564209,713886,1066,40706693398528.0,13.60966582610585,success
736,4626,66702647000.0,10.824143409729004,22736,3,899670222045184.0,14.95408334611498,success
737,4631,85082370000.0,10.929840087890625,772408,1303,32452477190144.0,13.511247853338192,success
738,4636,87993710000.0,10.944451332092285,57,0,1535789976518656.0,15.186331828797393,success
739,4645,64856478000.0,10.8119535446167,907488,2032,14476172591104.0,13.160653752311077,success
740,4653,138096740000.0,11.140183448791504,1057750,3253,14721379991552.0,13.167948522951534,success
741,4656,92866680000.0,10.967860221862793,659314,877,48391908229120.0,13.684772747899844,success
744,4681,114486600000.0,11.058754920959473,318336,185,136576881393664.0,14.135377191784158,success
745,4689,150044200000.0,11.176219940185547,208574,86,192014666694656.0,14.283334402772732,success
746,4690,68660957000.0,10.836709976196289,988554,2627,15364548198400.0,13.186519794151351,success
748,4700,135200090000.0,11.130977630615234,929293,2180,21220162535424.0,13.326748706048235,success
749,4702,126981300000.0,11.103739738464355,75,0,1535789976518656.0,15.186331828797393,success
750,4705,112144876000.0,11.049779891967773,767273,1280,29936356163584.0,13.476198937144144,success
751,4710,72120290000.0,10.858057975769043,308891,175,148736479068160.0,14.172417496531807,success
752,4718,141884240000.0,11.151934623718262,1123296,3988,11500716556288.0,13.060724900070745,success
753,4722,157133100000.0,11.196268081665039,265672,133,198890708008960.0,14.29861449375943,success
754,4725,113589770000.0,11.055339813232422,371737,250,78968426332160.0,13.897453483561133,success
755,4729,73017730000.0,10.863428115844727,193827,76,236042040901632.0,14.372989361044427,success
757,4738,120263870000.0,11.080135345458984,375020,255,107881324085248.0,14.032946268142254,success
758,4743,137729400000.0,11.139026641845703,411683,308,100990426546176.0,14.004280206503156,success
759,4746,137710290000.0,11.13896656036377,929901,2184,19356259975168.0,13.286821446512773,success
760,4750,110747660000.0,11.044334411621094,558484,594,68042126000128.0,13.832777874836172,success
761,4753,91453080000.0,10.961198806762695,70146,15,497315974479872.0,14.696632409598273,success
762,4758,145189770000.0,11.16193675994873,562060,603,62055935639552.0,13.792783328013899,success
763,4762,75760570000.0,10.879443168640137,238673,109,188158054498304.0,14.274522813935697,success
764,4767,119303780000.0,11.076654434204102,490787,447,82554036158464.0,13.916738311257179,success
765,4774,153756390000.0,11.186833381652832,92076,23,392225506721792.0,14.593535832749234,success
766,4777,116041564000.0,11.064614295959473,352150,225,128242103091200.0,14.108030631565473,success
767,4781,70139420000.0,10.845962524414062,518463,504,72348950593536.0,13.85943223614971,success
768,4787,109657300000.0,11.040038108825684,1049509,3172,13766915784704.0,13.138836655746188,success
770,4802,131073360000.0,11.117514610290527,1493177,12440,4164171333632.0,12.619528590127679,success
771,4804,98633030000.0,10.994022369384766,428848,335,52758300327936.0,13.722290795780912,success
773,4811,154280120000.0,11.188310623168945,75826,17,416661488271360.0,14.619783360778436,success
774,4815,119274545000.0,11.076547622680664,152076,51,316146536415232.0,14.499888428205248,success
775,4820,126154610000.0,11.100903511047363,1217058,5336,9389218988032.0,12.972629468379552,success
776,4826,89192420000.0,10.95032787322998,575280,635,56298792026112.0,13.750499076520583,success
777,4829,137665940000.0,11.138826370239258,1539719,14340,3610367754240.0,12.557551441657068,success
778,4833,98529130000.0,10.99356460571289,339339,209,136998895484928.0,14.13671706579338,success
779,4840,126207790000.0,11.101086616516113,879041,1853,25921962639360.0,13.413667880345761,success
780,4844,64454377000.0,10.809252738952637,559742,597,66684287188992.0,13.824023513211595,success
781,4851,95124290000.0,10.978291511535645,339339,209,136998895484928.0,14.13671706579338,success
782,4857,104834105000.0,11.020503044128418,627025,779,52454708215808.0,13.719784475568206,success
785,4878,142262910000.0,11.153092384338379,27887,4,841819696922624.0,14.925219083166255,success
787,4883,157470690000.0,11.197199821472168,666804,901,44662182117376.0,13.649939938134969,success
788,4886,146283180000.0,11.165194511413574,86933,21,382146090893312.0,14.582229421392805,success
789,4888,139239640000.0,11.143763542175293,100238,26,278377265102848.0,14.444633763828051,success
791,4903,96517220000.0,10.984604835510254,880050,1859,25785274466304.0,13.411371758529892,success
792,4908,150454780000.0,11.177406311035156,923417,2138,19700627013632.0,13.294480048711188,success
793,4912,143170100000.0,11.155852317810059,164465,58,279208861368320.0,14.445929197555325,success
795,4922,107200650000.0,11.030198097229004,308891,175,148736479068160.0,14.172417496531807,success
796,4931,92257640000.0,10.965002059936523,203950,83,128114512363520.0,14.107598327889981,success
797,4936,152823050000.0,11.184188842773438,550405,575,73962927161344.0,13.869014090492321,success
798,4940,71473110000.0,10.854143142700195,735654,1148,34034721751040.0,13.531922204404937,success
799,4947,105041490000.0,11.021361351013184,884494,1887,24873199992832.0,13.39573166182115,success
800,4955,70803510000.0,10.850054740905762,285626,151,177005769261056.0,14.24798742182739,success
801,4962,100340425000.0,11.001476287841797,1563984,15426,3480118362112.0,12.541594014963232,success
802,4965,90255550000.0,10.955473899841309,466138,399,61582495186944.0,13.789457281578665,success
803,4970,96576676000.0,10.984872817993164,896716,1963,25916585541632.0,13.413577783537026,success
804,4975,88701740000.0,10.947932243347168,782503,1349,31281700143104.0,13.495290348694184,success
805,4983,128924910000.0,11.110337257385254,435536,346,41210869710848.0,13.615011779936783,success
806,4987,94342910000.0,10.974709510803223,928899,2177,21089774206976.0,13.324071930086129,success
807,4993,116730010000.0,11.067182540893555,405461,298,100322039037952.0,14.001396350579261,success
808,4996,141945100000.0,11.152120590209961,27878,4,841819696922624.0,14.925219083166255,success
809,4999,143305470000.0,11.15626335144043,196895,78,260628933509120.0,14.416022626901675,success
810,5002,133417845000.0,11.125214576721191,181998,68,276792942264320.0,14.442155012176563,success
812,5006,67945970000.0,10.83216381072998,729518,1124,38539488133120.0,13.58590594222297,success
814,5016,102132320000.0,11.009162902832031,921786,2126,18991305195520.0,13.278554813064211,success
815,5019,70861545000.0,10.850410461425781,1138482,4177,9198640300032.0,12.9637236367114,success
816,5023,114759270000.0,11.05978775024414,11783,1,1307340129173504.0,15.116388592175756,success
817,5029,94076340000.0,10.973480224609375,166136,59,213580418908160.0,14.329561433984113,success
818,5034,116771170000.0,11.067336082458496,480348,426,84509076750336.0,13.926903357125804,success
819,5038,126233936000.0,11.101176261901855,710675,1055,37720340561920.0,13.576575605154764,success
820,5041,153058070000.0,11.184856414794922,713886,1066,40706693398528.0,13.60966582610585,success
821,5042,120418100000.0,11.080692291259766,53,0,1535789976518656.0,15.186331828797393,success
822,5046,149876790000.0,11.175734519958496,1026367,2954,13334193635328.0,13.124966757534997,success
823,5047,88062484000.0,10.944790840148926,1045670,3135,7024994680832.0,12.846645999739227,success
824,5052,63828894000.0,10.805017471313477,1314073,7187,6563024601088.0,12.817104032185728,success
826,5067,122754860000.0,11.089038848876953,924321,2145,13190578569216.0,13.120263845122347,success
827,5073,107060170000.0,11.029627799987793,301165,167,163859293798400.0,14.214471078802891,success
828,5079,120503026000.0,11.080998420715332,994818,2681,12201187344384.0,13.086402095594666,success
829,5086,131301910000.0,11.118271827697754,323749,191,156477503307776.0,14.194451908070404,success
831,5099,74105470000.0,10.869850158691406,1035339,3037,13833814933504.0,13.140941961461529,success
832,5105,109167010000.0,11.038091659545898,186177,71,276122960920576.0,14.441102521766004,success
833,5111,129181370000.0,11.111200332641602,1275170,6374,7734688219136.0,12.888442812225716,success
836,5123,86267640000.0,10.935848236083984,183493,69,269337868894208.0,14.43029741949233,success
837,5128,150047970000.0,11.176230430603027,1080913,3498,11669949382656.0,13.067068972336642,success
839,5143,113637690000.0,11.055522918701172,389917,275,100861292314624.0,14.003724528383044,success
840,5149,150080160000.0,11.176323890686035,1260037,6082,6346453286912.0,12.802531087772934,success
841,5151,63503180000.0,10.80279541015625,606900,719,52121881804800.0,13.71702008706141,success
842,5159,81661485000.0,10.912017822265625,1456962,11149,4499827064832.0,12.653195823501484,success
843,5165,147519550000.0,11.16884994506836,200926,81,272367582445568.0,14.435155416005761,success
847,5185,79581720000.0,10.900813102722168,412328,309,102281827581952.0,14.009798479440981,success
848,5191,116517560000.0,11.066391944885254,186177,71,276122960920576.0,14.441102521766004,success
849,5196,141527500000.0,11.150840759277344,1369420,8522,5819681734656.0,12.764899234707945,success
850,5197,120344170000.0,11.080425262451172,148391,49,324038740148224.0,14.510596934980795,success
851,5201,107111230000.0,11.02983570098877,801346,1437,13160667938816.0,13.119277931434524,success
852,5209,75782730000.0,10.879570007324219,925219,2151,17852350332928.0,13.251695400808229,success
853,5217,145048940000.0,11.161515235900879,1318511,7285,6757963792384.0,12.829815860595144,success
854,5218,89202745000.0,10.95037841796875,160830,56,296168328265728.0,14.47153861395946,success
855,5222,137900500000.0,11.139566421508789,561452,601,72005806194688.0,13.857367517218025,success
856,5226,146547440000.0,11.16597843170166,402163,293,100814081228800.0,14.003521196522815,success
857,5228,110857930000.0,11.044767379760742,501498,469,79334874284032.0,13.899464137881631,success
858,5233,98380820000.0,10.992910385131836,389917,275,100861292314624.0,14.003724528383044,success
859,5240,68925555000.0,10.838380813598633,750022,1208,33857629847552.0,13.529656552705065,success
860,5247,94645805000.0,10.976101875305176,248330,117,221948206383104.0,14.34625163973729,success
861,5257,155359410000.0,11.191337585449219,1472424,11680,3938927247360.0,12.59537795939206,success
862,5259,133003130000.0,11.123862266540527,220542,95,183994033373184.0,14.264803739775207,success
863,5264,124548130000.0,11.095337867736816,33222,5,733527398154240.0,14.865416339917514,success
864,5266,74679300000.0,10.873200416564941,636432,806,45201494114304.0,13.655152790450169,success
865,5276,127990555000.0,11.107178688049316,1254694,5982,7385485672448.0,12.868379059963306,success
866,5281,125643640000.0,11.099141120910645,1255575,6000,8199570194432.0,12.913791088105835,success
867,5285,105654230000.0,11.023887634277344,337382,207,96327551680512.0,13.983750522134436,success
868,5289,79562350000.0,10.900708198547363,302081,168,173127850000384.0,14.238366935747166,success
869,5300,121821635000.0,11.085724830627441,47417,8,398251614273536.0,14.600157544846473,success
870,5302,150817200000.0,11.178451538085938,212866,89,103673405374464.0,14.015667364099745,success
871,5305,142668610000.0,11.154328346252441,396773,285,131206410665984.0,14.117955054924138,success
872,5309,152445080000.0,11.183114051818848,124333,37,197666877210624.0,14.2959339012316,success
873,5310,117760205000.0,11.070999145507812,999087,2715,9734858997760.0,12.988329665466914,success
874,5317,143982380000.0,11.158309936523438,574560,633,54819410673664.0,13.738934362422897,success
875,5318,64696127000.0,10.81087875366211,829614,1577,20618376380416.0,13.314254463237098,success
876,5324,84010344000.0,10.924332618713379,1199207,5045,8914172116992.0,12.950081015294046,success
877,5329,70343400000.0,10.847223281860352,175556,64,279798244966400.0,14.446844986053598,success
879,5345,142579290000.0,11.154056549072266,350629,223,131011845292032.0,14.117310563689344,success
880,5346,131769890000.0,11.119816780090332,64971,13,553877338324992.0,14.743413596521044,success
881,5350,73498530000.0,10.866278648376465,1700919,23373,2254336163840.0,12.353018677998888,success
882,5354,101879780000.0,11.008088111877441,340757,211,129321414950912.0,14.111670447733607,success
883,5360,121656760000.0,11.085136413574219,225691,99,137743803875328.0,14.139072072109837,success
885,5375,143542270000.0,11.156980514526367,679490,944,41599903989760.0,13.619092328300647,success
886,5378,127123900000.0,11.104227066040039,33174,5,733527398154240.0,14.865416339917514,success
887,5385,139888260000.0,11.145781517028809,573173,630,73435887697920.0,13.865908349019634,success
888,5386,135689440000.0,11.132546424865723,181998,68,276792942264320.0,14.442155012176563,success
889,5389,65625840000.0,10.8170747756958,611975,734,54984578170880.0,13.740240897595,success
890,5398,130341300000.0,11.115082740783691,136963,43,343380722712576.0,14.53577591035154,success
891,5401,151612280000.0,11.180734634399414,307871,174,128181143076864.0,14.107824140159273,success
892,5403,68218940000.0,10.833905220031738,493995,454,64366418329600.0,13.808659343477768,success
893,5406,97855380000.0,10.990585327148438,17921,2,1033314370584576.0,15.014232469282954,success
894,5412,120792300000.0,11.082039833068848,120494,35,381228075188224.0,14.581184876358591,success
896,5427,139936120000.0,11.145930290222168,568193,618,61449854517248.0,13.788520859029939,success
897,5429,123196424000.0,11.090598106384277,538738,548,75069074178048.0,13.875461059774146,success
899,5438,81511270000.0,10.91121768951416,142408,46,176415714574336.0,14.246537268148105,success
900,5443,146584830000.0,11.166089057922363,362897,239,113186665660416.0,14.053795266329251,success
901,5445,144727600000.0,11.160552024841309,78524,18,407155215695872.0,14.609760002516866,success
902,5447,155730210000.0,11.192373275756836,0,0,1535789976518656.0,15.186331828797393,success
903,5448,83155530000.0,10.919891357421875,619135,754,54715698118656.0,13.738111944765201,success
904,5454,134656246000.0,11.129226684570312,146890,48,324151516594176.0,14.510748057859148,success
905,5458,64761426000.0,10.81131649017334,106816,29,212362409803776.0,14.327077644897338,success
906,5461,116760950000.0,11.06729793548584,211746,88,223381030961152.0,14.349046290987863,success
907,5466,121798510000.0,11.085641860961914,831326,1586,27962835468288.0,13.44658120733812,success
908,5471,108674420000.0,11.036128044128418,370119,248,105788097953792.0,14.02443680868444,success
910,5484,114528850000.0,11.058915138244629,1257486,6035,7341642612736.0,12.865793239457753,success
911,5489,132728610000.0,11.122964859008789,941053,2264,19677424123904.0,13.293968246433106,success
912,5492,142208170000.0,11.152924537658691,64941,13,553877338324992.0,14.743413596521044,success
913,5494,139592800000.0,11.14486312866211,1074776,3430,13386115973120.0,13.126654583275272,success
914,5497,82346120000.0,10.915643692016602,575280,635,56298792026112.0,13.750499076520583,success
915,5499,82900160000.0,10.91855525970459,166136,59,213580418908160.0,14.329561433984113,success
916,5507,144761910000.0,11.16065502166748,917880,2099,21272591335424.0,13.32782039700789,success
917,5510,77675760000.0,10.89028549194336,1583419,16374,3124904067072.0,12.494836689270246,success
918,5514,128848680000.0,11.11008071899414,845914,1664,24091436253184.0,13.381862691996636,success
919,5517,136911940000.0,11.136441230773926,189037,73,205733010341888.0,14.313303980849449,success
920,5519,149287500000.0,11.174023628234863,391418,277,111711847710720.0,14.048099235089909,success
921,5522,148221300000.0,11.170910835266113,0,0,1535789976518656.0,15.186331828797393,success
922,5523,127724710000.0,11.10627555847168,51,0,1535789976518656.0,15.186331828797393,success
923,5525,73664406000.0,10.867258071899414,815054,1503,25337404588032.0,13.403762126300208,success
924,5530,144424600000.0,11.15964126586914,106818,29,212362409803776.0,14.327077644897338,success
925,5534,121189900000.0,11.083466529846191,700626,1019,40530692014080.0,13.607784018874451,success
926,5538,117162740000.0,11.0687894821167,495517,457,66661625364480.0,13.823875898556722,success
928,5549,73114830000.0,10.864006042480469,682361,953,42904617746432.0,13.632504037030138,success
929,5555,146967670000.0,11.167222023010254,801144,1436,17782032826368.0,13.249981407635843,success
930,5558,112820770000.0,11.052389144897461,477875,421,50628604723200.0,13.704395958803694,success
931,5562,103637205000.0,11.01551628112793,64929,13,553877338324992.0,14.743413596521044,success
933,5573,149712470000.0,11.17525863647461,396774,285,131206410665984.0,14.117955054924138,success
934,5574,135558190000.0,11.132125854492188,890075,1922,22694770769920.0,13.355925800479987,success
936,5584,94668620000.0,10.976205825805664,238679,109,188158054498304.0,14.274522813935697,success
937,5587,81754680000.0,10.91251277923584,260599,128,167641163497472.0,14.224380666351609,success
938,5591,133885880000.0,11.126734733581543,435536,346,41210869710848.0,13.615011779936783,success
939,5594,109280420000.0,11.038542747497559,1162355,4505,10473940451328.0,13.020110100429209,success
940,5599,144898870000.0,11.161065101623535,214510,90,239398222299136.0,14.379120921139139,success
941,5600,110933290000.0,11.045062065124512,508630,484,65879643521024.0,13.818751240508782,success
942,5604,94302520000.0,10.974523544311523,1015658,2860,15977879175168.0,13.20351913269715,success
943,5610,150449100000.0,11.177390098571777,273527,140,160620351586304.0,14.20580057221075,success
944,5613,153470470000.0,11.18602466583252,431997,340,114998093283328.0,14.060690639628445,success
945,5615,135989380000.0,11.133504867553711,670242,912,46594971926528.0,13.668339054407186,success
947,5626,134434240000.0,11.128510475158691,258352,126,188105843802112.0,14.274402287796992,success
948,5629,115768560000.0,11.063591003417969,598719,696,55055063449600.0,13.740797267487508,success
949,5634,79957150000.0,10.902857780456543,506164,479,74532631085056.0,13.872346452580745,success
950,5639,86812200000.0,10.938580513000488,22738,3,899670222045184.0,14.95408334611498,success
951,5646,80899380000.0,10.90794563293457,198208,79,253893451710464.0,14.404651499917893,success
952,5650,77080770000.0,10.886946678161621,122240,36,374207984697344.0,14.573113050061371,success
954,5664,73525510000.0,10.866437911987305,318336,185,136576881393664.0,14.135377191784158,success
955,5672,150356500000.0,11.177122116088867,352898,226,114129838800896.0,14.057399203860903,success
956,5673,97083720000.0,10.987146377563477,1195555,4989,7950018019328.0,12.90036811301947,success
957,5680,135152480000.0,11.130824089050293,894670,1950,25195477729280.0,13.401322597390068,success
958,5681,147437470000.0,11.168608665466309,552928,581,40077640073216.0,13.602902140669705,success
959,5682,135415310000.0,11.131668090820312,851403,1694,28702209474560.0,13.457915329684347,success
961,5695,106793615000.0,11.028545379638672,239857,110,164342309847040.0,14.215749386731398,success
962,5699,131716645000.0,11.119641304016113,1074776,3430,13386115973120.0,13.126654583275272,success
963,5703,76460440000.0,10.883437156677246,1572823,15850,3375513468928.0,12.52833984524424,success
964,5708,141741560000.0,11.151497840881348,777794,1327,26937300877312.0,13.43035407717704,success
965,5710,148358230000.0,11.17131233215332,1618362,18214,2659910942720.0,12.424867096130033,success
966,5714,116475080000.0,11.06623363494873,461509,391,45155579068416.0,13.654711415977104,success
967,5717,145884920000.0,11.164011001586914,157610,54,314248664186880.0,14.497273440256166,success
968,5720,94255480000.0,10.9743070602417,471317,408,82125034356736.0,13.914475564253532,success
969,5722,122559140000.0,11.088346481323242,1480134,11962,3642075381760.0,12.561348930350611,success
971,5734,127339950000.0,11.104965209960938,431133,339,30564960698368.0,13.485223841693184,success
972,5737,139740090000.0,11.145320892333984,202722,82,135533791543296.0,14.132047587839036,success
973,5740,66617100000.0,10.823585510253906,247176,116,198077717676032.0,14.296835623268862,success
975,5756,73780404000.0,10.867940902709961,33174,5,733527398154240.0,14.865416339917514,success
976,5761,128805970000.0,11.109936714172363,180645,67,278848855867392.0,14.445368866896443,success
977,5765,135335640000.0,11.131412506103516,86933,21,382146090893312.0,14.582229421392805,success
978,5769,128434364000.0,11.108681678771973,1391686,9123,5047437492224.0,12.703070949319434,success
979,5771,145500290000.0,11.162863731384277,554150,584,73260012142592.0,13.86486698631133,success
980,5772,92087010000.0,10.964198112487793,886321,1899,23190789160960.0,13.365315527526251,success
981,5779,86261100000.0,10.93581485748291,884623,1888,23854361608192.0,13.377567798436367,success
982,5784,128987250000.0,11.110547065734863,480348,426,84509076750336.0,13.926903357125804,success
983,5787,63779504000.0,10.804680824279785,616131,746,40137098526720.0,13.603545974544609,success
984,5796,124153900000.0,11.093960762023926,164428,58,279208861368320.0,14.445929197555325,success
985,5799,153655660000.0,11.186549186706543,1773726,29099,1890710323200.0,12.276624995438052,success
987,5810,66588516000.0,10.823399543762207,432565,341,95518411718656.0,13.980087092391258,success
989,5824,131606440000.0,11.119277000427246,1657755,20523,2535116767232.0,12.403997967691692,success
990,5826,155199620000.0,11.19089126586914,58092,11,547336941993984.0,14.738254761430827,success
991,5827,83714335000.0,10.922800064086914,685409,963,42378647830528.0,13.627147095623746,success
992,5831,119990500000.0,11.079147338867188,215607,91,164138567335936.0,14.21521063841577,success
995,5856,97589800000.0,10.989404678344727,308891,175,148736479068160.0,14.172417496531807,success
996,5862,97669670000.0,10.98975944519043,138686,44,332506201063424.0,14.521799749075257,success
997,5867,105977090000.0,11.025212287902832,440866,355,98771396460544.0,13.994631194001684,success
998,5871,95960470000.0,10.98209285736084,203942,83,128114512363520.0,14.107598327889981,success
999,5876,79751500000.0,10.901739120483398,786622,1368,29254274252800.0,13.466189328496514,success
1001,5885,96332950000.0,10.98377513885498,300374,166,154801711087616.0,14.189775756810716,success
1002,5890,140626260000.0,11.148066520690918,776087,1319,25120647151616.0,13.400030823391413,success
1004,5898,111669610000.0,11.047935485839844,751977,1216,30019755704320.0,13.477407153706803,success
1005,5901,122937840000.0,11.089685440063477,1778616,29515,1768240185344.0,12.24754125620011,success
1006,5902,120525630000.0,11.081079483032227,302073,168,173127850000384.0,14.238366935747166,success
1007,5909,132720250000.0,11.122937202453613,380828,263,103605214380032.0,14.015381613705413,success
1008,5912,93035400000.0,10.968647956848145,908231,2036,21378533163008.0,13.329977903816378,success
1009,5918,116781870000.0,11.067376136779785,1225384,5472,7156217151488.0,12.854683510523355,success
1010,5922,144403040000.0,11.159576416015625,265569,133,198890708008960.0,14.29861449375943,success
1011,5924,117939310000.0,11.071659088134766,1283691,6544,4555336581120.0,12.658520471303035,success
1012,5927,104300900000.0,11.018288612365723,1027855,2968,11012402053120.0,13.041882058720565,success
1013,5931,147169900000.0,11.167819023132324,388335,273,80389464915968.0,13.90519913794437,success
1014,5934,139372310000.0,11.144176483154297,244754,114,179024269672448.0,14.252911910702474,success
1015,5937,126226700000.0,11.101151466369629,153871,52,275655178584064.0,14.440366155746386,success
1016,5939,134205645000.0,11.127771377563477,171962,62,174374598475776.0,14.241483220589254,success
1019,5961,133593560000.0,11.125785827636719,215607,91,164138567335936.0,14.21521063841577,success
1022,5976,118438720000.0,11.073493957519531,337382,207,96327551680512.0,13.983750522134436,success
1024,5993,75762810000.0,10.879456520080566,235366,106,201667337256960.0,14.304635564064277,success
1025,5998,90593255000.0,10.957096099853516,604844,713,33215723077632.0,13.521343711096625,success
1026,6005,145620480000.0,11.163223266601562,689272,977,25847698292736.0,13.412421875736738,success
1027,6006,71422886000.0,10.853837966918945,175556,64,279798244966400.0,14.446844986053598,success
1028,6012,85338870000.0,10.931146621704102,1079163,3479,13545981870080.0,13.131810490011707,success
1029,6015,100339210000.0,11.001470565795898,22737,3,899670222045184.0,14.95408334611498,success
1030,6021,135300380000.0,11.131299018859863,199580,80,193627108147200.0,14.286966159246084,success
1032,6031,71373220000.0,10.853535652160645,747976,1200,31722641031168.0,13.501369336827029,success
1033,6037,85214930000.0,10.930516242980957,986929,2613,17560154144768.0,13.244528323866685,success
1034,6042,155454030000.0,11.19160270690918,501950,470,47733666742272.0,13.678824796712158,success
1035,6044,69664710000.0,10.843012809753418,171961,62,174374598475776.0,14.241483220589254,success
1037,6053,96982520000.0,10.986693382263184,100243,26,278377265102848.0,14.444633763828051,success
1038,6057,77112205000.0,10.887123107910156,360434,236,111531140317184.0,14.047396142538728,success
1039,6062,132965196000.0,11.123738288879395,64933,13,553877338324992.0,14.743413596521044,success
1040,6064,106393940000.0,11.026917457580566,1139576,4192,11434509467648.0,13.058217538416914,success
1041,6068,81278120000.0,10.909974098205566,227131,100,179395750789120.0,14.253812152026397,success
1042,6075,105990640000.0,11.025267601013184,1036461,3047,11065621479424.0,13.043975810265533,success
1043,6077,138816110000.0,11.142439842224121,22740,3,899670222045184.0,14.95408334611498,success
1044,6078,115225610000.0,11.061549186706543,759960,1249,29251824779264.0,13.466152963301825,success
1045,6081,109515670000.0,11.03947639465332,491697,449,65302595371008.0,13.814930442115935,success
1047,6092,131017230000.0,11.117328643798828,506583,480,72573740122112.0,13.860779505230354,success
1048,6095,110559310000.0,11.043595314025879,11748,1,1307340129173504.0,15.116388592175756,success
1049,6099,124027230000.0,11.093517303466797,868594,1791,16921507397632.0,13.228439048142357,success
1050,6102,114189165000.0,11.057624816894531,577619,641,54070911959040.0,13.732963694440407,success
1051,6106,127124955000.0,11.104230880737305,217960,93,235066697449472.0,14.371191105780005,success
1052,6109,141406140000.0,11.150468826293945,283213,149,134479007973376.0,14.128654496733633,success
1053,6110,142565620000.0,11.15401554107666,1591805,16800,2453734424576.0,12.389827555871571,success
1054,6111,151943990000.0,11.181683540344238,623976,769,60123984691200.0,13.779047755548502,success
1055,6112,111959745000.0,11.04906177520752,321422,188,164069612978176.0,14.215028153643514,success
1056,6116,139417910000.0,11.144318580627441,441827,357,94136631820288.0,13.973758655325673,success
1057,6118,117151160000.0,11.068746566772461,490396,446,80648580628480.0,13.906596728443601,success
1058,6120,139084070000.0,11.143278121948242,11761,1,1307340129173504.0,15.116388592175756,success
1059,6124,96184730000.0,10.98310661315918,621138,760,51850631970816.0,13.714754054066729,success
1061,6135,130562780000.0,11.115819931030273,458173,385,66410315251712.0,13.822235541852367,success
1062,6139,133723100000.0,11.126206398010254,1496024,12548,3018601267200.0,12.479805750024985,success
1063,6141,117525815000.0,11.070133209228516,513178,494,67602269339648.0,13.829961275011819,success
1064,6144,140097000000.0,11.146429061889648,1291941,6715,7360561020928.0,12.866910917463533,success
1065,6146,143162210000.0,11.155828475952148,443564,360,96995049996288.0,13.986749571233755,success
1066,6148,119294470000.0,11.076621055603027,366250,243,117173376778240.0,14.068828945882146,success
1067,6152,141977900000.0,11.152220726013184,975709,2524,11751160545280.0,13.070080759673443,success
1068,6154,89601130000.0,10.952313423156738,425259,329,98934898819072.0,13.995349513953757,success
1069,6158,117376115000.0,11.069580078125,1074834,3431,12198816514048.0,13.086317699006726,success
1071,6167,139809260000.0,11.145536422729492,411683,308,100990426546176.0,14.004280206503156,success
1072,6169,63126140000.0,10.800209045410156,858145,1731,22341369200640.0,13.34910978552359,success
1073,6174,81880730000.0,10.913182258605957,948322,2316,21794685714432.0,13.338350610748883,success
1074,6179,128832954000.0,11.110027313232422,422643,325,43680027115520.0,13.64028289929643,success
1075,6180,120689410000.0,11.081669807434082,478290,422,87033871597568.0,13.939688303022058,success
1076,6184,90522770000.0,10.956757545471191,37493,6,459285179924480.0,14.662082431960792,success
1077,6187,147188710000.0,11.167875289916992,1066217,3340,10130463653888.0,13.005629322726223,success
1078,6188,124502704000.0,11.095179557800293,292469,158,176244922515456.0,14.2461166141441,success
1079,6192,74432530000.0,10.871763229370117,247170,116,198077717676032.0,14.296835623268862,success
1080,6197,137530520000.0,11.138399124145508,626793,778,53514088742912.0,13.728468134503427,success
1082,6206,85064475000.0,10.92974853515625,910796,2053,20440856657920.0,13.31049909273525,success
1083,6212,113983580000.0,11.056842803955078,612262,735,33370952171520.0,13.52336859853185,success
1084,6216,140145900000.0,11.146580696105957,539107,549,50785257783296.0,13.705737661249543,success
1085,6218,70453880000.0,10.847905158996582,323749,191,156477503307776.0,14.194451908070404,success
1086,6222,74351985000.0,10.871293067932129,158,0,1535789976518656.0,15.186331828797393,success
1087,6229,90400950000.0,10.956172943115234,199597,80,193627108147200.0,14.286966159246084,success
1088,6233,82608800000.0,10.91702651977539,1103562,3753,12264870510592.0,13.088662967395056,success
1089,6236,111219760000.0,11.046182632446289,284417,150,88344214110208.0,13.946178111711578,success
1090,6241,67423654000.0,10.828812599182129,215607,91,164138567335936.0,14.21521063841577,success
1091,6247,63513040000.0,10.802863121032715,122240,36,374207984697344.0,14.573113050061371,success
1092,6253,102148370000.0,11.009231567382812,665869,898,48686457421824.0,13.687408175077296,success
1093,6258,137225690000.0,11.137435913085938,182019,68,276792942264320.0,14.442155012176563,success
1094,6260,82502500000.0,10.916467666625977,265672,133,198890708008960.0,14.29861449375943,success
1095,6264,105515520000.0,11.023316383361816,111938,31,390177377746944.0,14.591262085651834,success
1096,6270,130840940000.0,11.116744041442871,730514,1128,21550652719104.0,13.333460428464834,success
1098,6279,117991890000.0,11.071852684020996,128624,39,334133456797696.0,14.523919963740937,success
1099,6284,83863830000.0,10.923574447631836,638111,811,55779629465600.0,13.746475624996727,success
1100,6288,92541390000.0,10.966336250305176,111937,31,390177377746944.0,14.591262085651834,success
1101,6294,140273250000.0,11.14697551727295,70151,15,497315974479872.0,14.696632409598273,success
1102,6297,104992990000.0,11.021161079406738,193825,76,236042040901632.0,14.372989361044427,success
1103,6301,106493610000.0,11.027323722839355,954319,2359,15641430982656.0,13.194276482703517,success
1104,6306,102595900000.0,11.011130332946777,894670,1950,25195477729280.0,13.401322597390068,success
1105,6308,118079340000.0,11.072174072265625,395298,283,102168363270144.0,14.009316436070272,success
1106,6310,113965244000.0,11.05677318572998,441827,357,94136631820288.0,13.973758655325673,success
1107,6312,84761666000.0,10.928199768066406,1547883,14699,2921400369152.0,12.465591079807565,success
1108,6316,138617420000.0,11.141818046569824,484934,435,70737238949888.0,13.849648104217357,success
1109,6318,87530684000.0,10.942160606384277,221891,96,214734724923392.0,14.331902280221906,success
1111,6330,115470660000.0,11.062472343444824,844256,1655,25557184020480.0,13.407513000044288,success
1112,6334,78067670000.0,10.892471313476562,1331569,7580,5817279971328.0,12.76471996582293,success
1113,6339,74203510000.0,10.870424270629883,171966,62,174374598475776.0,14.241483220589254,success
1114,6343,82105530000.0,10.914372444152832,47315,8,398251614273536.0,14.600157544846473,success
1115,6348,105440050000.0,11.023005485534668,275987,142,146151143636992.0,14.164802218073829,success
1116,6351,123494170000.0,11.091647148132324,570624,624,47573284945920.0,13.677363140585985,success
1117,6352,146011620000.0,11.164387702941895,239857,110,164342309847040.0,14.215749386731398,success
1118,6353,141880200000.0,11.151922225952148,202723,82,135533791543296.0,14.132047587839036,success
1119,6354,131978300000.0,11.120502471923828,1022856,2923,5871566323712.0,12.76875397092467,success
1120,6356,95113740000.0,10.978243827819824,901076,1990,21178095763456.0,13.325886907773253,success
1122,6366,67104223000.0,10.826749801635742,196895,78,260628933509120.0,14.416022626901675,success
1123,6372,118750830000.0,11.074637413024902,1546940,14655,3206208552960.0,12.505991768315663,success
1124,6374,126393870000.0,11.101726531982422,273527,140,160620351586304.0,14.20580057221075,success
1125,6376,68830620000.0,10.83778190612793,519413,506,65639645446144.0,13.817166226537072,success
1127,6386,96331760000.0,10.983769416809082,756506,1234,37203946242048.0,13.570589008168161,success
1128,6390,126374940000.0,11.101661682128906,882948,1877,22764811452416.0,13.35726405765258,success
1129,6393,122947140000.0,11.08971881866455,11755,1,1307340129173504.0,15.116388592175756,success
1130,6396,91217730000.0,10.960079193115234,366925,244,124116803780608.0,14.093830583232482,success
1131,6402,122057515000.0,11.086565017700195,894124,1947,24587314135040.0,13.39071108994085,success
1132,6405,123556990000.0,11.091867446899414,61684,12,655181557530624.0,14.816361664125669,success
1133,6409,72198275000.0,10.858527183532715,856567,1722,17315285434368.0,13.23842965508555,success
1134,6415,129274080000.0,11.111512184143066,1017606,2877,14483978190848.0,13.160887862209494,success
1137,6434,86734290000.0,10.938191413879395,72658,16,379204239622144.0,14.578873184241477,success
1140,6454,123755390000.0,11.092564582824707,1091577,3617,11670667657216.0,13.067095701936589,success
1141,6456,71006080000.0,10.851295471191406,1052810,3205,15079406829568.0,13.178384258263721,success
1142,6461,65112410000.0,10.813663482666016,599045,697,55324035776512.0,13.742913853496914,success
1143,6468,84731440000.0,10.928044319152832,551199,577,63530560651264.0,13.802982687960412,success
1144,6473,145564940000.0,11.163057327270508,662086,886,41322236870656.0,13.616183822873925,success
1145,6474,98425960000.0,10.993109703063965,409335,304,64784951148544.0,13.811474135621111,success
1146,6478,66743583000.0,10.824409484863281,120494,35,381228075188224.0,14.581184876358591,success
1147,6485,67173070000.0,10.827195167541504,573608,631,42157649952768.0,13.624876393452327,success
1148,6488,78052410000.0,10.892386436462402,1694412,22927,2306770993152.0,12.363004481670181,success
1149,6492,69083440000.0,10.839374542236328,92088,23,392225506721792.0,14.593535832749234,success
1150,6497,80100246000.0,10.903634071350098,392679,279,118847877152768.0,14.074991428814956,success
1152,6510,76408226000.0,10.883140563964844,68228,14,437283203317760.0,14.640762795784122,success
1153,6516,101648010000.0,11.007099151611328,257258,125,135592662794240.0,14.132236189573915,success
1154,6519,141537700000.0,11.150872230529785,948448,2317,15737217351680.0,13.196927943039157,success
1155,6522,84587545000.0,10.927306175231934,428353,334,104113522081792.0,14.017507138579992,success
1157,6534,76349660000.0,10.882807731628418,493995,454,64366418329600.0,13.808659343477768,success
1159,6545,79367900000.0,10.89964485168457,27878,4,841819696922624.0,14.925219083166255,success
1160,6550,86849450000.0,10.938767433166504,773435,1308,30149049319424.0,13.47927362221953,success
1161,6554,64057106000.0,10.806567192077637,1731289,25604,1993445081088.0,12.299604275459174,success
1163,6568,80376710000.0,10.905130386352539,157558,54,314248664186880.0,14.497273440256166,success
1164,6578,124291500000.0,11.094441413879395,912616,2064,18599823540224.0,13.269508824009824,success
1167,6592,99113970000.0,10.996134757995605,741371,1171,30931744194560.0,13.490404409906684,success
1168,6595,77280590000.0,10.888071060180664,632270,794,29630346035200.0,13.47173672337679,success
1169,6600,88835375000.0,10.948586463928223,302073,168,173127850000384.0,14.238366935747166,success
1170,6604,121965970000.0,11.086238861083984,181998,68,276792942264320.0,14.442155012176563,success
1171,6609,64923296000.0,10.812400817871094,451600,374,88938211442688.0,13.949088391490458,success
1173,6622,69744490000.0,10.843509674072266,736105,1150,30220459442176.0,13.480301062639837,success
1174,6629,130327044000.0,11.115035057067871,1273659,6344,7270199984128.0,12.86154635732516,success
1175,6631,135548450000.0,11.132095336914062,686863,969,42965829419008.0,13.633123199897181,success
1176,6634,73122260000.0,10.864049911499023,1230163,5552,7810079260672.0,12.892655441341809,success
1177,6638,112100870000.0,11.049609184265137,1156036,4416,11025877303296.0,13.042413155311944,success
1178,6643,99170755000.0,10.996383666992188,730514,1128,21550652719104.0,13.333460428464834,success
1179,6650,102916860000.0,11.012486457824707,624467,771,34327614193664.0,13.53564362053812,success
1181,6658,106110010000.0,11.0257568359375,1585908,16499,3095241424896.0,12.490694529094734,success
1184,6673,104759886000.0,11.020195007324219,187628,72,275153237835776.0,14.439574627690288,success
1185,6677,114476270000.0,11.0587158203125,518854,505,44539989458944.0,13.648750109915735,success
1187,6685,113980400000.0,11.056830406188965,33176,5,733527398154240.0,14.865416339917514,success
1189,6692,72949610000.0,10.863022804260254,1037189,3054,11729834606592.0,13.069291888505058,success
1192,6711,101959650000.0,11.008428573608398,904489,2012,21222660243456.0,13.326799821442826,success
1194,6721,90115040000.0,10.954797744750977,680983,949,27251877871616.0,13.43539643399545,success
1195,6726,135673960000.0,11.13249683380127,473754,413,42628699652096.0,13.629702085109423,success
1196,6727,101157750000.0,11.004999160766602,642532,824,22897445830656.0,13.359787040264878,success
1198,6735,127033580000.0,11.10391902923584,11748,1,1307340129173504.0,15.116388592175756,success
1199,6736,85472150000.0,10.931824684143066,1644106,19681,2793316286464.0,12.446120113534525,success
1200,6743,127178790000.0,11.104414939880371,27878,4,841819696922624.0,14.925219083166255,success
1201,6744,91908145000.0,10.963354110717773,1309872,7094,6631261732864.0,12.821596169654628,success
1202,6748,97187340000.0,10.98760986328125,205478,84,158344471904256.0,14.19960290595621,success
1203,6751,118114940000.0,11.072304725646973,794305,1404,31474826870784.0,13.497963349923031,success
1204,6754,113214420000.0,11.053901672363281,279583,145,155587975315456.0,14.191976029312148,success
1205,6758,141396400000.0,11.15043830871582,1352781,8095,3847935229952.0,12.585227753201748,success
1207,6769,122948940000.0,11.089725494384766,945959,2299,21601661747200.0,13.33448716133056,success
1209,6776,121980990000.0,11.086292266845703,142416,46,176415714574336.0,14.246537268148105,success
1210,6779,84791010000.0,10.928349494934082,242313,112,152773211455488.0,14.184047208055036,success
1211,6785,111454230000.0,11.047097206115723,539107,549,50785257783296.0,13.705737661249543,success
1212,6787,87144760000.0,10.940241813659668,192574,75,134628685905920.0,14.129137606717837,success
1213,6792,113045130000.0,11.053252220153809,721073,1093,21094633308160.0,13.324171980363701,success
1214,6794,75904280000.0,10.880266189575195,0,0,1535789976518656.0,15.186331828797393,success
1216,6808,120417040000.0,11.0806884765625,590488,675,57136910434304.0,13.756916753064406,success
1217,6810,127623340000.0,11.10593032836914,1151816,4358,9448625012736.0,12.975368613500939,success
1219,6820,100883186000.0,11.00381851196289,362147,238,67912647835648.0,13.831950663436754,success
1221,6832,139447270000.0,11.144410133361816,208576,86,192014666694656.0,14.283334402772732,success
1222,6834,103863440000.0,11.016463279724121,78524,18,407155215695872.0,14.609760002516866,success
1223,6837,129883320000.0,11.113554000854492,1217058,5336,9389218988032.0,12.972629468379552,success
1224,6838,97641955000.0,10.989636421203613,540516,552,53652412694528.0,13.729589256523033,success
1225,6844,71361430000.0,10.853464126586914,2041974,63754,826855063552.0,11.917429390307104,success
1226,6847,71549560000.0,10.854607582092285,97407,25,219906721185792.0,14.342238503254803,success
1227,6855,131814790000.0,11.119964599609375,1134360,4124,10595285860352.0,13.025112678451128,success
1228,6857,119319750000.0,11.076712608337402,625155,773,31473314824192.0,13.497942485971413,success
1230,6869,67924260000.0,10.832025527954102,1100000,3712,7991060856832.0,12.902604438098102,success
1231,6877,79813360000.0,10.90207576751709,244757,114,179024269672448.0,14.252911910702474,success
1232,6884,135510450000.0,11.131973266601562,605828,716,60128938164224.0,13.779083534570761,success
1234,6895,92926600000.0,10.968140602111816,214510,90,239398222299136.0,14.379120921139139,success
1235,6900,87493830000.0,10.941977500915527,510700,489,63187059736576.0,13.80062814694668,success
1237,6908,116713250000.0,11.067120552062988,374335,254,110979648061440.0,14.04524334324606,success
1238,6912,108997350000.0,11.037416458129883,547226,568,62956708560896.0,13.799042014598683,success
1239,6916,109057890000.0,11.037657737731934,577292,640,60992931233792.0,13.785279505436252,success
1240,6919,97796790000.0,10.990324974060059,620186,757,51282584797184.0,13.709969906816204,success
1241,6921,72418935000.0,10.859851837158203,374329,254,110979648061440.0,14.04524334324606,success
1242,6929,129185800000.0,11.111214637756348,262558,130,164261326225408.0,14.215535324944792,success
1243,6931,111505965000.0,11.047298431396484,155569,53,184230525009920.0,14.265361589731892,success
1244,6934,118216350000.0,11.072677612304688,440474,354,97267235160064.0,13.987966571146448,success
1246,6944,128591140000.0,11.109210968017578,314630,181,117365014528000.0,14.069538656862111,success
1247,6945,100136710000.0,11.000593185424805,84201,20,431286791438336.0,14.63476615767462,success
1250,6960,109598286000.0,11.039804458618164,227135,100,179395750789120.0,14.253812152026397,success
1252,6969,98931750000.0,10.995335578918457,586803,665,41173720760320.0,13.614620114815331,success
1256,6989,87923590000.0,10.94410514831543,542234,556,66434201812992.0,13.822391721453851,success
1257,6996,114455460000.0,11.058636665344238,263579,131,185050360446976.0,14.267289935364555,success
1259,7008,73436780000.0,10.865913391113281,317358,184,107746024226816.0,14.032401253884174,success
1261,7021,130654850000.0,11.11612606048584,183499,69,269337868894208.0,14.43029741949233,success
1262,7022,123283760000.0,11.090906143188477,1854909,37139,1390538784768.0,12.143183106667145,success
1263,7025,133586485000.0,11.125762939453125,485496,436,73994627710976.0,13.869200189458352,success
1264,7026,102392310000.0,11.01026725769043,114186,32,390393736724480.0,14.59150284145414,success
1265,7030,107797000000.0,11.032607078552246,383030,266,86725086937088.0,13.938144743870438,success
1266,7034,119809320000.0,11.0784912109375,588971,671,61239136878592.0,13.78702906100228,success
1267,7036,64415224000.0,10.808988571166992,404697,297,98328016584704.0,13.992677278915957,success
1269,7046,74123080000.0,10.869954109191895,159040,55,242969403719680.0,14.385551587868612,success
1270,7050,78518125000.0,10.894969940185547,403479,295,115490999500800.0,14.062548139903948,success
1271,7057,128628110000.0,11.109335899353027,590488,675,57136910434304.0,13.756916753064406,success
1272,7059,94346530000.0,10.974725723266602,1080760,3496,13412765532160.0,13.12751833277534,success
1273,7062,118694500000.0,11.074430465698242,518463,504,72348950593536.0,13.85943223614971,success
1274,7067,101941740000.0,11.008352279663086,426529,331,72077663010816.0,13.857800696978213,success
1275,7072,95033680000.0,10.977877616882324,561452,601,72005806194688.0,13.857367517218025,success
1276,7078,66624844000.0,10.823636054992676,350629,223,131011845292032.0,14.117310563689344,success
1277,7080,128791490000.0,11.10988712310791,353539,227,121109320040448.0,14.083177565821742,success
1278,7082,109647176000.0,11.039998054504395,1211461,5241,7651139780608.0,12.88372613627218,success
1279,7085,120184365000.0,11.079848289489746,1369836,8535,5181511565312.0,12.714456471851774,success
1280,7090,69272520000.0,10.840560913085938,1697721,23150,2423485104128.0,12.38444035469014,success
1281,7096,64987800000.0,10.81283187866211,564886,610,60040820031488.0,13.778446615162142,success
1283,7109,67111145000.0,10.826794624328613,522494,512,60769173504000.0,13.78368332973068,success
1285,7120,76221776000.0,10.882079124450684,771884,1301,34176961085440.0,13.533733443917244,success
1286,7127,76857610000.0,10.885686874389648,710102,1053,38896008167424.0,13.589905032692874,success
1287,7130,141100910000.0,11.149530410766602,750025,1208,33857629847552.0,13.529656552705065,success
1289,7137,68614762000.0,10.836418151855469,330515,199,122852950933504.0,14.08938559271472,success
1290,7146,105537495000.0,11.023406982421875,930814,2190,19734210805760.0,13.295219763133012,success
1291,7148,89924120000.0,10.953876495361328,817616,1516,26988263768064.0,13.431174946053249,success
1292,7154,86039350000.0,10.934697151184082,675318,930,44939018764288.0,13.652623585441644,success
1293,7159,77964980000.0,10.891900062561035,33174,5,733527398154240.0,14.865416339917514,success
1294,7162,119260710000.0,11.076498031616211,262558,130,164261326225408.0,14.215535324944792,success
1295,7164,83121010000.0,10.919711112976074,747447,1198,35459849781248.0,13.54973689146475,success
1296,7169,113749420000.0,11.055949211120605,160830,56,296168328265728.0,14.47153861395946,success
1297,7172,82284675000.0,10.915319442749023,405973,299,108280252727296.0,14.03454926074773,success
1299,7184,138043420000.0,11.140015602111816,772815,1305,28292933484544.0,13.451677978567005,success
1301,7191,116719820000.0,11.067145347595215,152070,51,316146536415232.0,14.499888428205248,success
1302,7193,83315876000.0,10.920727729797363,173752,63,282241997471744.0,14.45062163703409,success
1304,7202,111366220000.0,11.046753883361816,307871,174,128181143076864.0,14.107824140159273,success
1305,7206,72195250000.0,10.858509063720703,220543,95,183994033373184.0,14.264803739775207,success
1307,7216,93922755000.0,10.972770690917969,1527418,13824,2617857802240.0,12.41794605268849,success
1308,7221,115010780000.0,11.060738563537598,183495,69,269337868894208.0,14.43029741949233,success
1309,7223,67688960000.0,10.830517768859863,1115264,3892,10812484747264.0,13.033925507831599,success
1310,7228,95357980000.0,10.97935676574707,193825,76,236042040901632.0,14.372989361044427,success
1311,7232,73899614000.0,10.868642807006836,61683,12,655181557530624.0,14.816361664125669,success
1312,7237,67003880000.0,10.82610034942627,902951,2002,9859669950464.0,12.993862377305174,success
1314,7243,94143226000.0,10.97378921508789,1175199,4684,8291951312896.0,12.918656743421499,success
1315,7246,126188260000.0,11.101018905639648,447501,367,99850288889856.0,13.999349325722383,success
1316,7248,92317510000.0,10.96528434753418,27878,4,841819696922624.0,14.925219083166255,success
1319,7262,99956950000.0,10.999813079833984,0,0,1535789976518656.0,15.186331828797393,success
1320,7264,111419740000.0,11.04696273803711,102598,27,456104488206336.0,14.659064345851233,success
1321,7268,65304506000.0,10.814943313598633,662330,887,42830399537152.0,13.631752125668367,success
1322,7272,117805580000.0,11.071166038513184,480348,426,84509076750336.0,13.926903357125804,success
1323,7274,66598480000.0,10.823464393615723,180645,67,278848855867392.0,14.445368866896443,success
1324,7282,107704885000.0,11.032236099243164,552191,579,68386394472448.0,13.834969707081505,success
1325,7286,101571450000.0,11.0067720413208,956680,2378,14510351974400.0,13.161677947150743,success
1327,7295,82122236000.0,10.914461135864258,1314863,7205,7050400628736.0,12.848213795843293,success
1328,7298,70227170000.0,10.846505165100098,89299,22,360359567294464.0,14.556736056763258,success
1329,7304,123971720000.0,11.09332275390625,1066108,3339,11578425475072.0,13.063649504643534,success
1330,7307,114749230000.0,11.0597505569458,868285,1789,22208229408768.0,13.346513935016091,success
1331,7309,122828620000.0,11.089300155639648,94753,24,367364893835264.0,14.565097651855222,success
1333,7317,128083720000.0,11.107494354248047,622210,764,54687277514752.0,13.737886303521826,success
1335,7325,83875890000.0,10.923637390136719,715021,1070,35917595148288.0,13.555307250913092,success
1336,7327,123730390000.0,11.092476844787598,1161195,4489,7501618085888.0,12.875154950055514,success
1338,7334,75538340000.0,10.878167152404785,42631,7,581220677189632.0,14.764341056124303,success
1339,7341,133714256000.0,11.126177787780762,479387,424,75413711749120.0,13.877450316633473,success
1340,7343,112152690000.0,11.049810409545898,685619,964,38233001951232.0,13.582438398978248,success
1341,7345,116862910000.0,11.067676544189453,723249,1101,39715017326592.0,13.598954756356433,success
1342,7348,117578280000.0,11.070327758789062,1067341,3352,12401555537920.0,13.093476162514262,success
1345,7363,122561450000.0,11.088354110717773,624856,772,59624812183552.0,13.775427024035166,success
1347,7372,85499930000.0,10.931965827941895,965175,2442,18385997922304.0,13.264487206703567,success
1348,7377,129793400000.0,11.113252639770508,1567994,15611,2752199262208.0,12.439679874092752,success
1349,7378,107721780000.0,11.032303810119629,895811,1957,21479039172608.0,13.332014850055105,success
1350,7380,123988710000.0,11.093382835388184,494943,456,47788842811392.0,13.679326514372821,success
1351,7381,126040970000.0,11.100512504577637,183509,69,269337868894208.0,14.43029741949233,success
1352,7382,64916190000.0,10.812353134155273,803491,1447,26775438491648.0,13.427736591845397,success
1353,7386,107899810000.0,11.033020973205566,465493,398,58272455327744.0,13.765463317606624,success
1354,7390,116713530000.0,11.067121505737305,925349,2152,20014851686400.0,13.301352376253929,success
1355,7392,139170150000.0,11.143546104431152,166136,59,213580418908160.0,14.329561433984113,success
1356,7393,115355770000.0,11.062039375305176,1309098,7077,7248274784256.0,12.860234649214012,success
1357,7395,87685730000.0,10.9429292678833,911505,2057,20998067847168.0,13.322179334642575,success
1360,7409,84104544000.0,10.924819946289062,506164,479,74532631085056.0,13.872346452580745,success
1362,7422,80525976000.0,10.905936241149902,184677,70,258570536878080.0,14.412579037171403,success
1364,7431,136733880000.0,11.135876655578613,1025118,2943,12896780156928.0,13.110481296762558,success
1365,7432,114764380000.0,11.059807777404785,1133452,4113,12037731123200.0,13.080544638622044,success
1366,7434,112271410000.0,11.05026912689209,345893,217,144810090430464.0,14.160798824745035,success
1369,7451,86195585000.0,10.935484886169434,515300,498,59842421063680.0,13.777009155600503,success
1371,7463,64661787000.0,10.810647964477539,463239,394,76312400101376.0,13.882595112765458,success
1372,7468,97086900000.0,10.987160682678223,27878,4,841819696922624.0,14.925219083166255,success
1374,7479,96221380000.0,10.983271598815918,677740,938,42465805467648.0,13.628039365953748,success
1375,7483,75098464000.0,10.875631332397461,581583,651,60349009100800.0,13.780670143603416,success
1376,7488,129615600000.0,11.11265754699707,404697,297,98328016584704.0,13.992677278915957,success
1377,7489,116594205000.0,11.06667709350586,162664,57,301115828600832.0,14.478733585447387,success
1378,7493,91540940000.0,10.961615562438965,1017250,2874,11544142282752.0,13.062361670842996,success
1379,7496,84550320000.0,10.927115440368652,875489,1832,22081435598848.0,13.344027305125563,success
1380,7501,90592340000.0,10.957091331481934,982836,2582,11968683442176.0,13.078046380544711,success
1381,7505,123763425000.0,11.092592239379883,973266,2505,17371399979008.0,13.239834820096926,success
1382,7509,91622270000.0,10.962000846862793,701420,1022,43654580273152.0,13.640029816953348,success
1383,7512,117553250000.0,11.070235252380371,383030,266,86725086937088.0,13.938144743870438,success
1384,7515,131227410000.0,11.118024826049805,1372743,8611,4839035633664.0,12.684758820175718,success
1385,7517,110369595000.0,11.04284954071045,763360,1263,25946312671232.0,13.414075647335881,success
1387,7526,124279750000.0,11.094400405883789,421531,323,98153567092736.0,13.991906087334307,success
1388,7528,129218100000.0,11.111323356628418,78525,18,407155215695872.0,14.609760002516866,success
1389,7529,102249270000.0,11.009660720825195,537324,545,49718398812160.0,13.696517133681578,success
1391,7540,111476060000.0,11.047182083129883,854696,1711,21040728113152.0,13.323060764476605,success
1392,7542,83636230000.0,10.922394752502441,157536,54,314248664186880.0,14.497273440256166,success
1394,7551,113345080000.0,11.054403305053711,217958,93,235066697449472.0,14.371191105780005,success
1395,7553,118317310000.0,11.07304859161377,206778,85,123098057670656.0,14.090251200375905,success
1396,7554,126171636000.0,11.100961685180664,1541631,14419,2697552723968.0,12.43096994177185,success
1399,7565,70776790000.0,10.84989070892334,1106960,3794,13215493783552.0,13.121083394744728,success
1400,7569,124715860000.0,11.095922470092773,623526,768,39426872836096.0,13.595792332135721,success
1401,7571,83472180000.0,10.921542167663574,459274,387,88921576833024.0,13.949007155374337,success
1402,7574,105144930000.0,11.021788597106934,70151,15,497315974479872.0,14.696632409598273,success
1403,7577,80075055000.0,10.903497695922852,680085,946,50929000775680.0,13.706965155424845,success
1404,7580,113981010000.0,11.056833267211914,33175,5,733527398154240.0,14.865416339917514,success
1406,7586,94988575000.0,10.97767162322998,470731,407,75625037561856.0,13.878665603368331,success
1408,7595,112220680000.0,11.050073623657227,293456,159,169744321740800.0,14.229795255247776,success
1409,7599,111827480000.0,11.048548698425293,455497,381,49719699046400.0,13.69652849119078,success
1410,7603,121679766000.0,11.08521842956543,453938,378,51961936216064.0,13.71568532547038,success
1411,7604,127007640000.0,11.103830337524414,146890,48,324151516594176.0,14.510748057859148,success
1412,7606,100220020000.0,11.000954627990723,426528,331,72077663010816.0,13.857800696978213,success
1413,7608,64489574000.0,10.809489250183105,944562,2288,17636851187712.0,13.246421050531119,success
1414,7617,97836410000.0,10.990500450134277,1005838,2772,16033075167232.0,13.205016828659415,success
1415,7621,113274780000.0,11.054133415222168,166138,59,213580418908160.0,14.329561433984113,success
1416,7623,126945860000.0,11.103618621826172,1495807,12540,3746074460160.0,12.57357640553127,success
1417,7626,84154690000.0,10.925078392028809,92080,23,392225506721792.0,14.593535832749234,success
1418,7631,99368610000.0,10.997249603271484,290685,156,170201618317312.0,14.23096368514303,success
1419,7633,118713910000.0,11.074501991271973,94753,24,367364893835264.0,14.565097651855222,success
1420,7636,93677420000.0,10.971634864807129,442942,359,39266109358080.0,13.594017871781636,success
1421,7639,122364680000.0,11.087656021118164,78530,18,407155215695872.0,14.609760002516866,success
1422,7642,79365700000.0,10.899633407592773,283213,149,134479007973376.0,14.128654496733633,success
1423,7646,111316710000.0,11.046560287475586,440866,355,98771396460544.0,13.994631194001684,success
1424,7648,91565605000.0,10.961732864379883,476410,418,64368444178432.0,13.808673012113472,success
1426,7658,93177250000.0,10.96930980682373,847662,1673,20915698008064.0,13.320472362628921,success
1427,7661,87064230000.0,10.939840316772461,599330,698,56846442299392.0,13.754703289813717,success
1428,7666,124165640000.0,11.094001770019531,769497,1291,31427647242240.0,13.497311869787595,success
1429,7667,98192155000.0,10.992076873779297,945563,2296,14739847512064.0,13.168492990645712,success
1430,7671,118490370000.0,11.073683738708496,609286,726,55012763893760.0,13.740463464867142,success
1431,7673,83795960000.0,10.923223495483398,352898,226,114129838800896.0,14.057399203860903,success
1432,7678,130045270000.0,11.114094734191895,81618,19,467371865145344.0,14.669662565180955,success
1433,7679,102240980000.0,11.009625434875488,442951,359,39266109358080.0,13.594017871781636,success
1434,7681,121468820000.0,11.084465026855469,111938,31,390177377746944.0,14.591262085651834,success
1436,7691,132507120000.0,11.122239112854004,33,0,1535789976518656.0,15.186331828797393,success
1437,7692,79153540000.0,10.898470878601074,648990,844,42405965332480.0,13.62742695396891,success
1440,7711,108627670000.0,11.035941123962402,1130833,4081,10338823045120.0,13.014471102190933,success
1441,7716,66787373000.0,10.824694633483887,662614,888,40212709244928.0,13.604363333746674,success
1442,7720,118376080000.0,11.073264122009277,1345657,7917,5851715731456.0,12.76728322051912,success
1443,7722,81187580000.0,10.909489631652832,42642,7,581220677189632.0,14.764341056124303,success
1446,7740,118194480000.0,11.07259750366211,473315,412,81883476000768.0,13.913196270432948,success
1448,7748,65645855000.0,10.817207336425781,505085,477,69018333478912.0,13.838964468579775,success
1450,7758,67630866000.0,10.830144882202148,397993,287,90832199745536.0,13.958239831922388,success
1453,7777,125082900000.0,11.097198486328125,1150205,4335,9506914304000.0,12.978039579166337,success
1454,7780,94390140000.0,10.974926948547363,236464,107,187167024349184.0,14.272229335830058,success
1455,7785,118993900000.0,11.075525283813477,890783,1926,13806901133312.0,13.140096215021666,success
1456,7788,119897460000.0,11.078810691833496,992332,2659,13939937116160.0,13.144260814639587,success
1457,7791,129956650000.0,11.113799095153809,55066,10,635853466501120.0,14.803357043286407,success
1458,7792,97478020000.0,10.988906860351562,553737,583,64927419072512.0,13.812428139591622,success
1459,7796,129043670000.0,11.110736846923828,842348,1644,24726915252224.0,13.393169940360547,success
1460,7798,80073466000.0,10.903489112854004,1049845,3175,11259734917120.0,13.051528166235826,success
1461,7803,79017120000.0,10.897721290588379,971065,2488,17229857947648.0,13.236281696902067,success
1462,7806,126813300000.0,11.103164672851562,713033,1063,37444019814400.0,13.573382466388164,success
1464,7812,127398500000.0,11.105164527893066,1223121,5435,8389620400128.0,12.923742311024254,success
1465,7815,116483965000.0,11.066266059875488,435536,346,41210869710848.0,13.615011779936783,success
1466,7816,98704980000.0,10.994338989257812,33174,5,733527398154240.0,14.865416339917514,success
1468,7825,91906170000.0,10.96334457397461,621927,763,26339595780096.0,13.420609105788225,success
1469,7829,67976077000.0,10.832356452941895,518855,505,44539989458944.0,13.648750109915735,success
1470,7835,128621270000.0,11.109313011169434,764804,1269,33591172005888.0,13.526225156768438,success
1471,7837,121270080000.0,11.08375358581543,261482,129,112128929300480.0,14.04971767517024,success
1472,7841,126723334000.0,11.102856636047363,1133452,4113,12037731123200.0,13.080544638622044,success
1473,7843,87327840000.0,10.941152572631836,568972,620,68789261565952.0,13.837520647441263,success
1474,7849,115323990000.0,11.061920166015625,1177173,4714,8635374632960.0,12.93628118353613,success
1475,7850,111024990000.0,11.04542064666748,122242,36,374207984697344.0,14.573113050061371,success
1476,7853,98445080000.0,10.993194580078125,1429719,10269,4083273957376.0,12.611008518836861,success
1482,7890,121759060000.0,11.085501670837402,508123,483,47938524938240.0,13.68068466672228,success
1483,7891,113027790000.0,11.05318546295166,164501,58,279208861368320.0,14.445929197555325,success
1486,7901,64090472000.0,10.806793212890625,590488,675,57136910434304.0,13.756916753064406,success
1490,7935,75288910000.0,10.876730918884277,313647,180,142675005145088.0,14.154347896882348,success
1491,7939,71236370000.0,10.852702140808105,291274,157,111486940741632.0,14.047223998361675,success
1492,7943,123110420000.0,11.09029483795166,430556,338,84481679556608.0,13.926762539362514,success
1493,7944,68616253000.0,10.836426734924316,109285,30,389327343321088.0,14.590314906252068,success
1494,7949,95140320000.0,10.978364944458008,248326,117,221948206383104.0,14.34625163973729,success
1495,7952,124475930000.0,11.095086097717285,257224,125,135592662794240.0,14.132236189573915,success
1497,7960,126816500000.0,11.10317611694336,1332108,7593,5877479768064.0,12.769191142835975,success
1499,7971,108977316000.0,11.037336349487305,435536,346,41210869710848.0,13.615011779936783,success
1501,7978,72800260000.0,10.862133026123047,436984,348,104674971615232.0,14.019842851795417,success
1502,7983,102908020000.0,11.012449264526367,214510,90,239398222299136.0,14.379120921139139,success
1503,7986,84485710000.0,10.926783561706543,122240,36,374207984697344.0,14.573113050061371,success
1504,7990,90559504000.0,10.956933975219727,931398,2194,19173444943872.0,13.282700150734092,success
1507,8013,114447060000.0,11.058605194091797,380828,263,103605214380032.0,14.015381613705413,success
1508,8015,89901400000.0,10.953766822814941,956451,2376,19013828608000.0,13.279069574830318,success
1509,8018,108742490000.0,11.036399841308594,128624,39,334133456797696.0,14.523919963740937,success
1511,8028,104914230000.0,11.020834922790527,265569,133,198890708008960.0,14.29861449375943,success
1512,8031,92871050000.0,10.967880249023438,756506,1234,37203946242048.0,13.570589008168161,success
1513,8033,80934945000.0,10.908136367797852,520020,507,68217351438336.0,13.83389485376905,success
1515,8042,116754690000.0,11.067275047302246,153872,52,275655178584064.0,14.440366155746386,success
1516,8044,111209800000.0,11.046143531799316,567755,617,34264479432704.0,13.534844138131483,success
1517,8046,120638860000.0,11.081487655639648,111937,31,390177377746944.0,14.591262085651834,success
1518,8047,126723930000.0,11.102858543395996,1235044,5636,8685391183872.0,12.938789383539723,success
1519,8048,127001470000.0,11.103809356689453,850146,1687,24665395298304.0,13.39208808004533,success
1520,8052,93116105000.0,10.969024658203125,583085,655,58219737120768.0,13.765070240139934,success
1521,8054,82746360000.0,10.917749404907227,531069,531,47580234907648.0,13.677426581855165,success
1523,8064,68757750000.0,10.837322235107422,162683,57,301115828600832.0,14.478733585447387,success
1526,8079,81899710000.0,10.91328239440918,453332,377,84586503602176.0,13.92730107369279,success
1527,8084,84038435000.0,10.924478530883789,622832,766,46798802518016.0,13.670234740542684,success
1529,8095,119824270000.0,11.078545570373535,762175,1258,28357582389248.0,13.452669202541903,success
1530,8098,78968635000.0,10.897455215454102,1383043,8884,4011602477056.0,12.60331789080537,success
1531,8104,101211490000.0,11.005229949951172,936172,2228,11552919912448.0,13.062691762721563,success
1533,8111,69598950000.0,10.842602729797363,1830975,34570,1520884908032.0,12.18209635034635,success
1534,8114,89466760000.0,10.951662063598633,638766,813,49752859213824.0,13.696818043978332,success
1536,8122,90382475000.0,10.956084251403809,1298616,6858,6893940506624.0,12.838467531210544,success
1538,8132,111518670000.0,11.047348022460938,236464,107,187167024349184.0,14.272229335830058,success
1539,8133,94341720000.0,10.974703788757324,136966,43,343380722712576.0,14.53577591035154,success
1540,8136,67831950000.0,10.83143424987793,114186,32,390393736724480.0,14.59150284145414,success
1541,8139,98752160000.0,10.994546890258789,297446,163,176176588914688.0,14.24594819703475,success
1542,8141,116435255000.0,11.066084861755371,1121059,3960,11835522678784.0,13.073187441943963,success
1543,8143,131834620000.0,11.12002944946289,611369,732,56478928994304.0,13.751886452628131,success
1544,8145,84526740000.0,10.926994323730469,159039,55,242969403719680.0,14.385551587868612,success
1545,8152,78444724000.0,10.894563674926758,535916,542,64965050368000.0,13.812679779498154,success
1546,8157,121503100000.0,11.084588050842285,1010019,2809,16447781732352.0,13.216107334118194,success
1547,8158,64602448000.0,10.810249328613281,601783,705,49795741777920.0,13.697192206184997,success
1548,8163,82185350000.0,10.914794921875,649945,847,39639377248256.0,13.598126822912873,success
1549,8168,105763650000.0,11.024336814880371,952129,2343,20930908651520.0,13.32078808231744,success
1550,8172,105941400000.0,11.025066375732422,317373,184,107746024226816.0,14.032401253884174,success
1551,8175,69765915000.0,10.843643188476562,1032154,3007,16226940092416.0,13.21023663281045,success
1553,8188,92161360000.0,10.96454906463623,1283790,6546,5253615321088.0,12.720458269811873,success
1554,8190,95060976000.0,10.978002548217773,47317,8,398251614273536.0,14.600157544846473,success
1555,8192,101858860000.0,11.007999420166016,1421628,10016,4835350413312.0,12.684427952473497,success
1556,8195,108721620000.0,11.03631591796875,134,0,1535789976518656.0,15.186331828797393,success
1557,8197,94969450000.0,10.977583885192871,1249136,5882,8081769496576.0,12.907506459594297,success
1558,8200,90604730000.0,10.957151412963867,251630,120,203439883681792.0,14.308436098856749,success
1559,8204,74617230000.0,10.872838973999023,869195,1794,23621932154880.0,13.373315417828028,success
1560,8208,99006990000.0,10.995665550231934,37521,6,459285179924480.0,14.662082431960792,success
1562,8215,100099350000.0,11.000431060791016,909879,2047,20460978831360.0,13.310926406056982,success
1564,8223,75223070000.0,10.876351356506348,140473,45,305942902079488.0,14.485640381953425,success
1565,8227,108541870000.0,11.035597801208496,416971,316,45303621222400.0,13.656132917554787,success
1567,8233,84027630000.0,10.924422264099121,465495,398,58272455327744.0,13.765463317606624,success
1568,8239,93000940000.0,10.968487739562988,505083,477,69018333478912.0,13.838964468579775,success
1569,8243,107538430000.0,11.031563758850098,868594,1791,16921507397632.0,13.228439048142357,success
1571,8253,125359780000.0,11.098158836364746,1667518,21135,2652942893056.0,12.423727901509812,success
1572,8254,111250350000.0,11.04630184173584,1233237,5606,7873362919424.0,12.896160270528847,success
1573,8256,75574370000.0,10.878375053405762,254682,123,71453248585728.0,13.85402197855433,success
1575,8265,95271895000.0,10.978964805603027,47745,8,398251614273536.0,14.600157544846473,success
1579,8288,66283667000.0,10.821406364440918,11770,1,1307340129173504.0,15.116388592175756,success
1581,8297,70183680000.0,10.846236228942871,935770,2225,19869063970816.0,13.29817740803157,success
1582,8303,123255670000.0,11.09080696105957,142408,46,176415714574336.0,14.246537268148105,success
1583,8304,91095245000.0,10.959495544433594,566964,615,53642568663040.0,13.729509565776777,success
1584,8308,75013420000.0,10.875139236450195,159038,55,242969403719680.0,14.385551587868612,success
1585,8313,89589340000.0,10.952256202697754,761949,1257,35927489511424.0,13.555426871270125,success
1586,8316,98801520000.0,10.994763374328613,884026,1884,22378010640384.0,13.349821476012478,success
1587,8319,126523530000.0,11.102171897888184,1067079,3349,14986502995968.0,13.175700304847386,success
1588,8320,65088414000.0,10.813504219055176,444685,362,91775339331584.0,13.962725998946246,success
1589,8326,97975070000.0,10.99111557006836,1095109,3657,12048412966912.0,13.080929844827525,success
1590,8330,72897350000.0,10.862711906433105,1061537,3293,6266538688512.0,12.797027725271585,success
1591,8335,65498583000.0,10.816231727600098,1,0,1535789976518656.0,15.186331828797393,success
1593,8347,73923360000.0,10.868782043457031,157636,54,314248664186880.0,14.497273440256166,success
1594,8353,84810670000.0,10.928450584411621,236464,107,187167024349184.0,14.272229335830058,success
1595,8358,120495880000.0,11.080972671508789,605211,714,52639110791168.0,13.72130854432644,success
1603,8390,67532763000.0,10.829514503479004,445254,363,90174650318848.0,13.955084466877407,success
1604,8394,78958870000.0,10.897400856018066,359092,234,160051117424640.0,14.204258710592997,success
1608,8413,79146280000.0,10.898430824279785,323749,191,156477503307776.0,14.194451908070404,success
1609,8419,109072790000.0,11.03771686553955,1121137,3961,9645792952320.0,12.984337935521799,success
1613,8438,88419420000.0,10.946547508239746,599045,697,55324035776512.0,13.742913853496914,success
1615,8447,114691965000.0,11.05953311920166,1467927,11523,3880721842176.0,12.588912515005585,success
1616,8449,104385765000.0,11.018641471862793,282174,148,122913483128832.0,14.089599525907348,success
1617,8450,75970910000.0,10.880647659301758,922944,2134,24733357703168.0,13.393283078470935,success
1618,8454,89230200000.0,10.950511932373047,120494,35,381228075188224.0,14.581184876358591,success
1619,8459,112521510000.0,11.051236152648926,706694,1041,28719477424128.0,13.458176533276308,success
1620,8461,93098030000.0,10.968940734863281,1186691,4852,9032182005760.0,12.955792680389546,success
1621,8466,92236644000.0,10.964903831481934,528429,525,57845856862208.0,13.762272258597758,success
1622,8471,67491110000.0,10.829246520996094,58083,11,547336941993984.0,14.738254761430827,success
1623,8475,111941460000.0,11.048991203308105,539107,549,50785257783296.0,13.705737661249543,success
1626,8488,100413055000.0,11.001790046691895,965175,2442,18385997922304.0,13.264487206703567,success
1627,8492,102396700000.0,11.010286331176758,1449110,10892,3250184781824.0,12.511908052500496,success
1628,8495,117172126000.0,11.068824768066406,269847,137,173721042026496.0,14.239852425715519,success
1629,8496,67854774000.0,10.83158016204834,415071,313,106644214120448.0,14.027937298194024,success
1630,8498,102461960000.0,11.010562896728516,815384,1505,26499977576448.0,13.42324550644892,success
1631,8501,90773110000.0,10.95795726776123,372433,251,119521037778944.0,14.077444355385916,success
1632,8504,132556310000.0,11.122400283813477,337382,207,96327551680512.0,13.983750522134436,success
1633,8506,73162890000.0,10.864291191101074,307862,174,128181143076864.0,14.107824140159273,success
1634,8510,108994660000.0,11.037405967712402,198215,79,253893451710464.0,14.404651499917893,success
1635,8512,82893150000.0,10.918519020080566,1330153,7546,5541938593792.0,12.743661709370242,success
1636,8516,91796880000.0,10.962827682495117,195434,77,230889556541440.0,14.363404289612728,success
1637,8519,65405637000.0,10.8156156539917,486235,438,58306320138240.0,13.765715632844694,success
1638,8523,89304230000.0,10.950872421264648,1125161,4010,9689474531328.0,12.986300225520063,success
1642,8541,91768690000.0,10.962695121765137,177233,65,227894857039872.0,14.357734524458976,success
1643,8545,90397560000.0,10.956156730651855,661206,883,48145580949504.0,13.682556431495474,success
1644,8547,77689090000.0,10.890359878540039,1355662,8169,5880002117632.0,12.769377482483575,success
1645,8549,120160180000.0,11.079760551452637,181998,68,276792942264320.0,14.442155012176563,success
1646,8550,103185070000.0,11.013617515563965,645901,835,38440708079616.0,13.584791378794575,success
1651,8572,94304090000.0,10.974531173706055,429989,337,96431452979200.0,13.984218710535103,success
1652,8574,110337204000.0,11.042722702026367,1213458,5274,6556790292480.0,12.81669129373588,success
1654,8582,68069110000.0,10.832950592041016,1660511,20697,2298395230208.0,12.361424711706265,success
1656,8590,95491970000.0,10.97996711730957,394672,282,80834186969088.0,13.907595074536232,success
1658,8600,64019670000.0,10.806313514709473,639864,816,45387591188480.0,13.656937134465458,success
1659,8605,110638825000.0,11.04390811920166,465493,398,58272455327744.0,13.765463317606624,success
1661,8613,96672220000.0,10.985301971435547,27878,4,841819696922624.0,14.925219083166255,success
1662,8618,102672650000.0,11.011454582214355,155569,53,184230525009920.0,14.265361589731892,success
1663,8621,75530880000.0,10.878124237060547,81618,19,467371865145344.0,14.669662565180955,success
1664,8623,101200350000.0,11.005182266235352,1001554,2735,16947292930048.0,13.22910033620078,success
1665,8624,117049430000.0,11.06836986541748,715215,1071,41625778651136.0,13.61936237049585,success
1666,8626,115833815000.0,11.063836097717285,755507,1230,29698849505280.0,13.47273962564091,success
1667,8627,76356720000.0,10.882847785949707,822299,1540,19932582510592.0,13.299563570523862,success
1669,8636,64665354000.0,10.81067180633545,994742,2680,16915016712192.0,13.228272431211153,success
1670,8638,118808855000.0,11.074849128723145,1386300,8973,5195608621056.0,12.715636428752509,success
1671,8640,104350490000.0,11.018494606018066,42633,7,581220677189632.0,14.764341056124303,success
1672,8643,112757140000.0,11.052144050598145,375696,256,125519060271104.0,14.098709679140052,success
1673,8645,100153820000.0,11.000667572021484,1098170,3691,13817374310400.0,13.140425522716598,success
1675,8652,114753560000.0,11.05976676940918,806684,1462,28310146908160.0,13.45194212302945,success
1676,8654,119792960000.0,11.078432083129883,229917,102,98802778243072.0,13.994769156719931,success
1678,8660,67076555000.0,10.826570510864258,560578,599,63776908902400.0,13.804663466315493,success
1679,8663,86693020000.0,10.937984466552734,470235,406,88225624358912.0,13.945594740476844,success
1680,8666,103014520000.0,11.012898445129395,503347,473,81075552387072.0,13.90888991630696,success
1681,8670,67414163000.0,10.828751564025879,37502,6,459285179924480.0,14.662082431960792,success
1682,8674,72650340000.0,10.861237525939941,1365930,8432,5487038300160.0,12.739337991632217,success
1683,8678,75144995000.0,10.875900268554688,78526,18,407155215695872.0,14.609760002516866,success
1684,8683,91387730000.0,10.960887908935547,289454,155,178474010542080.0,14.251574982913551,success
1685,8686,64519340000.0,10.809690475463867,1531365,13981,1751333208064.0,12.243368782666181,success
1686,8690,101537450000.0,11.00662612915039,635178,802,48450024505344.0,13.685294001046907,success
1689,8702,99260440000.0,10.996776580810547,562060,603,62055935639552.0,13.792783328013899,success
1692,8716,102869885000.0,11.012288093566895,1159449,4464,10051870785536.0,13.002246897201738,success
1695,8732,124052685000.0,11.093606948852539,613911,739,56257197113344.0,13.75017809063523,success
1696,8734,98316280000.0,10.99262523651123,1109191,3820,11085796081664.0,13.044766885674214,success
1697,8736,76840650000.0,10.885591506958008,238668,109,188158054498304.0,14.274522813935697,success
1698,8741,112088875000.0,11.049562454223633,526833,521,66945118371840.0,13.82571891381303,success
1700,8748,112131870000.0,11.049729347229004,429523,336,101111641931776.0,14.0048011628674,success
1701,8750,80299745000.0,10.904714584350586,449117,370,105982210342912.0,14.025232972828052,success
1703,8760,116240110000.0,11.065356254577637,743181,1179,36900337352704.0,13.567030336612937,success
1704,8762,123643530000.0,11.092171669006348,479387,424,75413711749120.0,13.877450316633473,success
1705,8763,98795050000.0,10.994735717773438,1318511,7285,6757963792384.0,12.829815860595144,success
1706,8766,119792630000.0,11.07843017578125,617636,750,54375057719296.0,13.735399730967906,success
1707,8767,77473100000.0,10.889151573181152,216757,92,207364997251072.0,14.31673545029975,success
1708,8774,116988000000.0,11.06814193725586,195434,77,230889556541440.0,14.363404289612728,success
1709,8776,116135670000.0,11.064966201782227,713033,1063,37444019814400.0,13.573382466388164,success
1710,8777,74419820000.0,10.871688842773438,1106644,3790,12035218735104.0,13.080453987804685,success
1711,8782,84137394000.0,10.924988746643066,911505,2057,20998067847168.0,13.322179334642575,success
1712,8787,88181236000.0,10.9453763961792,314630,181,117365014528000.0,14.069538656862111,success
1713,8791,99179770000.0,10.996423721313477,591185,677,50944049938432.0,13.707093467443423,success
1715,8796,64937480000.0,10.812495231628418,785333,1362,30152434122752.0,13.479322377285753,success
1716,8798,73962095000.0,10.869009017944336,1594353,16928,2774662905856.0,12.443210228172488,success
1717,8800,87210660000.0,10.940569877624512,84228,20,431286791438336.0,14.63476615767462,success
1720,8815,107409285000.0,11.031042098999023,362147,238,67912647835648.0,13.831950663436754,success
1721,8818,105936130000.0,11.025044441223145,802237,1441,29624721473536.0,13.471654275876388,success
1724,8832,118944760000.0,11.075345993041992,322253,189,142160531816448.0,14.1527790394773,success
1725,8833,90672140000.0,10.957473754882812,70146,15,497315974479872.0,14.696632409598273,success
1726,8836,115404530000.0,11.062223434448242,285612,151,177005769261056.0,14.24798742182739,success
1727,8837,98040520000.0,10.991405487060547,214510,90,239398222299136.0,14.379120921139139,success
1728,8839,102187830000.0,11.0093994140625,75826,17,416661488271360.0,14.619783360778436,success
1730,8846,68196090000.0,10.833759307861328,55060,10,635853466501120.0,14.803357043286407,success
1731,8851,118800015000.0,11.074816703796387,527689,523,70654569218048.0,13.849140252837353,success
1732,8852,91381220000.0,10.960857391357422,175556,64,279798244966400.0,14.446844986053598,success
1733,8856,91051885000.0,10.95928955078125,364563,241,116610618621952.0,14.066738099299025,success
1734,8860,75562180000.0,10.878304481506348,27879,4,841819696922624.0,14.925219083166255,success
1735,8866,105400340000.0,11.022842407226562,672916,922,37289203859456.0,13.571583111086271,success
1736,8868,95566500000.0,10.980305671691895,1082174,3514,13301527347200.0,13.1239015116721,success
1737,8870,74589560000.0,10.87267780303955,578754,644,58801696800768.0,13.769389858398895,success
1738,8874,84279950000.0,10.925724029541016,851580,1695,24266189832192.0,13.385001590721846,success
1739,8878,94249230000.0,10.974278450012207,480348,426,84509076750336.0,13.926903357125804,success
1740,8881,94098690000.0,10.973584175109863,109281,30,389327343321088.0,14.590314906252068,success
1742,8891,106720280000.0,11.028246879577637,700291,1018,30255922282496.0,13.480810395942845,success
1743,8892,120834950000.0,11.082192420959473,609930,728,58706783895552.0,13.768688289291433,success
1744,8894,88404345000.0,10.946474075317383,211746,88,223381030961152.0,14.349046290987863,success
1745,8898,70820250000.0,10.850157737731934,757827,1240,27727627288576.0,13.442912707674996,success
1747,8909,70441935000.0,10.847831726074219,266530,134,174660482236416.0,14.242194654908252,success
1749,8918,109483050000.0,11.039347648620605,1602224,17344,2660044374016.0,12.424888881454205,success
1750,8921,112274740000.0,11.05028247833252,1261417,6109,7997538959360.0,12.902956364391512,success
1751,8922,106856370000.0,11.028800964355469,873851,1822,21864581693440.0,13.33974117296976,success
1752,8924,95320740000.0,10.979187965393066,362897,239,113186665660416.0,14.053795266329251,success
1753,8927,124451300000.0,11.094999313354492,111938,31,390177377746944.0,14.591262085651834,success
1755,8935,115561690000.0,11.062813758850098,171973,62,174374598475776.0,14.241483220589254,success
1756,8936,74494435000.0,10.872123718261719,109285,30,389327343321088.0,14.590314906252068,success
1757,8941,99663830000.0,10.99853801727295,478290,422,87033871597568.0,13.939688303022058,success
1758,8943,85580235000.0,10.932374000549316,680379,947,37698773450752.0,13.57632722043827,success
1759,8946,110810440000.0,11.044581413269043,598283,695,44723809026048.0,13.650538784336064,success
1761,8955,108842885000.0,11.036800384521484,1393298,9172,5245378232320.0,12.719776809648156,success
1762,8958,107263630000.0,11.030452728271484,653933,860,36740299489280.0,13.5651426921443,success
1763,8959,115376824000.0,11.062118530273438,1006066,2774,13585793155072.0,13.133084998132325,success
1764,8961,110868350000.0,11.044807434082031,1092320,3625,9301388165120.0,12.968547768711158,success
1765,8962,83243230000.0,10.92034912109375,438136,350,93156901126144.0,13.96921503325251,success
1767,8969,86206415000.0,10.935540199279785,605831,716,60128938164224.0,13.779083534570761,success
1768,8973,76914740000.0,10.88601016998291,601783,705,49795741777920.0,13.697192206184997,success
1771,8989,107999390000.0,11.033421516418457,17909,2,1033314370584576.0,15.014232469282954,success
1772,8991,73430516000.0,10.865877151489258,104407,28,471019466784768.0,14.673038856476026,success
1773,8998,90905380000.0,10.958589553833008,296366,162,137401439617024.0,14.13799128304707,success
1775,9006,114511360000.0,11.058849334716797,478290,422,87033871597568.0,13.939688303022058,success
1776,9007,81220900000.0,10.90966796875,205477,84,158344471904256.0,14.19960290595621,success
1778,9015,114888385000.0,11.06027603149414,1014313,2847,15279969009664.0,13.184122473418626,success
1779,9018,100338850000.0,11.001469612121582,1457416,11165,3396438065152.0,12.531023699536796,success
1780,9020,80785100000.0,10.907331466674805,799617,1429,29145876660224.0,13.46457712271849,success
1781,9022,111832960000.0,11.048569679260254,661201,883,48145580949504.0,13.682556431495474,success
1782,9024,96365570000.0,10.983922004699707,1058551,3261,12210560565248.0,13.086735602094405,success
1783,9027,85844310000.0,10.933712005615234,552928,581,40077640073216.0,13.602902140669705,success
1784,9030,114333835000.0,11.058175086975098,1655200,20366,2216576155648.0,12.34568265709239,success
1785,9031,110010200000.0,11.041433334350586,795879,1411,17374604427264.0,13.239914925664335,success
1787,9038,100464615000.0,11.002013206481934,985508,2602,13041033805824.0,13.115312020718626,success
1789,9046,122448175000.0,11.087952613830566,773435,1308,30149049319424.0,13.47927362221953,success
1790,9048,80574070000.0,10.906195640563965,429523,336,101111641931776.0,14.0048011628674,success
1792,9063,111210406000.0,11.04614543914795,320331,187,118919146766336.0,14.075251784522125,success
1796,9084,81877970000.0,10.913166999816895,647330,839,34658307801088.0,13.539807354379324,success
1797,9087,80692230000.0,10.906831741333008,381609,264,60795924774912.0,13.783874468958846,success
1800,9101,91295690000.0,10.960450172424316,886478,1900,21789644161024.0,13.338250137994509,success
1802,9111,75245590000.0,10.876481056213379,449119,370,105982210342912.0,14.025232972828052,success
1804,9120,87215555000.0,10.940593719482422,1418659,9922,4717738983424.0,12.67373390916627,success
1805,9122,101817980000.0,11.007824897766113,810055,1478,27932839903232.0,13.44611509222101,success
1806,9124,122387460000.0,11.087737083435059,975105,2519,13883790065664.0,13.142508038158912,success
1808,9133,91410964000.0,10.96099853515625,1009351,2803,16913621057536.0,13.22823659618166,success
1810,9140,109241590000.0,11.0383882522583,1075011,3433,12845508984832.0,13.10875131723798,success
1813,9156,67606815000.0,10.82999038696289,485481,436,73994627710976.0,13.869200189458352,success
1814,9158,65177416000.0,10.81409740447998,399177,289,82948426563584.0,13.918808152370818,success
1815,9163,104425220000.0,11.018805503845215,1283446,6538,4006539427840.0,12.602769420934308,success
1816,9164,93003000000.0,10.968497276306152,27912,4,841819696922624.0,14.925219083166255,success
1818,9174,70802380000.0,10.850048065185547,706146,1039,17952361414656.0,13.254121582825332,success
1819,9176,82084810000.0,10.914262771606445,336600,206,115317153988608.0,14.061893915520757,success
1820,9179,107975490000.0,11.0333251953125,187628,72,275153237835776.0,14.439574627690288,success
1821,9180,93727050000.0,10.971864700317383,535504,541,71958049849344.0,13.857079384924415,success
1822,9182,70442950000.0,10.847837448120117,142408,46,176415714574336.0,14.246537268148105,success
1823,9187,110598504000.0,11.043749809265137,1017516,2876,14513621434368.0,13.161775790985487,success
1825,9194,102237600000.0,11.009611129760742,170055,61,255725188153344.0,14.40777350681889,success
1826,9197,111883720000.0,11.04876708984375,33177,5,733527398154240.0,14.865416339917514,success
1827,9199,75415280000.0,10.877459526062012,561060,600,63358732599296.0,13.801806481229207,success
1828,9204,101495470000.0,11.006446838378906,33174,5,733527398154240.0,14.865416339917514,success
1829,9206,101100910000.0,11.004755020141602,27878,4,841819696922624.0,14.925219083166255,success
1830,9209,77870326000.0,10.891371726989746,1304780,6985,4858683326464.0,12.686518594051476,success
1831,9212,88856100000.0,10.948687553405762,317358,184,107746024226816.0,14.032401253884174,success
1832,9217,70357270000.0,10.847309112548828,517357,502,61252621565952.0,13.787124680910242,success
1834,9226,94167060000.0,10.973898887634277,598719,696,55055063449600.0,13.740797267487508,success
1836,9237,83767070000.0,10.923073768615723,37493,6,459285179924480.0,14.662082431960792,success
1837,9241,98320630000.0,10.992645263671875,0,0,1535789976518656.0,15.186331828797393,success
1838,9245,70715790000.0,10.849516868591309,500613,467,73059776069632.0,13.863678336752544,success
1839,9248,103769350000.0,11.016069412231445,565245,611,68188641427456.0,13.833712037761883,success
1840,9251,74034620000.0,10.86943531036377,142408,46,176415714574336.0,14.246537268148105,success
1842,9258,101007860000.0,11.004355430603027,393217,280,87607643996160.0,13.94254200115118,success
1843,9261,100932080000.0,11.004029273986816,632270,794,29630346035200.0,13.47173672337679,success
1846,9279,91594710000.0,10.961870193481445,609278,726,55012763893760.0,13.740463464867142,success
1847,9283,74567860000.0,10.872551918029785,205477,84,158344471904256.0,14.19960290595621,success
1848,9285,85060470000.0,10.929727554321289,120520,35,381228075188224.0,14.581184876358591,success
1852,9300,97710260000.0,10.989940643310547,85,0,1535789976518656.0,15.186331828797393,success
1853,9301,71564485000.0,10.854698181152344,104402,28,471019466784768.0,14.673038856476026,success
1855,9309,64667836000.0,10.810688018798828,279607,145,155587975315456.0,14.191976029312148,success
1856,9316,107531120000.0,11.031534194946289,1661917,20786,2400601767936.0,12.380320121601251,success
1857,9319,100318460000.0,11.001380920410156,22737,3,899670222045184.0,14.95408334611498,success
1859,9327,81157320000.0,10.909327507019043,1151273,4350,8611589259264.0,12.935083307416061,success
1860,9332,103015610000.0,11.012903213500977,626457,777,51981146128384.0,13.715845850996953,success
1861,9335,94208870000.0,10.974091529846191,662330,887,42830399537152.0,13.631752125668367,success
1862,9337,111014570000.0,11.045380592346191,479387,424,75413711749120.0,13.877450316633473,success
1864,9344,70324360000.0,10.847105979919434,1167579,4577,8613186764800.0,12.935163864381229,success
1865,9346,106923810000.0,11.029074668884277,287336,153,140163564961792.0,14.146635134939482,success
1866,9347,81126050000.0,10.909160614013672,1438141,10534,4472145707008.0,12.650515944860182,success
1867,9353,105022820000.0,11.021284103393555,304751,171,183455803506688.0,14.263531454936686,success
1869,9362,81992580000.0,10.913774490356445,128646,39,334133456797696.0,14.523919963740937,success
1871,9372,110846070000.0,11.044720649719238,316406,183,182627713679360.0,14.261566682205684,success
1872,9373,76437545000.0,10.883306503295898,1043020,3109,11831488806912.0,13.07303939720137,success
1876,9392,108599460000.0,11.03582763671875,482286,430,67993501433856.0,13.832467406437349,success
1877,9394,114554260000.0,11.059011459350586,1212063,5251,8621193166848.0,12.935567376024036,success
1878,9395,91625440000.0,10.962016105651855,1235044,5636,8685391183872.0,12.938789383539723,success
1879,9400,82154275000.0,10.914629936218262,442353,358,79309163200512.0,13.899323367614166,success
1880,9403,113133370000.0,11.053590774536133,347378,219,66468171481088.0,13.822613731631124,success
1881,9405,83691030000.0,10.92267894744873,809044,1473,27973226856448.0,13.446742567376763,success
1882,9408,95361080000.0,10.979371070861816,258352,126,188105843802112.0,14.274402287796992,success
1884,9417,95502370000.0,10.980013847351074,17916,2,1033314370584576.0,15.014232469282954,success
1888,9436,114148170000.0,11.057469367980957,453332,377,84586503602176.0,13.92730107369279,success
1889,9437,91615750000.0,10.961970329284668,1419410,9947,4858718978048.0,12.686521780764492,success
1890,9442,112859180000.0,11.052536964416504,104399,28,471019466784768.0,14.673038856476026,success
1891,9443,73309970000.0,10.86516284942627,1130579,4078,7254855647232.0,12.860628775528506,success
1893,9452,98497585000.0,10.993425369262695,268732,136,127507051315200.0,14.105534202515887,success
1895,9461,101141190000.0,11.004928588867188,142408,46,176415714574336.0,14.246537268148105,success
1896,9463,75911455000.0,10.8803071975708,1214258,5288,5586804015104.0,12.747163436591636,success
1898,9473,76868260000.0,10.885746955871582,1187499,4864,9465461997568.0,12.9761418161971,success
1899,9478,108178960000.0,11.034143447875977,1075190,3435,14558664065024.0,13.163121524990263,success
1900,9479,116792850000.0,11.067416191101074,317359,184,107746024226816.0,14.032401253884174,success
1903,9490,94112506000.0,10.973647117614746,868149,1788,23117688733696.0,13.363944411912074,success
1905,9499,105931450000.0,11.025025367736816,355198,229,144828495036416.0,14.160854017797469,success
1906,9501,84122730000.0,10.92491340637207,1206917,5164,8314699120640.0,12.91984653826871,success
1907,9504,105923750000.0,11.024993896484375,245923,115,127064946507776.0,14.104025757966163,success
1908,9506,63665090000.0,10.803901672363281,72658,16,379204239622144.0,14.578873184241477,success
1909,9509,71075440000.0,10.851719856262207,576986,639,61046635102208.0,13.785661730577091,success
1910,9512,68210140000.0,10.83384895324707,610983,731,39293930176512.0,13.594325469092018,success
1912,9524,96654880000.0,10.985223770141602,590488,675,57136910434304.0,13.756916753064406,success
1914,9531,113018920000.0,11.05315113067627,55131,10,635853466501120.0,14.803357043286407,success
1915,9533,74483890000.0,10.872062683105469,28194,4,841819696922624.0,14.925219083166255,success
1916,9536,76691700000.0,10.884748458862305,104403,28,471019466784768.0,14.673038856476026,success
1918,9547,75620246000.0,10.87863826751709,285612,151,177005769261056.0,14.24798742182739,success
1919,9551,105874290000.0,11.02479076385498,1225888,5480,8214641901568.0,12.914588636114024,success
1920,9554,83007400000.0,10.919116973876953,309686,176,137337300320256.0,14.137788506087608,success
1921,9559,68305410000.0,10.834455490112305,761702,1256,29992079589376.0,13.477006579893521,success
1922,9567,110024835000.0,11.041491508483887,713251,1064,36202195451904.0,13.558734908757899,success
1923,9568,92149240000.0,10.964491844177246,187628,72,275153237835776.0,14.439574627690288,success
1926,9583,113642450000.0,11.055541038513184,621423,761,58473605758976.0,13.766959875313992,success
1927,9584,97631490000.0,10.98958969116211,137400,43,343380722712576.0,14.53577591035154,success
1929,9591,83568706000.0,10.922043800354004,11748,1,1307340129173504.0,15.116388592175756,success
1930,9593,116855390000.0,11.067648887634277,1185662,4836,8243479838720.0,12.916110580110976,success
1931,9595,96436945000.0,10.984243392944336,122240,36,374207984697344.0,14.573113050061371,success
1932,9598,102153840000.0,11.009254455566406,51544,9,641211639529472.0,14.807001397240343,success
1933,9601,97830480000.0,10.990474700927734,494941,456,47788842811392.0,13.679326514372821,success
1934,9604,106354110000.0,11.026754379272461,203921,83,128114512363520.0,14.107598327889981,success
1936,9608,87193570000.0,10.940485000610352,1225888,5480,8214641901568.0,12.914588636114024,success
1937,9612,64621820000.0,10.810379028320312,1349096,8004,2854695469056.0,12.455559785729799,success
1938,9617,104778090000.0,11.020270347595215,706957,1042,39596536627200.0,13.597657201342832,success
1940,9626,99025950000.0,10.995749473571777,55066,10,635853466501120.0,14.803357043286407,success
1941,9627,75097920000.0,10.875628471374512,1145022,4263,10996130250752.0,13.041239875482802,success
1942,9631,76192720000.0,10.881913185119629,818774,1522,26302249697280.0,13.419992896373008,success
1944,9640,99552215000.0,10.998050689697266,159038,55,242969403719680.0,14.385551587868612,success
1945,9642,112496020000.0,11.051137924194336,466139,399,61582495186944.0,13.789457281578665,success
1946,9644,127703670000.0,11.10620403289795,138686,44,332506201063424.0,14.521799749075257,success
1947,9645,74302240000.0,10.871002197265625,84201,20,431286791438336.0,14.63476615767462,success
1948,9650,74291585000.0,10.870940208435059,358221,233,146538932207616.0,14.165953022619735,success
1949,9655,106348820000.0,11.0267333984375,412328,309,102281827581952.0,14.009798479440981,success
1950,9656,83641260000.0,10.922420501708984,605502,715,47572056014848.0,13.677351921581925,success
1951,9659,72574220000.0,10.860782623291016,482292,430,67993501433856.0,13.832467406437349,success
1952,9661,96752530000.0,10.985662460327148,272151,139,146933045788672.0,14.167119481220379,success
1954,9667,109564800000.0,11.039670944213867,1844196,35980,1409661796352.0,12.149114929962987,success
1956,9673,116424410000.0,11.066044807434082,370924,249,113038212464640.0,14.053225281157548,success
1962,9708,97566680000.0,10.989301681518555,906451,2025,22568004222976.0,13.353493154413483,success
1965,9721,97034854000.0,10.98692798614502,470732,407,75625037561856.0,13.878665603368331,success
1967,9731,109259390000.0,11.038458824157715,693392,991,36802236776448.0,13.565874215144914,success
1970,9740,112316350000.0,11.050443649291992,751977,1216,30019755704320.0,13.477407153706803,success
1971,9741,115241270000.0,11.06160831451416,469716,405,77950888181760.0,13.891821067956416,success
1973,9747,88130610000.0,10.9451265335083,33174,5,733527398154240.0,14.865416339917514,success
1976,9760,98500360000.0,10.993437767028809,1369712,8532,4950088744960.0,12.694612985014567,success
1977,9762,96341475000.0,10.983813285827637,192575,75,134628685905920.0,14.129137606717837,success
1978,9765,90816970000.0,10.95816707611084,1328088,7498,6368819937280.0,12.804058970450876,success
1979,9768,66568925000.0,10.823271751403809,1433941,10401,4460404801536.0,12.649374274652871,success
1982,9785,81461360000.0,10.910951614379883,192574,75,134628685905920.0,14.129137606717837,success
1987,9817,123344400000.0,11.091119766235352,708767,1048,34086227804160.0,13.53257894213579,success
1988,9818,99657370000.0,10.998509407043457,1500905,12739,3794737561600.0,12.579181746110272,success
1989,9820,110899210000.0,11.044928550720215,940542,2260,21507724017664.0,13.332594455070536,success
1990,9821,106999010000.0,11.029379844665527,540053,551,55684209049600.0,13.745732055229078,success
1991,9822,78442370000.0,10.894551277160645,648710,843,38889406332928.0,13.589831313466272,success
1992,9825,82021160000.0,10.913926124572754,948607,2318,16561760894976.0,13.219106510366421,success
1993,9827,80103600000.0,10.90365219116211,1223121,5435,8389620400128.0,12.923742311024254,success
1995,9835,98068060000.0,10.991527557373047,418698,319,95636196163584.0,13.980622294147855,success
1997,9843,72672190000.0,10.861368179321289,982726,2581,18481261051904.0,13.266731601580954,success
1999,9853,99298796000.0,10.996944427490234,284418,150,88344214110208.0,13.946178111711578,success
2001,9862,113706615000.0,11.0557861328125,1127985,4046,10475932745728.0,13.02019270164199,success
2002,9864,82891940000.0,10.918512344360352,547226,568,62956708560896.0,13.799042014598683,success
2005,9882,104738200000.0,11.020105361938477,733407,1139,35410260525056.0,13.549129122018716,success
2007,9888,81807155000.0,10.91279125213623,2029869,61662,890547208192.0,11.949656946498713,success
2011,9915,76259270000.0,10.882292747497559,1033804,3023,9574306283520.0,12.981107316514949,success
2012,9920,82951390000.0,10.918824195861816,479388,424,75413711749120.0,13.877450316633473,success
2013,9924,116619600000.0,11.066771507263184,910968,2054,22546013487104.0,13.353069762462006,success
2014,9926,69726760000.0,10.843400001525879,236465,107,187167024349184.0,14.272229335830058,success
2016,9940,97222130000.0,10.987765312194824,842694,1646,25289102983168.0,13.402933424980255,success
2018,9952,75002446000.0,10.875075340270996,955079,2365,17084703571968.0,13.232607447976726,success
2019,9958,87433360000.0,10.94167709350586,628373,783,54372062986240.0,13.735375811326948,success
2020,9960,96970690000.0,10.986640930175781,449715,371,79526629474304.0,13.900512576420692,success
2021,9964,68453110000.0,10.835392951965332,507042,481,56581853020160.0,13.752677166225471,success
2022,9969,102493780000.0,11.010697364807129,744263,1184,34884101865472.0,13.542627546008278,success
2023,9971,80108850000.0,10.903680801391602,976351,2529,17889549615104.0,13.252599406965516,success
2024,9974,70703140000.0,10.849438667297363,1531849,14001,3644823175168.0,12.561676463816802,success
2025,9978,106391240000.0,11.02690601348877,712096,1060,33746575163392.0,13.52822970418592,success
2026,9980,105370034000.0,11.022717475891113,925065,2150,21033320972288.0,13.322907849294582,success
2028,9984,63794156000.0,10.804780960083008,455495,381,49719699046400.0,13.69652849119078,success
2029,9987,93531440000.0,10.97095775604248,1471255,11637,3751791558656.0,12.574238701924475,success
2031,9994,86530540000.0,10.937170028686523,634847,801,42187903467520.0,13.625187943606322,success
2032,9997,101047820000.0,11.00452709197998,530640,530,71088553852928.0,13.851799679510533,success
2036,10015,92126720000.0,10.964385986328125,1295602,6794,5431018651648.0,12.734881294284783,success
2042,10048,65285630000.0,10.814817428588867,157570,54,314248664186880.0,14.497273440256166,success
2043,10050,83877550000.0,10.923645973205566,1024215,2935,13169447665664.0,13.119567560779211,success
2044,10055,100700040000.0,11.003029823303223,1325281,7435,6351255240704.0,12.802859566274249,success
2045,10058,89414000000.0,10.95140552520752,411683,308,100990426546176.0,14.004280206503156,success
2051,10083,68587684000.0,10.836246490478516,379411,261,103206847774720.0,14.01370851368762,success
2052,10086,96203400000.0,10.983190536499023,2,0,1535789976518656.0,15.186331828797393,success
2053,10089,63788585000.0,10.804742813110352,33175,5,733527398154240.0,14.865416339917514,success
2055,10099,98431970000.0,10.993136405944824,1755586,27551,1836076105728.0,12.26389067883292,success
2057,10104,102386975000.0,11.010245323181152,608000,722,49357130825728.0,13.693349905831289,success
2058,10105,84469280000.0,10.926698684692383,1585438,16472,3147749130240.0,12.498000112602549,success
2060,10116,98720784000.0,10.99440860748291,168098,60,290497797029888.0,14.463142843296431,success
2062,10122,100479840000.0,11.002079010009766,843214,1649,26776988286976.0,13.427761728616957,success
2063,10125,105666460000.0,11.023937225341797,495980,458,69916229107712.0,13.844577996830647,success
2064,10126,66219630000.0,10.8209867477417,562839,605,61406233755648.0,13.788212461503669,success
2065,10128,96595845000.0,10.98495864868164,645289,833,25827265740800.0,13.412078431084751,success
2066,10131,66575270000.0,10.823312759399414,195434,77,230889556541440.0,14.363404289612728,success
2067,10136,109898930000.0,11.040993690490723,860911,1748,23363588194304.0,13.368539542777487,success
2068,10137,90619855000.0,10.957223892211914,1291050,6697,5436702457856.0,12.7353355654006,success
2069,10141,63220842000.0,10.800860404968262,485891,437,84636801695744.0,13.92755924363093,success
2070,10145,104503990000.0,11.019133567810059,450433,372,95095382605824.0,13.978159430107814,success
2072,10152,89619055000.0,10.952400207519531,1053359,3211,13532490891264.0,13.131377743439057,success
2074,10160,79809480000.0,10.902054786682129,996030,2691,16641920335872.0,13.221203438730727,success
2075,10164,98191550000.0,10.992074012756348,220542,95,183994033373184.0,14.264803739775207,success
2076,10165,96222600000.0,10.983277320861816,884026,1884,22378010640384.0,13.349821476012478,success
2077,10168,97172690000.0,10.987544059753418,419273,320,107388266872832.0,14.030956833405007,success
2078,10172,98364620000.0,10.992838859558105,809654,1476,22847502155776.0,13.358838726976556,success
2079,10174,89495000000.0,10.951799392700195,631940,793,33260883148800.0,13.52193377649981,success
2080,10176,94345420000.0,10.97472095489502,361286,237,74851809230848.0,13.874202302066884,success
2081,10179,92857730000.0,10.967818260192871,337382,207,96327551680512.0,13.983750522134436,success
2082,10182,67160494000.0,10.82711410522461,685052,962,34999956930560.0,13.544067509926515,success
2087,10216,113355820000.0,11.054444313049316,665870,898,48686457421824.0,13.687408175077296,success
2089,10223,81291790000.0,10.910046577453613,126396,38,128062117117952.0,14.107420677287024,success
2090,10227,103169510000.0,11.013551712036133,424030,327,99669908652032.0,13.998564060228068,success
2091,10229,92293560000.0,10.965171813964844,1330783,7561,5935467593728.0,12.773454938181363,success
2092,10232,78173405000.0,10.893058776855469,70146,15,497315974479872.0,14.696632409598273,success
2093,10237,105565820000.0,11.023523330688477,789583,1382,25363210043392.0,13.404204218291206,success
2094,10238,91488800000.0,10.9613676071167,1070302,3383,13868498681856.0,13.142029449575393,success
2097,10251,93838960000.0,10.972383499145508,102605,27,456104488206336.0,14.659064345851233,success
2098,10255,93486300000.0,10.970747947692871,78525,18,407155215695872.0,14.609760002516866,success
2099,10258,86033910000.0,10.934669494628906,1217461,5343,8125443211264.0,12.90984705936864,success
2100,10261,94159930000.0,10.97386646270752,152086,51,316146536415232.0,14.499888428205248,success
2102,10267,95512590000.0,10.980060577392578,1365044,8408,6334255202304.0,12.801695556781343,success
2103,10269,103159220000.0,11.013508796691895,849266,1682,24637930995712.0,13.391604234544618,success
2104,10270,103211750000.0,11.013729095458984,601198,703,55955853148160.0,13.747845521731092,success
2105,10271,88354670000.0,10.946229934692383,570624,624,47573284945920.0,13.677363140585985,success
2107,10276,91774180000.0,10.96272087097168,1370327,8547,3501029588992.0,12.544195781225373,success
2108,10278,75960750000.0,10.880589485168457,658129,873,49302953000960.0,13.692872932129449,success
2111,10293,72580870000.0,10.860822677612305,606900,719,52121881804800.0,13.71702008706141,success
2112,10296,86647850000.0,10.93775749206543,814876,1502,28631336222720.0,13.456841616991632,success
2113,10301,80018880000.0,10.903192520141602,698458,1010,43189637480448.0,13.635379558738359,success
2114,10304,108211315000.0,11.034273147583008,765959,1274,22666945757184.0,13.355393005342108,success
2115,10306,77709570000.0,10.890474319458008,58083,11,547336941993984.0,14.738254761430827,success
2117,10315,73240900000.0,10.864753723144531,638387,812,24729859653632.0,13.393221651669581,success
2118,10320,111081430000.0,11.045641899108887,463239,394,76312400101376.0,13.882595112765458,success
2119,10321,97802380000.0,10.990349769592285,333105,202,158652518367232.0,14.200446970254973,success
2120,10323,91710590000.0,10.962419509887695,1136918,4157,9742687666176.0,12.988678780038217,success
2122,10330,107114690000.0,11.0298490524292,1010464,2813,12571470987264.0,13.099386097437337,success
2123,10331,100950950000.0,11.004110336303711,938325,2244,21134307229696.0,13.324988016477727,success
2125,10340,100004870000.0,11.000020980834961,976351,2529,17889549615104.0,13.252599406965516,success
2126,10342,75873165000.0,10.880088806152344,1918802,44921,1212044410880.0,12.083518533235184,success
2127,10347,90391630000.0,10.956128120422363,876709,1839,20663026843648.0,13.315193939894554,success
2128,10349,98275350000.0,10.99244499206543,563224,606,66377327050752.0,13.822019759815857,success
2129,10351,109512516000.0,11.039463996887207,417717,317,108471882088448.0,14.035317175636992,success
2131,10358,71685915000.0,10.85543441772461,763885,1265,35933109878784.0,13.555494805424765,success
2134,10369,99596400000.0,10.998244285583496,1101924,3734,13069813022720.0,13.116269374590354,success
2135,10372,77682970000.0,10.890325546264648,449116,370,105982210342912.0,14.025232972828052,success
2136,10375,82118580000.0,10.91444206237793,402171,293,100814081228800.0,14.003521196522815,success
2137,10381,88381720000.0,10.946362495422363,777648,1326,32969087516672.0,13.51810692736887,success
2138,10382,88702960000.0,10.947937965393066,1687791,22468,2043072086016.0,12.310283690179519,success
2139,10386,104064940000.0,11.017304420471191,1070574,3386,13819412742144.0,13.14048958802622,success
2140,10387,97422880000.0,10.98866081237793,322253,189,142160531816448.0,14.1527790394773,success
2141,10390,106136380000.0,11.025864601135254,142408,46,176415714574336.0,14.246537268148105,success
2143,10397,100720610000.0,11.003118515014648,200926,81,272367582445568.0,14.435155416005761,success
2146,10407,102751674000.0,11.011789321899414,1033906,3024,11935994085376.0,13.076858594923399,success
2148,10412,93732860000.0,10.971892356872559,245924,115,127064946507776.0,14.104025757966163,success
2149,10414,107597430000.0,11.0318021774292,1293188,6742,5023572426752.0,12.701012668029207,success
2152,10428,99192250000.0,10.996478080749512,878225,1848,24820431454208.0,13.394809326580646,success
2153,10431,74312114000.0,10.87105941772461,196895,78,260628933509120.0,14.416022626901675,success
2154,10435,87208660000.0,10.940559387207031,431997,340,114998093283328.0,14.060690639628445,success
2155,10437,98962710000.0,10.995471954345703,1626268,18656,2461002366976.0,12.3911120314046,success
2156,10438,74933270000.0,10.874674797058105,966627,2454,14265810419712.0,13.154296448324786,success
2158,10449,100631530000.0,11.002734184265137,510705,489,63187059736576.0,13.80062814694668,success
2159,10451,110489680000.0,11.04332160949707,1558960,15193,2653903650816.0,12.42388515188241,success
2160,10452,100111884000.0,11.00048542022705,374329,254,110979648061440.0,14.04524334324606,success
2161,10453,76148750000.0,10.88166332244873,24,0,1535789976518656.0,15.186331828797393,success
2162,10455,64495720000.0,10.809531211853027,825042,1554,27429380816896.0,13.438216004074071,success
2163,10460,99526074000.0,10.997937202453613,313639,180,142675005145088.0,14.154347896882348,success
2165,10464,91335710000.0,10.960640907287598,784435,1358,30948630462464.0,13.490641435399606,success
2166,10466,82170946000.0,10.914718627929688,475358,416,90803720421376.0,13.958103642853386,success
2167,10469,70978840000.0,10.851128578186035,731078,1130,39711770935296.0,13.598919254736447,success
2168,10474,104156860000.0,11.017687797546387,1346577,7941,4906357358592.0,12.69075917721982,success
2170,10478,107143640000.0,11.029966354370117,17936,2,1033314370584576.0,15.014232469282954,success
2171,10480,79622300000.0,10.90103530883789,183516,69,269337868894208.0,14.43029741949233,success
2172,10483,105749150000.0,11.024277687072754,94753,24,367364893835264.0,14.565097651855222,success
2173,10485,78154785000.0,10.892955780029297,770590,1295,17417087483904.0,13.240975533253643,success
2174,10490,97579794000.0,10.989359855651855,120530,35,381228075188224.0,14.581184876358591,success
2175,10491,76362640000.0,10.882881164550781,680086,946,50929000775680.0,13.706965155424845,success
2177,10502,74013204000.0,10.869309425354004,632688,795,52661088944128.0,13.721489835353722,success
2178,10506,107885630000.0,11.032963752746582,1286159,6595,6665866838016.0,12.82385663364307,success
2180,10513,70264640000.0,10.846736907958984,55060,10,635853466501120.0,14.803357043286407,success
2182,10522,72221890000.0,10.85866928100586,488204,442,78141225697280.0,13.89288021914101,success
2183,10525,111257310000.0,11.0463285446167,1187845,4869,8808959049728.0,12.944924591082993,success
2186,10539,87011830000.0,10.93957805633545,17924,2,1033314370584576.0,15.014232469282954,success
2187,10541,63977603000.0,10.806028366088867,17908,2,1033314370584576.0,15.014232469282954,success
2189,10553,89369200000.0,10.951188087463379,1618834,18241,2018280341504.0,12.304981490103163,success
2190,10555,73997870000.0,10.869219779968262,411108,307,100631763222528.0,14.00273508226059,success
2191,10559,108439100000.0,11.035185813903809,918692,2104,22701823492096.0,13.356060742688665,success
2192,10561,93220150000.0,10.969510078430176,210122,87,78567408926720.0,13.895242430790523,success
2197,10590,96391270000.0,10.984037399291992,229908,102,98802778243072.0,13.994769156719931,success
2199,10596,74777070000.0,10.87376880645752,17914,2,1033314370584576.0,15.014232469282954,success
2200,10599,100493790000.0,11.0021390914917,187628,72,275153237835776.0,14.439574627690288,success
2201,10601,105731056000.0,11.024203300476074,776522,1321,24956794568704.0,13.397188804146591,success
2204,10615,87364210000.0,10.941333770751953,346454,218,121661835706368.0,14.085154365070611,success
2206,10622,95875520000.0,10.981707572937012,655871,866,43967274024960.0,13.643129540156501,success
2209,10633,70066600000.0,10.845511436462402,225690,99,137743803875328.0,14.139072072109837,success
2210,10636,76483650000.0,10.88356876373291,33175,5,733527398154240.0,14.865416339917514,success
2211,10638,83072120000.0,10.919455528259277,839279,1628,14546756435968.0,13.162766167273997,success
2212,10642,66508538000.0,10.822877883911133,521452,510,77027050782720.0,13.886643269881057,success
2214,10655,95004480000.0,10.977744102478027,439883,353,86192754262016.0,13.935470758675221,success
2215,10658,90974350000.0,10.958919525146484,1325500,7440,6952322072576.0,12.842129882989312,success
2216,10661,114304400000.0,11.058063507080078,674687,928,41442772779008.0,13.61744880470864,success
2218,10667,92642370000.0,10.96681022644043,424030,327,99669908652032.0,13.998564060228068,success
2219,10670,68641747000.0,10.836588859558105,980254,2560,17716310179840.0,13.248373275372805,success
2220,10674,92225140000.0,10.964849472045898,217960,93,235066697449472.0,14.371191105780005,success
2222,10683,83567230000.0,10.922036170959473,1408386,9611,4836120592384.0,12.68449712179046,success
2223,10686,98468800000.0,10.993298530578613,116115,33,369590794190848.0,14.56772114522689,success
2225,10692,107036530000.0,11.029532432556152,991637,2653,7268410589184.0,12.861439452425255,success
2226,10693,99976310000.0,10.999897003173828,130741,40,235068089958400.0,14.371193678484513,success
2229,10708,100956720000.0,11.004135131835938,985236,2600,15371288444928.0,13.186710272253814,success
2231,10714,76856975000.0,10.885683059692383,150265,50,338210588721152.0,14.529187200397084,success
2232,10719,116131010000.0,11.064948081970215,22753,3,899670222045184.0,14.95408334611498,success
2233,10720,94816200000.0,10.976882934570312,363632,240,70644460945408.0,13.849078115580904,success
2234,10723,94415940000.0,10.975045204162598,109280,30,389327343321088.0,14.590314906252068,success
2235,10724,83348726000.0,10.920899391174316,446262,365,96600407932928.0,13.984978960397331,success
2237,10732,68520780000.0,10.835822105407715,142408,46,176415714574336.0,14.246537268148105,success
2239,10743,95359205000.0,10.979362487792969,153871,52,275655178584064.0,14.440366155746386,success
2240,10745,105159460000.0,11.021848678588867,1136768,4155,8781599604736.0,12.94357363165041,success
2242,10750,67651530000.0,10.830277442932129,313643,180,142675005145088.0,14.154347896882348,success
2246,10764,106243260000.0,11.026301383972168,411683,308,100990426546176.0,14.004280206503156,success
2247,10766,73484230000.0,10.866194725036621,1056807,3243,8124430811136.0,12.90979294451347,success
2250,10779,71182850000.0,10.852375984191895,1343919,7872,6210549972992.0,12.793130060669279,success
2251,10783,110412030000.0,11.04301643371582,484938,435,70737238949888.0,13.849648104217357,success
2253,10788,103665720000.0,11.01563549041748,295363,161,170170278477824.0,14.230883709566198,success
2254,10790,108393110000.0,11.035001754760742,81618,19,467371865145344.0,14.669662565180955,success
2255,10791,103257340000.0,11.013920783996582,748767,1203,37577016999936.0,13.574922301259804,success
2256,10792,92555280000.0,10.966401100158691,1103814,3756,11476305707008.0,13.059802108508983,success
2257,10795,89892560000.0,10.953723907470703,856053,1719,21550073905152.0,13.333448763895575,success
2260,10806,92087590000.0,10.964200973510742,1,0,1535789976518656.0,15.186331828797393,success
2261,10808,89557640000.0,10.952102661132812,187628,72,275153237835776.0,14.439574627690288,success
2262,10811,74694470000.0,10.87328815460205,377068,258,114313599647744.0,14.058097900567022,success
2266,10830,77823435000.0,10.89111042022705,1250171,5901,6180921409536.0,12.791053221569202,success
2268,10837,83940350000.0,10.923971176147461,11771,1,1307340129173504.0,15.116388592175756,success
2270,10842,79286190000.0,10.899197578430176,568193,618,61449854517248.0,13.788520859029939,success
2272,10852,77009630000.0,10.886545181274414,1273487,6340,4081474076672.0,12.610817042439248,success
2274,10861,90668160000.0,10.957454681396484,1309098,7077,7248274784256.0,12.860234649214012,success
2277,10874,96660550000.0,10.985249519348145,295353,161,170170278477824.0,14.230883709566198,success
2279,10882,71820720000.0,10.856249809265137,1591002,16755,2809657819136.0,12.448653431538558,success
2282,10898,70205860000.0,10.846373558044434,473315,412,81883476000768.0,13.913196270432948,success
2284,10905,106025026000.0,11.025408744812012,827818,1568,29379719593984.0,13.468047646479201,success
2286,10910,81491970000.0,10.911114692687988,517357,502,61252621565952.0,13.787124680910242,success
2287,10913,77300310000.0,10.888181686401367,33219,5,733527398154240.0,14.865416339917514,success
2289,10918,93422310000.0,10.970450401306152,1166911,4567,10449785454592.0,13.019107374002738,success
2290,10919,82908570000.0,10.918599128723145,377738,259,112847262580736.0,14.052491028540052,success
2291,10921,87680336000.0,10.942902565002441,1390017,9077,4486921191424.0,12.651948441623501,success
2292,10923,89933120000.0,10.953919410705566,882638,1875,24767551766528.0,13.39388307938212,success
2293,10925,90036180000.0,10.95441722869873,64931,13,553877338324992.0,14.743413596521044,success
2294,10928,106142360000.0,11.02588939666748,472857,411,84143316664320.0,13.92501962653793,success
2295,10930,64727200000.0,10.811086654663086,206780,85,123098057670656.0,14.090251200375905,success
2296,10934,69396660000.0,10.841339111328125,111937,31,390177377746944.0,14.591262085651834,success
2297,10938,69570270000.0,10.842423439025879,471320,408,82125034356736.0,13.914475564253532,success
2298,10942,94779790000.0,10.976716041564941,441354,356,95938353823744.0,13.981992262270406,success
2300,10949,100228006000.0,11.000988960266113,382406,265,116946104221696.0,14.067985758909593,success
2301,10950,100845750000.0,11.003657341003418,228537,101,121944716345344.0,14.086162987825046,success
2302,10952,90056000000.0,10.954512596130371,1265479,6187,7739406811136.0,12.888707675344039,success
2303,10955,68435120000.0,10.83527946472168,86969,21,382146090893312.0,14.582229421392805,success
2304,10958,84640970000.0,10.927580833435059,1020343,2901,15494228738048.0,13.190169963076347,success
2305,10961,95925040000.0,10.981932640075684,1137210,4161,11766052421632.0,13.070630778980442,success
2307,10967,99175465000.0,10.996404647827148,245925,115,127064946507776.0,14.104025757966163,success
2308,10968,94143900000.0,10.97379207611084,1385084,8939,4274898862080.0,12.630925844406846,success
2310,10976,90779345000.0,10.957986831665039,520019,507,68217351438336.0,13.83389485376905,success
2311,10978,89511760000.0,10.95188045501709,628063,782,49241841991680.0,13.692334290235314,success
2315,10994,97144000000.0,10.98741626739502,985383,2601,15617415446528.0,13.193609163332276,success
2316,10996,83080700000.0,10.919500350952148,148391,49,324038740148224.0,14.510596934980795,success
2317,10999,103741160000.0,11.015951156616211,831457,1587,22334144512000.0,13.348969321892556,success
2318,11000,98191540000.0,10.992074012756348,792009,1393,23691681333248.0,13.37459588249741,success
2320,11005,72709880000.0,10.861593246459961,175556,64,279798244966400.0,14.446844986053598,success
2321,11008,77363110000.0,10.888534545898438,851936,1697,25339753398272.0,13.403802384095535,success
2322,11010,85269840000.0,10.930795669555664,1497908,12623,3738577928192.0,12.572706437659184,success
2323,11012,91043530000.0,10.959249496459961,1094151,3646,9733089001472.0,12.988250694676257,success
2325,11021,109696320000.0,11.040192604064941,1186157,4844,6443161878528.0,12.809099042733633,success
2326,11022,100783480000.0,11.003389358520508,1396739,9272,4012285362176.0,12.60339181338406,success
2327,11023,72141080000.0,10.858182907104492,180645,67,278848855867392.0,14.445368866896443,success
2329,11031,72268720000.0,10.8589506149292,350629,223,131011845292032.0,14.117310563689344,success
2331,11040,70847180000.0,10.850322723388672,300374,166,154801711087616.0,14.189775756810716,success
2332,11045,101582520000.0,11.006818771362305,813034,1493,33249468350464.0,13.521784705449477,success
2334,11051,93317370000.0,10.969963073730469,362914,239,113186665660416.0,14.053795266329251,success
2336,11056,104546860000.0,11.01931095123291,529396,527,70330672480256.0,13.847144770023503,success
2337,11057,104706070000.0,11.01997184753418,265612,133,198890708008960.0,14.29861449375943,success
2339,11061,70498560000.0,10.848180770874023,608323,723,42922057662464.0,13.632680533658155,success
2342,11072,78912480000.0,10.897146224975586,345893,217,144810090430464.0,14.160798824745035,success
2343,11074,89499810000.0,10.951822280883789,641595,821,45085274144768.0,13.654034714782883,success
2346,11086,92574790000.0,10.966492652893066,561727,602,64531443220480.0,13.80977137804191,success
2347,11087,101173020000.0,11.005064964294434,33284,5,733527398154240.0,14.865416339917514,success
2348,11088,97747160000.0,10.990104675292969,651355,852,25859515744256.0,13.412620387846518,success
2350,11093,89360810000.0,10.951147079467773,590799,676,59100150890496.0,13.77158858969388,success
2351,11094,103991300000.0,11.016997337341309,75826,17,416661488271360.0,14.619783360778436,success
2357,11120,81890890000.0,10.913235664367676,124332,37,197666877210624.0,14.2959339012316,success
2358,11124,105780680000.0,11.024406433105469,199580,80,193627108147200.0,14.286966159246084,success
2362,11141,94707600000.0,10.976385116577148,893750,1944,25524835450880.0,13.406962951032986,success
2363,11143,95282740000.0,10.97901439666748,312721,179,150488372740096.0,14.177502946110009,success
2365,11150,74715150000.0,10.873409271240234,199587,80,193627108147200.0,14.286966159246084,success
2366,11155,100729790000.0,11.003158569335938,952129,2343,20930908651520.0,13.32078808231744,success
2367,11156,102279650000.0,11.00978946685791,340753,211,129321414950912.0,14.111670447733607,success
2368,11158,107381980000.0,11.03093147277832,1039023,3072,5178029244416.0,12.714164498909327,success
2369,11159,99233440000.0,10.996658325195312,118257,34,367825831067648.0,14.565642224891787,success
2373,11176,97056825000.0,10.98702621459961,624468,771,34327614193664.0,13.53564362053812,success
2375,11182,72624500000.0,10.861083030700684,1163700,4524,9033645817856.0,12.955863059175776,success
2377,11194,70566870000.0,10.848601341247559,713549,1065,20960482689024.0,13.321401279588686,success
2378,11197,72762450000.0,10.861907005310059,346465,218,121661835706368.0,14.085154365070611,success
2379,11200,89232474000.0,10.950523376464844,109279,30,389327343321088.0,14.590314906252068,success
2380,11202,86815080000.0,10.93859577178955,214510,90,239398222299136.0,14.379120921139139,success
2381,11206,77538930000.0,10.889519691467285,527689,523,70654569218048.0,13.849140252837353,success
2382,11209,92041900000.0,10.963985443115234,556056,588,64427017633792.0,13.809068028053392,success
2384,11217,92668576000.0,10.96693229675293,1154782,4398,11067552956416.0,13.044051608683343,success
2386,11223,90120070000.0,10.954821586608887,706147,1039,17952361414656.0,13.254121582825332,success
2388,11229,104807340000.0,11.020392417907715,734339,1143,21088054542336.0,13.324036516178564,success
2389,11230,67807440000.0,10.831277847290039,356838,231,121593208504320.0,14.084909318427938,success
2390,11235,72516140000.0,10.860434532165527,859450,1739,16907610619904.0,13.22808223752614,success
2391,11239,96980110000.0,10.986682891845703,1877688,39750,1269997895680.0,12.103803001353342,success
2393,11245,80563770000.0,10.906140327453613,178993,66,243409721753600.0,14.386337919907303,success
2394,11249,85872070000.0,10.933852195739746,1550492,14814,3143330430976.0,12.497390037017128,success
2395,11251,79282920000.0,10.899179458618164,851038,1692,10293136588800.0,13.012547735854486,success
2398,11261,97609690000.0,10.989493370056152,452697,376,86114236891136.0,13.935074957401707,success
2399,11263,94817280000.0,10.976887702941895,94763,24,367364893835264.0,14.565097651855222,success
2400,11264,94480490000.0,10.975342750549316,1602531,17357,2701609402368.0,12.431622559098125,success
2401,11265,110442400000.0,11.043136596679688,128635,39,334133456797696.0,14.523919963740937,success
2403,11269,99476095000.0,10.997718811035156,1070230,3382,13388370411520.0,13.126727719330631,success
2404,11270,77764190000.0,10.890779495239258,138686,44,332506201063424.0,14.521799749075257,success
2406,11277,69957510000.0,10.844834327697754,275987,142,146151143636992.0,14.164802218073829,success
2407,11280,90545220000.0,10.956865310668945,27901,4,841819696922624.0,14.925219083166255,success
2408,11282,91305500000.0,10.96049690246582,459274,387,88921576833024.0,13.949007155374337,success
2409,11283,68518167000.0,10.835805892944336,1164223,4531,6238405918720.0,12.79507362988325,success
2412,11292,97157690000.0,10.98747730255127,219288,94,141371298021376.0,14.15036124555552,success
2413,11294,67416980000.0,10.82876968383789,219288,94,141371298021376.0,14.15036124555552,success
2414,11298,90313090000.0,10.955750465393066,424519,328,86779596111872.0,13.938417624511867,success
2417,11309,92959515000.0,10.968294143676758,432565,341,95518411718656.0,13.980087092391258,success
2419,11315,89472836000.0,10.951691627502441,498948,464,80022396207104.0,13.90321155184105,success
2420,11318,84222130000.0,10.925426483154297,340777,211,129321414950912.0,14.111670447733607,success
2421,11321,75954450000.0,10.880553245544434,51534,9,641211639529472.0,14.807001397240343,success
2422,11326,103329630000.0,11.014225006103516,308891,175,148736479068160.0,14.172417496531807,success
2424,11333,65290990000.0,10.81485366821289,282174,148,122913483128832.0,14.089599525907348,success
2425,11336,90678230000.0,10.957503318786621,356841,231,121593208504320.0,14.084909318427938,success
2426,11338,105935720000.0,11.025042533874512,309685,176,137337300320256.0,14.137788506087608,success
2427,11340,91388950000.0,10.960893630981445,404698,297,98328016584704.0,13.992677278915957,success
2428,11343,79564380000.0,10.900718688964844,190677,74,205864174616576.0,14.313580775369577,success
2429,11345,84727440000.0,10.928024291992188,281465,147,187930807107584.0,14.273997978930446,success
2430,11347,80947100000.0,10.908201217651367,460952,390,71213359562752.0,13.852561474537506,success
2431,11350,84516860000.0,10.9269437789917,171962,62,174374598475776.0,14.241483220589254,success
2433,11358,92953550000.0,10.968266487121582,1101560,3730,10941682941952.0,13.0390841260368,success
2434,11360,86355214000.0,10.936288833618164,728716,1121,34540905037824.0,13.538333712727198,success
2436,11367,65527770000.0,10.816425323486328,295371,161,170170278477824.0,14.230883709566198,success
2438,11374,94292780000.0,10.974478721618652,841972,1642,14803855736832.0,13.170374844255884,success
2439,11376,100684415000.0,11.002962112426758,256049,124,178725417123840.0,14.252186319330942,success
2440,11378,100373810000.0,11.001620292663574,1018374,2884,11485962043392.0,13.060167376774276,success
2441,11379,102029390000.0,11.0087251663208,487302,440,72182579331072.0,13.858432396831791,success
2444,11389,107929625000.0,11.033141136169434,11782,1,1307340129173504.0,15.116388592175756,success
2447,11402,71463900000.0,10.854086875915527,159039,55,242969403719680.0,14.385551587868612,success
2449,11412,83558140000.0,10.921988487243652,325159,193,98666782130176.0,13.994170964567003,success
2450,11414,79259830000.0,10.899053573608398,290315,156,170201618317312.0,14.23096368514303,success
2452,11426,89717340000.0,10.952876091003418,1074776,3430,13386115973120.0,13.126654583275272,success
2453,11429,83500180000.0,10.921687126159668,329614,198,133830543409152.0,14.1265552413859,success
2454,11434,103011330000.0,11.012885093688965,696126,1001,38597696684032.0,13.586561388939597,success
2455,11435,91169430000.0,10.95984935760498,875672,1833,20685145505792.0,13.315658580205682,success
2457,11442,69227970000.0,10.84028148651123,1033710,3022,13873717444608.0,13.142192845310035,success
2458,11444,94511680000.0,10.975485801696777,470731,407,75625037561856.0,13.878665603368331,success
2461,11458,79327130000.0,10.899421691894531,721910,1096,37118684430336.0,13.569592575446329,success
2463,11465,75583320000.0,10.878426551818848,294439,160,171195450261504.0,14.233492218562052,success
2465,11474,68492964000.0,10.83564567565918,202726,82,135533791543296.0,14.132047587839036,success
2468,11489,63595530000.0,10.803426742553711,816830,1512,30098759614464.0,13.47854859846117,success
2469,11493,81533870000.0,10.911337852478027,621646,762,53261860077568.0,13.726416329345087,success
2470,11498,83882260000.0,10.923670768737793,1204044,5119,9190134251520.0,12.963321855702592,success
2472,11509,98813510000.0,10.994816780090332,1273151,6334,7792403415040.0,12.891671428006932,success
2474,11514,76543566000.0,10.883909225463867,1506029,12936,3925902360576.0,12.593939494247593,success
2476,11526,97334804000.0,10.98826789855957,602508,707,54530980970496.0,13.73664331038151,success
2477,11528,79870290000.0,10.902385711669922,124332,37,197666877210624.0,14.2959339012316,success
2478,11531,85150015000.0,10.930185317993164,130756,40,235068089958400.0,14.371193678484513,success
2479,11533,107634680000.0,11.031952857971191,211746,88,223381030961152.0,14.349046290987863,success
2480,11535,87384290000.0,10.941433906555176,217960,93,235066697449472.0,14.371191105780005,success
2481,11538,92076340000.0,10.96414852142334,506164,479,74532631085056.0,13.872346452580745,success
2486,11559,88264260000.0,10.945785522460938,28312,4,841819696922624.0,14.925219083166255,success
2489,11567,80645650000.0,10.906580924987793,672114,919,41157715296256.0,13.614451258661624,success
2490,11570,66936156000.0,10.825660705566406,599331,698,56846442299392.0,13.754703289813717,success
2491,11572,71485830000.0,10.854220390319824,258353,126,188105843802112.0,14.274402287796992,success
2492,11574,88442310000.0,10.946660041809082,337382,207,96327551680512.0,13.983750522134436,success
2493,11577,74938190000.0,10.874703407287598,1210696,5227,1637608456192.0,12.214210072246072,success
2497,11593,92756340000.0,10.9673433303833,160830,56,296168328265728.0,14.47153861395946,success
2498,11595,68654125000.0,10.83666706085205,558484,594,68042126000128.0,13.832777874836172,success
2499,11600,64017093000.0,10.806296348571777,1199540,5050,9466995015680.0,12.976212148463818,success
2500,11604,73164180000.0,10.864298820495605,97408,25,219906721185792.0,14.342238503254803,success
2502,11614,89419530000.0,10.951432228088379,326069,194,118452362674176.0,14.073543727668524,success
2508,11641,74511450000.0,10.872222900390625,879583,1856,24837718278144.0,13.395111696789312,success
2510,11650,98546060000.0,10.99363899230957,1581714,16288,2978580529152.0,12.474009346215482,success
2511,11652,79292860000.0,10.8992338180542,302801,169,152895567691776.0,14.184394895779198,success
2514,11665,64818880000.0,10.811701774597168,1128575,4053,6660045144064.0,12.823477172976823,success
2516,11673,96136870000.0,10.982890129089355,346459,218,121661835706368.0,14.085154365070611,success
2517,11674,79035940000.0,10.897825241088867,221891,96,214734724923392.0,14.331902280221906,success
2520,11687,78159770000.0,10.892983436584473,701838,1024,38744426020864.0,13.588209231422884,success
2521,11690,86490640000.0,10.936968803405762,1021065,2907,14072091246592.0,13.148358642521243,success
2522,11692,96250634000.0,10.983404159545898,258359,126,188105843802112.0,14.274402287796992,success
2523,11693,85920330000.0,10.934096336364746,190677,74,205864174616576.0,14.313580775369577,success
2525,11702,65638257000.0,10.817156791687012,1337846,7727,5018087325696.0,12.70053821471831,success
2526,11706,90192910000.0,10.955172538757324,662086,886,41322236870656.0,13.616183822873925,success
2527,11708,88547180000.0,10.947175025939941,537328,545,49718398812160.0,13.696517133681578,success
2528,11709,89988430000.0,10.95418643951416,1181474,4776,10271374442496.0,13.011628561693929,success
2529,11712,92108110000.0,10.964298248291016,1272672,6324,7240805253120.0,12.859786866962304,success
2530,11714,74968750000.0,10.87488079071045,1271717,6308,5947876966400.0,12.7743619764326,success
2534,11728,75954790000.0,10.880555152893066,1591198,16766,2763770036224.0,12.441501904058947,success
2535,11730,83374400000.0,10.921032905578613,1274252,6358,6303403474944.0,12.79957510679777,success
2536,11732,69612855000.0,10.842689514160156,541378,554,70259662913536.0,13.84670606183599,success
2540,11750,88198330000.0,10.945460319519043,70202,15,497315974479872.0,14.696632409598273,success
2541,11751,100252270000.0,11.001094818115234,1298430,6855,6446177058816.0,12.809302230219242,success
2542,11752,74427120000.0,10.871731758117676,515854,499,50880686587904.0,13.70655296308309,success
2543,11755,89923490000.0,10.953873634338379,1312854,7159,6128110403584.0,12.787326580912309,success
2545,11761,88184400000.0,10.945391654968262,181998,68,276792942264320.0,14.442155012176563,success
2546,11762,103179300000.0,11.013592720031738,499365,465,72803009167360.0,13.86214933038132,success
2548,11767,73178250000.0,10.864381790161133,1551392,14854,3008754876416.0,12.478386807163051,success
2549,11773,80713970000.0,10.906949043273926,199580,80,193627108147200.0,14.286966159246084,success
2554,11797,77948000000.0,10.891804695129395,576986,639,61046635102208.0,13.785661730577091,success
2557,11807,66553496000.0,10.82317066192627,1495859,12542,3865750274048.0,12.587233795345425,success
2561,11825,78785160000.0,10.896444320678711,917577,2097,15193193054208.0,13.181649056291567,success
2563,11834,84146750000.0,10.925037384033203,256038,124,178725417123840.0,14.252186319330942,success
2565,11843,94310580000.0,10.974560737609863,1059860,3275,13886980882432.0,13.142607837629642,success
2568,11855,79542700000.0,10.90060043334961,33914,5,733527398154240.0,14.865416339917514,success
2569,11858,90867210000.0,10.958407402038574,440474,354,97267235160064.0,13.987966571146448,success
2571,11865,84038205000.0,10.924476623535156,404183,296,79690131832832.0,13.901404545287093,success
2572,11868,69063740000.0,10.839250564575195,848624,1678,24684470992896.0,13.392423824392173,success
2573,11871,102148900000.0,11.009233474731445,1041695,3097,13214222909440.0,13.121041628605433,success
2574,11872,87466790000.0,10.941843032836914,116082,33,369590794190848.0,14.56772114522689,success
2581,11910,107823374000.0,11.032712936401367,620444,758,51911076085760.0,13.715260031638698,success
2582,11911,96431800000.0,10.984220504760742,153871,52,275655178584064.0,14.440366155746386,success
2584,11916,67658870000.0,10.83032512664795,1181474,4776,10271374442496.0,13.011628561693929,success
2586,11925,78874526000.0,10.896937370300293,578013,642,40866697707520.0,13.61136954533711,success
2587,11928,71273090000.0,10.852925300598145,605828,716,60128938164224.0,13.779083534570761,success
2589,11936,77079900000.0,10.886940956115723,1328776,7513,6031525543936.0,12.780427171430244,success
2590,11939,96796300000.0,10.985858917236328,343443,214,138947200024576.0,14.142849799575945,success
2591,11940,103490330000.0,11.014900207519531,33175,5,733527398154240.0,14.865416339917514,success
2593,11945,90134675000.0,10.9548921585083,1417631,9888,4976014262272.0,12.696881616461129,success
2595,11954,83591980000.0,10.922164916992188,1843624,35914,1461106507776.0,12.164681875108453,success
2596,11956,90045320000.0,10.954461097717285,527311,522,73626208436224.0,13.867032435983639,success
2597,11958,73718055000.0,10.867573738098145,64929,13,553877338324992.0,14.743413596521044,success
2599,11963,81697870000.0,10.912210464477539,990546,2644,16629153923072.0,13.220870153255081,success
2601,11971,94795145000.0,10.976786613464355,159039,55,242969403719680.0,14.385551587868612,success
2603,11977,65790456000.0,10.81816291809082,942254,2272,15787550048256.0,13.198314740326456,success
2604,11981,94277450000.0,10.974408149719238,1139820,4195,10513681481728.0,13.021754815670489,success
2606,11985,94886660000.0,10.977205276489258,448070,368,88182574022656.0,13.945382771599856,success
2607,11986,74498990000.0,10.872150421142578,724835,1107,28071425998848.0,13.448264474896664,success
2611,12002,90543600000.0,10.956857681274414,626457,777,51981146128384.0,13.715845850996953,success
2612,12004,84624720000.0,10.927497863769531,568193,618,61449854517248.0,13.788520859029939,success
2613,12008,99140200000.0,10.99625015258789,1220350,5389,7119389065216.0,12.85244272720577,success
2614,12009,103146365000.0,11.01345443725586,1850929,36703,1472001605632.0,12.16790828372209,success
2615,12010,97484010000.0,10.988933563232422,433713,343,105406022025216.0,14.02286542356733,success
2617,12018,96196180000.0,10.983158111572266,361286,237,74851809230848.0,13.874202302066884,success
2619,12024,72907730000.0,10.862773895263672,585813,662,55736126144512.0,13.746136780442464,success
2620,12027,70052810000.0,10.845425605773926,214510,90,239398222299136.0,14.379120921139139,success
2621,12030,80630465000.0,10.906498908996582,51512,9,641211639529472.0,14.807001397240343,success
2622,12035,82391940000.0,10.915884971618652,1075613,3440,12323204890624.0,13.09072366929808,success
2623,12039,104437880000.0,11.018857955932617,396776,285,131206410665984.0,14.117955054924138,success
2626,12053,65083695000.0,10.813472747802734,849266,1682,24637930995712.0,13.391604234544618,success
2627,12056,80024510000.0,10.903223037719727,336600,206,115317153988608.0,14.061893915520757,success
2629,12063,80133880000.0,10.903816223144531,229908,102,98802778243072.0,13.994769156719931,success
2631,12072,84064900000.0,10.924614906311035,692067,987,23991269982208.0,13.380053238033137,success
2633,12078,69491380000.0,10.841931343078613,223142,97,228157068148736.0,14.358233927460837,success
2634,12081,86766250000.0,10.938350677490234,1292316,6724,5030905643008.0,12.701646172005685,success
2635,12084,91658840000.0,10.962174415588379,802928,1444,28054269198336.0,13.44799896000209,success
2636,12086,86674860000.0,10.93789291381836,265569,133,198890708008960.0,14.29861449375943,success
2638,12091,66725910000.0,10.824295043945312,362897,239,113186665660416.0,14.053795266329251,success
2639,12095,98990060000.0,10.99559211730957,602823,708,33299906953216.0,13.522443019999974,success
2640,12096,84926685000.0,10.929044723510742,47316,8,398251614273536.0,14.600157544846473,success
2641,12099,90289226000.0,10.955636024475098,1223121,5435,8389620400128.0,12.923742311024254,success
2642,12101,73795080000.0,10.868027687072754,215607,91,164138567335936.0,14.21521063841577,success
2643,12105,85745450000.0,10.933211326599121,417717,317,108471882088448.0,14.035317175636992,success
2644,12107,85042766000.0,10.929637908935547,1099376,3705,6922917380096.0,12.840289148658597,success
2647,12120,84207215000.0,10.925349235534668,841195,1638,18044346695680.0,13.2563411628379,success
2649,12131,77001110000.0,10.886497497558594,923906,2142,21081245089792.0,13.323896257378152,success
2650,12135,79093550000.0,10.898140907287598,888068,1910,20806440583168.0,13.31819779057652,success
2651,12139,101226450000.0,11.005293846130371,546532,566,76039434797056.0,13.881038880084095,success
2652,12140,92237180000.0,10.964905738830566,917319,2095,21611373658112.0,13.334682372305641,success
2653,12141,81161390000.0,10.90934944152832,355197,229,144828495036416.0,14.160854017797469,success
2655,12149,70582010000.0,10.84869384765625,1001554,2735,16947292930048.0,13.22910033620078,success
2656,12151,78008190000.0,10.89214038848877,1396574,9267,2654284546048.0,12.423947478496158,success
2657,12154,102015120000.0,11.008665084838867,843910,1653,25968420847616.0,13.414445540772219,success
2659,12158,64748060000.0,10.811226844787598,915486,2083,20404307492864.0,13.309721859725245,success
2660,12162,82873205000.0,10.918414115905762,1011381,2821,13083530493952.0,13.11672495095704,success
2661,12164,80525040000.0,10.90593147277832,1212832,5264,8396161417216.0,12.924080779354423,success
2662,12166,78795330000.0,10.896500587463379,820997,1534,30090446503936.0,13.478428632165366,success
2666,12188,97765510000.0,10.990185737609863,1256755,6022,8443615772672.0,12.926528462484393,success
2667,12190,77535050000.0,10.889498710632324,539633,550,57694941609984.0,13.76113773816142,success
2668,12193,68707406000.0,10.837003707885742,1206295,5154,8908629344256.0,12.949810889893556,success
2671,12202,82858330000.0,10.918335914611816,1159664,4468,8657600774144.0,12.937397555422185,success
2674,12214,92700370000.0,10.967082023620605,419934,321,68799856377856.0,13.8375875316313,success
2676,12223,100867710000.0,11.003752708435059,379410,261,103206847774720.0,14.01370851368762,success
2677,12224,72484080000.0,10.86024284362793,138699,44,332506201063424.0,14.521799749075257,success
2678,12228,70851265000.0,10.850347518920898,431997,340,114998093283328.0,14.060690639628445,success
2679,12232,71296650000.0,10.853069305419922,270908,138,156064733462528.0,14.193304774984238,success
2680,12236,89236360000.0,10.950542449951172,1290939,6695,5663950372864.0,12.753119439440587,success
2683,12246,76012720000.0,10.88088607788086,878936,1852,24515870457856.0,13.389447317869053,success
2685,12253,92718150000.0,10.967164993286133,27878,4,841819696922624.0,14.925219083166255,success
2691,12284,71317120000.0,10.853194236755371,1087930,3576,11290149912576.0,13.052699708600988,success
2693,12289,88002500000.0,10.94449520111084,27878,4,841819696922624.0,14.925219083166255,success
2694,12291,74966270000.0,10.874866485595703,904743,2014,24412074016768.0,13.387604678056027,success
2699,12314,95210820000.0,10.978686332702637,335713,205,93913033474048.0,13.972725868869533,success
2700,12315,70917890000.0,10.85075569152832,319273,186,144609837580288.0,14.160197838335472,success
2701,12318,89270370000.0,10.95070743560791,859126,1737,13172439252992.0,13.119666204424465,success
2702,12319,70922050000.0,10.850781440734863,1355328,8161,5808169418752.0,12.764039275831848,success
2703,12322,82701790000.0,10.91751480102539,377713,259,112847262580736.0,14.052491028540052,success
2706,12333,74382565000.0,10.871471405029297,483375,432,71766454042624.0,13.855921488411973,success
2707,12335,78685086000.0,10.895892143249512,312743,179,150488372740096.0,14.177502946110009,success
2709,12342,76368900000.0,10.882916450500488,1216652,5329,9245850337280.0,12.965946859227577,success
2710,12346,72698160000.0,10.861523628234863,389917,275,100861292314624.0,14.003724528383044,success
2713,12362,74440170000.0,10.871807098388672,440482,354,97267235160064.0,13.987966571146448,success
2716,12377,74966565000.0,10.87486743927002,391422,277,111711847710720.0,14.048099235089909,success
2721,12398,86373630000.0,10.936381340026855,1432060,10343,4609045692416.0,12.663611013584656,success
2722,12401,77353920000.0,10.888482093811035,441354,356,95938353823744.0,13.981992262270406,success
2723,12403,79403600000.0,10.899840354919434,381610,264,60795924774912.0,13.783874468958846,success
2725,12410,98384010000.0,10.992924690246582,779688,1336,26570152476672.0,13.424394046679275,success
2726,12412,86426750000.0,10.93664836883545,334022,203,165268915486720.0,14.218191177212919,success
2728,12421,77760680000.0,10.89076042175293,1720544,24792,1686270377984.0,12.226927211007627,success
2729,12424,89215390000.0,10.950440406799316,657192,870,50411692097536.0,13.702531275027706,success
2730,12425,72207490000.0,10.858582496643066,247191,116,198077717676032.0,14.296835623268862,success
2732,12436,87355290000.0,10.941288948059082,263571,131,185050360446976.0,14.267289935364555,success
2736,12454,98638730000.0,10.994048118591309,448645,369,93300698644480.0,13.969884895796945,success
2737,12455,74332030000.0,10.871175765991211,852697,1701,25694396481536.0,13.409838421288878,success
2741,12473,83106340000.0,10.919633865356445,155569,53,184230525009920.0,14.265361589731892,success
2742,12476,92927030000.0,10.96814250946045,384682,268,101358334115840.0,14.00585946404741,success
2746,12486,85834600000.0,10.933662414550781,1076534,3451,12889501990912.0,13.110236137929274,success
2749,12497,65755600000.0,10.817933082580566,526833,521,66945118371840.0,13.82571891381303,success
2751,12504,91305710000.0,10.960497856140137,1058838,3264,12086035873792.0,13.082283878987962,success
2752,12507,68840640000.0,10.837844848632812,180647,67,278848855867392.0,14.445368866896443,success
2753,12511,82825314000.0,10.918163299560547,283213,149,134479007973376.0,14.128654496733633,success
2755,12519,98570440000.0,10.993746757507324,124332,37,197666877210624.0,14.2959339012316,success
2756,12522,70614780000.0,10.848896026611328,494000,454,64366418329600.0,13.808659343477768,success
2757,12526,104685625000.0,11.01988697052002,47315,8,398251614273536.0,14.600157544846473,success
2758,12527,92627034000.0,10.966737747192383,440474,354,97267235160064.0,13.987966571146448,success
2760,12533,88397210000.0,10.946438789367676,512658,493,65074223906816.0,13.813408997296108,success
2763,12544,93482620000.0,10.970730781555176,372432,251,119521037778944.0,14.077444355385916,success
2764,12545,88848250000.0,10.948649406433105,27878,4,841819696922624.0,14.925219083166255,success
2765,12548,75612080000.0,10.878591537475586,1439634,10583,2376021311488.0,12.375850331688,success
2767,12554,79762416000.0,10.901798248291016,898402,1973,13659225980928.0,13.135426090140832,success
2768,12556,87620540000.0,10.942605972290039,92093,23,392225506721792.0,14.593535832749234,success
2770,12562,71145940000.0,10.852149963378906,84201,20,431286791438336.0,14.63476615767462,success
2771,12564,75865610000.0,10.880044937133789,353539,227,121109320040448.0,14.083177565821742,success
2772,12567,68808360000.0,10.837641716003418,184677,70,258570536878080.0,14.412579037171403,success
2773,12570,90064290000.0,10.95455265045166,37495,6,459285179924480.0,14.662082431960792,success
2775,12574,84489840000.0,10.926804542541504,92086,23,392225506721792.0,14.593535832749234,success
2778,12584,85237660000.0,10.930631637573242,1234444,5626,8616376008704.0,12.93532464281339,success
2779,12588,85564830000.0,10.932295799255371,999668,2720,15832395546624.0,13.199546631474378,success
2780,12589,78850510000.0,10.896804809570312,261480,129,112128929300480.0,14.04971767517024,success
2781,12591,98091410000.0,10.991631507873535,867917,1787,21646186381312.0,13.335381393555847,success
2784,12600,81481790000.0,10.911060333251953,1122162,3974,12209747918848.0,13.086706697639933,success
2785,12603,63777993000.0,10.804671287536621,1081397,3504,13623153917952.0,13.134277663420864,success
2786,12607,87504314000.0,10.94202995300293,1033710,3022,13873717444608.0,13.142192845310035,success
2787,12609,78802330000.0,10.896539688110352,1360974,8305,4978721685504.0,12.69711784954757,success
2789,12614,67340624000.0,10.828277587890625,911801,2059,22282026090496.0,13.347954678418915,success
2790,12618,88385440000.0,10.946380615234375,560103,598,61187324641280.0,13.786661464490484,success
2791,12619,79733146000.0,10.901638984680176,114188,32,390393736724480.0,14.59150284145414,success
2792,12622,94931304000.0,10.977409362792969,261481,129,112128929300480.0,14.04971767517024,success
2793,12623,80851240000.0,10.907687187194824,427698,333,84277794439168.0,13.925713161541752,success
2794,12625,90712650000.0,10.95766830444336,1199540,5050,9466995015680.0,12.976212148463818,success
2797,12640,64438407000.0,10.809144973754883,802038,1440,24354393948160.0,13.386577326753418,success
2798,12643,71514055000.0,10.854391098022461,947359,2309,16126412062720.0,13.207537752714924,success
2799,12646,93974730000.0,10.973011016845703,1125874,4019,9575155630080.0,12.98114584151645,success
2800,12647,71499940000.0,10.8543062210083,1850440,36648,1610674470912.0,12.207007775197514,success
2802,12656,98392310000.0,10.992960929870605,416969,316,45303621222400.0,13.656132917554787,success
2803,12657,70539166000.0,10.848430633544922,570162,623,29950327390208.0,13.47640157407036,success
2804,12662,74904805000.0,10.874509811401367,220542,95,183994033373184.0,14.264803739775207,success
2805,12665,77636350000.0,10.89006519317627,1285437,6580,7796270039040.0,12.891886873343724,success
2807,12672,101190000000.0,11.00513744354248,1064976,3326,11175944257536.0,13.048284226972903,success
2809,12677,90597120000.0,10.957114219665527,988019,2622,17974849175552.0,13.254665254965891,success
2811,12687,97978030000.0,10.991128921508789,441827,357,94136631820288.0,13.973758655325673,success
2812,12689,89340764000.0,10.9510498046875,949401,2324,16698445922304.0,13.222676054454551,success
2813,12691,90960495000.0,10.958852767944336,1468546,11543,2544680042496.0,12.40563318372035,success
2814,12693,67891544000.0,10.831815719604492,1310543,7108,6187849351168.0,12.791539731861063,success
2815,12697,78760650000.0,10.896309852600098,307868,174,128181143076864.0,14.107824140159273,success
2816,12699,76205220000.0,10.88198471069336,84213,20,431286791438336.0,14.63476615767462,success
2818,12709,67292950000.0,10.827969551086426,348355,220,128017598775296.0,14.107269676879309,success
2819,12711,85447630000.0,10.931699752807617,811462,1485,29046704439296.0,13.463096865641393,success
2820,12712,69404150000.0,10.841385841369629,1792693,30791,1728138444800.0,12.237578531779576,success
2822,12720,95394726000.0,10.979524612426758,1113816,3874,10916599955456.0,13.038087395647908,success
2823,12723,87308060000.0,10.941054344177246,1702814,23512,2081881980928.0,12.318456106305886,success
2826,12735,87214430000.0,10.94058895111084,774037,1311,29406384881664.0,13.46844163714061,success
2829,12750,91476530000.0,10.961309432983398,171962,62,174374598475776.0,14.241483220589254,success
2830,12752,74659970000.0,10.873087882995605,429989,337,96431452979200.0,13.984218710535103,success
2831,12754,86046840000.0,10.934735298156738,1035922,3042,10405567004672.0,13.017265750121032,success
2832,12755,83192360000.0,10.920083999633789,227131,100,179395750789120.0,14.253812152026397,success
2833,12758,85639440000.0,10.932674407958984,390684,276,106887039156224.0,14.028925046984389,success
2835,12765,81289060000.0,10.910032272338867,146897,48,324151516594176.0,14.510748057859148,success
2838,12783,89864690000.0,10.95358943939209,111946,31,390177377746944.0,14.591262085651834,success
2839,12784,92642200000.0,10.966809272766113,247170,116,198077717676032.0,14.296835623268862,success
2840,12788,81102800000.0,10.909035682678223,1128677,4054,10795182194688.0,13.033229976497012,success
2841,12790,71523740000.0,10.854450225830078,51542,9,641211639529472.0,14.807001397240343,success
2842,12793,68179710000.0,10.83365535736084,353539,227,121109320040448.0,14.083177565821742,success
2844,12801,85798770000.0,10.933481216430664,703475,1030,37313014923264.0,13.571860341821226,success
2845,12803,89128460000.0,10.950016975402832,1146327,4281,10763190140928.0,13.031941012525575,success
2846,12805,92197420000.0,10.96471881866455,447501,367,99850288889856.0,13.999349325722383,success
2848,12811,70592680000.0,10.848759651184082,1403053,9457,5037076512768.0,12.702178547804419,success
2850,12819,77463400000.0,10.8890962600708,361286,237,74851809230848.0,13.874202302066884,success
2851,12822,77254140000.0,10.887922286987305,42633,7,581220677189632.0,14.764341056124303,success
2852,12825,81364040000.0,10.910432815551758,873851,1822,21864581693440.0,13.33974117296976,success
2854,12832,77932790000.0,10.89172077178955,374328,254,110979648061440.0,14.04524334324606,success
2855,12834,75646810000.0,10.878790855407715,175556,64,279798244966400.0,14.446844986053598,success
2856,12837,100036350000.0,11.000158309936523,47338,8,398251614273536.0,14.600157544846473,success
2860,12850,96379710000.0,10.983985900878906,563603,607,60780804308992.0,13.783766442776596,success
2862,12855,82446344000.0,10.91617202758789,546068,565,71945399828480.0,13.857003030475877,success
2863,12857,81904026000.0,10.913305282592773,1007454,2787,13632294354944.0,13.134568955015622,success
2864,12860,79268770000.0,10.899102210998535,345900,217,144810090430464.0,14.160798824745035,success
2866,12865,90396566000.0,10.956151962280273,836943,1616,27386347257856.0,13.437534110693335,success
2867,12867,93743825000.0,10.971942901611328,1166911,4567,10449785454592.0,13.019107374002738,success
2868,12868,73850530000.0,10.868353843688965,1258815,6060,5361365417984.0,12.729275408718618,success
2872,12892,97840240000.0,10.990517616271973,626136,776,50299037286400.0,13.701559672825207,success
2873,12894,65808703000.0,10.818283081054688,1096640,3674,12154756399104.0,13.084746259305636,success
2875,12902,85469635000.0,10.931812286376953,841775,1641,17655266279424.0,13.246874272044254,success
2876,12904,95056080000.0,10.97797966003418,284421,150,88344214110208.0,13.946178111711578,success
2878,12909,98464820000.0,10.993281364440918,719124,1086,33712083304448.0,13.527785591431366,success
2879,12910,95761170000.0,10.981189727783203,202723,82,135533791543296.0,14.132047587839036,success
2880,12911,70530540000.0,10.848377227783203,608323,723,42922057662464.0,13.632680533658155,success
2882,12922,68116685000.0,10.833253860473633,325142,193,98666782130176.0,13.994170964567003,success
2883,12925,75672890000.0,10.87894058227539,345893,217,144810090430464.0,14.160798824745035,success
2885,12933,95608430000.0,10.980496406555176,11916,1,1307340129173504.0,15.116388592175756,success
2886,12935,105099360000.0,11.021600723266602,790709,1387,14754413281280.0,13.168921944180351,success
2890,12949,76053670000.0,10.881120681762695,564886,610,60040820031488.0,13.778446615162142,success
2891,12952,93007420000.0,10.968517303466797,11748,1,1307340129173504.0,15.116388592175756,success
2894,12961,63900033000.0,10.805500984191895,1309174,7079,6132883521536.0,12.787664716450978,success
2895,12963,93325130000.0,10.969998359680176,247170,116,198077717676032.0,14.296835623268862,success
2897,12971,73555214000.0,10.866613388061523,462094,392,64449759150080.0,13.809221298726092,success
2899,12979,64374415000.0,10.808713912963867,633659,798,32031863996416.0,13.505582211839076,success
2902,12992,80918590000.0,10.908048629760742,613148,737,42574085619712.0,13.629145329222357,success
2904,13000,66918510000.0,10.825546264648438,445757,364,82055551516672.0,13.914107968832091,success
2905,13003,97879605000.0,10.990692138671875,332312,201,151025663082496.0,14.179050751188042,success
2906,13004,73928930000.0,10.868814468383789,1504656,12883,3564818923520.0,12.552037474576855,success
2907,13006,63962444000.0,10.805925369262695,274609,141,114362085801984.0,14.058282067672582,success
2909,13013,75957540000.0,10.880571365356445,906615,2026,20392764768256.0,13.309476109652541,success
2911,13024,84830880000.0,10.92855453491211,958991,2395,17738649042944.0,13.248920541339233,success
2913,13029,79932650000.0,10.902724266052246,494530,455,74523831435264.0,13.872295174839584,success
2914,13032,78281030000.0,10.893656730651855,915956,2086,21952261521408.0,13.341479267889078,success
2915,13034,94394860000.0,10.97494888305664,398523,288,106871897718784.0,14.028863521203663,success
2917,13044,84717740000.0,10.927974700927734,478290,422,87033871597568.0,13.939688303022058,success
2918,13045,73762520000.0,10.867835998535156,594396,685,49596285845504.0,13.695449154369243,success
2919,13048,70158850000.0,10.84608268737793,1252651,5947,7798509273088.0,12.892011592902488,success
2920,13050,71226060000.0,10.852639198303223,590488,675,57136910434304.0,13.756916753064406,success
2921,13054,73193130000.0,10.864470481872559,788547,1377,28852527038464.0,13.460183856687518,success
2922,13056,77003340000.0,10.886509895324707,701170,1021,42559158091776.0,13.628993028128335,success
2924,13063,84619125000.0,10.927468299865723,868285,1789,22208229408768.0,13.346513935016091,success
2925,13066,63597855000.0,10.80344295501709,939854,2255,21215601229824.0,13.326655343766792,success
2926,13070,67883426000.0,10.831764221191406,904743,2014,24412074016768.0,13.387604678056027,success
2928,13078,93692690000.0,10.971705436706543,705497,1037,39767383212032.0,13.599527014321039,success
2930,13083,83608230000.0,10.922248840332031,602823,708,33299906953216.0,13.522443019999974,success
2931,13085,68993150000.0,10.83880615234375,627327,780,45219990994944.0,13.655330471524456,success
2936,13109,91312110000.0,10.960528373718262,757827,1240,27727627288576.0,13.442912707674996,success
2938,13114,64379060000.0,10.808744430541992,1000191,2724,14277213683712.0,13.154643459550817,success
2942,13133,69333795000.0,10.84094524383545,400757,291,91769182093312.0,13.962696861006464,success
2943,13137,99589120000.0,10.998211860656738,104399,28,471019466784768.0,14.673038856476026,success
2944,13138,79150980000.0,10.898456573486328,1216652,5329,9245850337280.0,12.965946859227577,success
2946,13146,96603390000.0,10.984992980957031,702865,1028,38908347809792.0,13.590042789469258,success
2947,13148,96386700000.0,10.984017372131348,622210,764,54687277514752.0,13.737886303521826,success
2948,13150,72475250000.0,10.860189437866211,546768,567,82464420659200.0,13.916266612255747,success
2949,13153,76437930000.0,10.883309364318848,1018246,2883,14846562140160.0,13.17162590035971,success
2955,13178,85917155000.0,10.934080123901367,1028008,2969,13448936161280.0,13.128687932103588,success
2956,13180,82566820000.0,10.916805267333984,42694,7,581220677189632.0,14.764341056124303,success
2957,13183,93572090000.0,10.971146583557129,303671,170,86061992640512.0,13.934811397321255,success
2959,13190,79249334000.0,10.898995399475098,813033,1493,33249468350464.0,13.521784705449477,success
2962,13203,89965810000.0,10.95407772064209,985108,2599,15514943356928.0,13.190750194369523,success
2964,13210,79793740000.0,10.901968955993652,528429,525,57845856862208.0,13.762272258597758,success
2965,13213,82692290000.0,10.917465209960938,769051,1289,30400330072064.0,13.482878298993551,success
2966,13216,90357760000.0,10.955965995788574,697715,1007,44479826362368.0,13.648163083205013,success
2968,13222,69191090000.0,10.84005069732666,836161,1612,24210774687744.0,13.38400868606419,success
2969,13224,66540216000.0,10.823084831237793,534610,539,62603913068544.0,13.796601479711443,success
2970,13228,68572545000.0,10.836150169372559,1537003,14222,3617388756992.0,12.558395184444185,success
2971,13231,69576560000.0,10.842463493347168,1220769,5397,8472524488704.0,12.928012832781608,success
2973,13240,91781400000.0,10.96275520324707,568973,620,68789261565952.0,13.837520647441263,success
2976,13249,69416350000.0,10.841462135314941,303671,170,86061992640512.0,13.934811397321255,success
2978,13258,82798210000.0,10.918021202087402,1303121,6950,6951307575296.0,12.842066505212063,success
2979,13261,90931840000.0,10.95871639251709,75848,17,416661488271360.0,14.619783360778436,success
2981,13265,84009484000.0,10.924328804016113,796135,1412,26058009083904.0,13.415941231142323,success
2983,13272,80994394000.0,10.908454895019531,702077,1025,41680170385408.0,13.619929485658341,success
2984,13276,91041686000.0,10.959240913391113,343433,214,138947200024576.0,14.142849799575945,success
2985,13277,90119315000.0,10.954817771911621,471748,409,73192534179840.0,13.864466784202417,success
2986,13279,63432593000.0,10.802312850952148,1691848,22741,2272002572288.0,12.356408818733458,success
2987,13285,89915340000.0,10.95383358001709,658755,875,44372460568576.0,13.647113512145127,success
2989,13290,75383180000.0,10.877274513244629,768817,1288,31349608022016.0,13.496232115025117,success
2990,13294,95082600000.0,10.978100776672363,128624,39,334133456797696.0,14.523919963740937,success
2992,13299,79623590000.0,10.901041984558105,128635,39,334133456797696.0,14.523919963740937,success
2993,13302,64426270000.0,10.809062957763672,1458375,11194,4285918609408.0,12.632043919430819,success
2994,13305,94689985000.0,10.976304054260254,345066,216,127733065580544.0,14.106303335323998,success
2997,13316,72965095000.0,10.863115310668945,1077177,3459,9437530030080.0,12.974858346558017,success
3000,13327,75303985000.0,10.87681770324707,451595,374,88938211442688.0,13.949088391490458,success
3002,13334,84239680000.0,10.925517082214355,629711,787,57213552951296.0,13.757498918211928,success
3003,13336,94329570000.0,10.974648475646973,17908,2,1033314370584576.0,15.014232469282954,success
3004,13338,77931680000.0,10.891714096069336,206778,85,123098057670656.0,14.090251200375905,success
3006,13343,90899866000.0,10.958563804626465,1285868,6589,7900990799872.0,12.89768155609244,success
3008,13349,79093465000.0,10.898140907287598,364563,241,116610618621952.0,14.066738099299025,success
3009,13352,91855120000.0,10.963103294372559,33174,5,733527398154240.0,14.865416339917514,success
3010,13353,99363050000.0,10.997224807739258,603173,709,43736008491008.0,13.640839145198425,success
3012,13362,87327560000.0,10.94115161895752,894124,1947,24587314135040.0,13.39071108994085,success
3013,13363,75911000000.0,10.880305290222168,538738,548,75069074178048.0,13.875461059774146,success
3015,13371,90218850000.0,10.955297470092773,1240441,5731,6774541778944.0,12.830879925434841,success
3018,13380,68977740000.0,10.838708877563477,776524,1321,24956794568704.0,13.397188804146591,success
3022,13400,82231600000.0,10.9150390625,1270775,6290,7415469703168.0,12.870138664876661,success
3024,13409,88897176000.0,10.948887825012207,316406,183,182627713679360.0,14.261566682205684,success
3028,13428,78250630000.0,10.893487930297852,576986,639,61046635102208.0,13.785661730577091,success
3031,13436,90571416000.0,10.956991195678711,249440,118,192892568076288.0,14.28531549511078,success
3033,13440,86935120000.0,10.93919563293457,42631,7,581220677189632.0,14.764341056124303,success
3034,13442,76578200000.0,10.884105682373047,1097567,3684,13495913414656.0,13.130202283299376,success
3035,13445,80786900000.0,10.907341003417969,1352123,8080,4729268600832.0,12.674793980656675,success
3037,13453,88573820000.0,10.947305679321289,937820,2240,20992216793088.0,13.322058302811595,success
3038,13455,85735825000.0,10.933162689208984,1559883,15238,3058344919040.0,12.48548646341393,success
3041,13463,90699400000.0,10.95760440826416,606556,718,48454722125824.0,13.68533610735697,success
3042,13465,67933315000.0,10.832082748413086,324341,192,129208068079616.0,14.111289632955177,success
3044,13475,85490140000.0,10.931916236877441,250567,119,170198598418432.0,14.230955979358162,success
3046,13482,82962790000.0,10.918883323669434,382406,265,116946104221696.0,14.067985758909593,success
3051,13507,86561776000.0,10.937326431274414,588971,671,61239136878592.0,13.78702906100228,success
3055,13524,84867334000.0,10.928740501403809,354377,228,104807805222912.0,14.020393626531455,success
3056,13526,68155752000.0,10.833502769470215,359588,235,124389475483648.0,14.094783636522529,success
3059,13539,72305934000.0,10.859173774719238,931967,2198,17361199431680.0,13.239579725942185,success
3062,13550,63454204000.0,10.802460670471191,687462,971,18281220014080.0,13.262005175407799,success
3068,13576,67497316000.0,10.829286575317383,844657,1657,27635652493312.0,13.441469722976038,success
3069,13579,73276830000.0,10.86496639251709,1437745,10523,3203979542528.0,12.505689734442297,success
3072,13594,66886780000.0,10.825340270996094,333106,202,158652518367232.0,14.200446970254973,success
3073,13598,89124160000.0,10.949995994567871,911801,2059,22282026090496.0,13.347954678418915,success
3074,13599,90447290000.0,10.956396102905273,364561,241,116610618621952.0,14.066738099299025,success
3075,13601,87614690000.0,10.942577362060547,33175,5,733527398154240.0,14.865416339917514,success
3081,13626,92518650000.0,10.966229438781738,997422,2702,12590970306560.0,13.100059199730346,success
3087,13649,65383625000.0,10.815468788146973,903732,2007,16805263310848.0,13.225445321539352,success
3088,13652,73017310000.0,10.863426208496094,490396,446,80648580628480.0,13.906596728443601,success
3089,13656,68813590000.0,10.837674140930176,338269,208,66639999533056.0,13.823734985355646,success
3092,13672,97466190000.0,10.98885440826416,146891,48,324151516594176.0,14.510748057859148,success
3093,13673,78413970000.0,10.894393920898438,1533768,14082,3612653912064.0,12.557826358667358,success
3094,13675,74817960000.0,10.874006271362305,564009,608,68446524014592.0,13.835351397837242,success
3096,13682,89507004000.0,10.951857566833496,1186691,4852,9032182005760.0,12.955792680389546,success
3097,13684,82311800000.0,10.915462493896484,33180,5,733527398154240.0,14.865416339917514,success
3099,13692,75724090000.0,10.879234313964844,525486,518,72347499364352.0,13.859423524659872,success
3100,13695,72941200000.0,10.8629732131958,1338940,7754,4142633320448.0,12.617276494014293,success
3103,13707,87055770000.0,10.939797401428223,568973,620,68789261565952.0,13.837520647441263,success
3104,13709,84191140000.0,10.92526626586914,601198,703,55955853148160.0,13.747845521731092,success
3107,13720,75606010000.0,10.878556251525879,389202,274,104744823554048.0,14.02013256951459,success
3109,13731,67336053000.0,10.828248023986816,205482,84,158344471904256.0,14.19960290595621,success
3110,13735,72914100000.0,10.862812042236328,702303,1026,41776719069184.0,13.62093432970606,success
3112,13740,69501780000.0,10.841996192932129,364561,241,116610618621952.0,14.066738099299025,success
3115,13749,81084810000.0,10.908939361572266,237512,108,199525524307968.0,14.299998460709714,success
3116,13751,82463970000.0,10.916264533996582,747447,1198,35459849781248.0,13.54973689146475,success
3117,13754,78085350000.0,10.892569541931152,760432,1251,31752647081984.0,13.501779936405264,success
3118,13757,70811340000.0,10.850103378295898,525976,519,77486184464384.0,13.889224276109639,success
3119,13761,73932020000.0,10.8688325881958,558484,594,68042126000128.0,13.832777874836172,success
3121,13766,70170080000.0,10.846152305603027,162664,57,301115828600832.0,14.478733585447387,success
3123,13778,84550700000.0,10.927117347717285,620444,758,51911076085760.0,13.715260031638698,success
3125,13787,84919290000.0,10.929006576538086,1182420,4791,9471464046592.0,12.976417115034138,success
3126,13789,83723530000.0,10.922847747802734,184677,70,258570536878080.0,14.412579037171403,success
3127,13790,92733200000.0,10.967235565185547,2,0,1535789976518656.0,15.186331828797393,success
3128,13791,67748856000.0,10.830902099609375,82,0,1535789976518656.0,15.186331828797393,success
3129,13793,88852940000.0,10.9486722946167,260599,128,167641163497472.0,14.224380666351609,success
3131,13797,92482120000.0,10.966057777404785,1674124,21554,1931794448384.0,12.285960913652058,success
3132,13799,95887630000.0,10.981762886047363,400757,291,91769182093312.0,13.962696861006464,success
3141,13836,81293570000.0,10.910056114196777,187628,72,275153237835776.0,14.439574627690288,success
3142,13840,66374967000.0,10.822004318237305,285630,151,177005769261056.0,14.24798742182739,success
3144,13846,89687880000.0,10.952733993530273,1104587,3765,9299910721536.0,12.968478779378627,success
3145,13848,80488554000.0,10.905734062194824,323751,191,156477503307776.0,14.194451908070404,success
3146,13850,93793660000.0,10.972173690795898,860481,1745,22983758315520.0,13.36142104620753,success
3147,13851,66228912000.0,10.82104778289795,623976,769,60123984691200.0,13.779047755548502,success
3148,13854,87772120000.0,10.94335651397705,900005,1983,23039655804928.0,13.362475986767796,success
3150,13859,85730980000.0,10.933137893676758,275997,142,146151143636992.0,14.164802218073829,success
3152,13864,76012650000.0,10.88088607788086,411683,308,100990426546176.0,14.004280206503156,success
3154,13871,65358316000.0,10.815300941467285,652046,854,35482318667776.0,13.550011991986013,success
3159,13889,74467885000.0,10.871969223022461,652734,856,36327932297216.0,13.560240679517968,success
3160,13893,70705560000.0,10.849453926086426,1623998,18525,2472173633536.0,12.39307897023488,success
3165,13913,67201240000.0,10.827377319335938,97463,25,219906721185792.0,14.342238503254803,success
3166,13916,90580540000.0,10.957035064697266,401460,292,88006337757184.0,13.944513948898596,success
3168,13924,70057000000.0,10.845451354980469,887302,1905,21917803216896.0,13.34079702341681,success
3170,13932,72040055000.0,10.857574462890625,254686,123,71453248585728.0,13.85402197855433,success
3172,13940,88415380000.0,10.946528434753418,240957,111,180591530082304.0,14.256697377623238,success
3173,13942,76254085000.0,10.88226318359375,343447,214,138947200024576.0,14.142849799575945,success
3174,13944,73707045000.0,10.867508888244629,235366,106,201667337256960.0,14.304635564064277,success
3175,13948,74250390000.0,10.870698928833008,589989,674,58282802675712.0,13.765540427746718,success
3178,13959,86940450000.0,10.93922233581543,859949,1742,18214406848512.0,13.260415033024406,success
3183,13975,74434330000.0,10.871773719787598,474322,414,81897241706496.0,13.91326927499826,success
3184,13978,71785660000.0,10.856038093566895,1155452,4408,8910781022208.0,12.949915771238866,success
3185,13981,74564140000.0,10.872529983520508,846494,1667,21985566392320.0,13.34213765839742,success
3188,13994,76280260000.0,10.88241195678711,327063,195,148659874299904.0,14.172193761247227,success
3193,14015,80461280000.0,10.905587196350098,520026,507,68217351438336.0,13.83389485376905,success
3197,14029,71846030000.0,10.856403350830078,971979,2495,9233530617856.0,12.965367793622502,success
3199,14035,74887760000.0,10.874410629272461,955837,2371,15167879380992.0,13.18092486638258,success
3200,14037,67116528000.0,10.82682991027832,253669,122,201308741042176.0,14.303862632831848,success
3203,14048,82807110000.0,10.918067932128906,208573,86,192014666694656.0,14.283334402772732,success
3208,14071,86272655000.0,10.935873031616211,907068,2029,25225804644352.0,13.40184502811127,success
3210,14080,66895470000.0,10.825396537780762,1321211,7344,6028052660224.0,12.780177037594951,success
3211,14084,84390480000.0,10.92629337310791,1670010,21292,2089932816384.0,12.320132325372933,success
3215,14100,75899896000.0,10.880241394042969,805483,1457,29019510669312.0,13.462690085034545,success
3216,14102,67398780000.0,10.828652381896973,328787,197,138800206446592.0,14.1423901120738,success
3219,14113,75859310000.0,10.880008697509766,228537,101,121944716345344.0,14.086162987825046,success
3222,14127,90149220000.0,10.954961776733398,611369,732,56478928994304.0,13.751886452628131,success
3223,14129,63382065000.0,10.801966667175293,878225,1848,24820431454208.0,13.394809326580646,success
3224,14131,73579690000.0,10.866758346557617,17970,2,1033314370584576.0,15.014232469282954,success
3225,14133,63174906000.0,10.800544738769531,164435,58,279208861368320.0,14.445929197555325,success
3227,14141,81683320000.0,10.91213321685791,1204398,5124,6776628445184.0,12.831013674421206,success
3228,14143,103916530000.0,11.016684532165527,75826,17,416661488271360.0,14.619783360778436,success
3230,14147,84335430000.0,10.926010131835938,1916931,44664,1263422930944.0,12.1015487550121,success
3231,14149,63973806000.0,10.806002616882324,1028835,2976,15873864630272.0,13.200682672392915,success
3232,14151,67163795000.0,10.82713508605957,1150429,4338,8174320484352.0,12.91245166076206,success
3233,14155,88155415000.0,10.945249557495117,199580,80,193627108147200.0,14.286966159246084,success
3234,14158,83042755000.0,10.919301986694336,766390,1276,30142787223552.0,13.479183407893743,success
3236,14167,72310480000.0,10.859201431274414,949012,2321,16928835895296.0,13.228627095047425,success
3239,14176,70755975000.0,10.849762916564941,965780,2447,16241252106240.0,13.210619507778864,success
3240,14177,89588610000.0,10.952253341674805,402163,293,100814081228800.0,14.003521196522815,success
3247,14205,89108730000.0,10.949920654296875,1262446,6127,7755247648768.0,12.88959567072166,success
3249,14209,91405140000.0,10.960970878601074,905169,2017,17538259877888.0,13.24398650106418,success
3250,14210,78144630000.0,10.892899513244629,189038,73,205733010341888.0,14.313303980849449,success
3251,14212,68521650000.0,10.835827827453613,511838,491,74550289104896.0,13.872449331979725,success
3253,14220,81504190000.0,10.91118049621582,288534,154,187111844085760.0,14.272101278992713,success
3254,14221,96855015000.0,10.986122131347656,100240,26,278377265102848.0,14.444633763828051,success
3255,14222,68160893000.0,10.833535194396973,450919,373,80262427836416.0,13.904512292452532,success
3258,14231,83139410000.0,10.919807434082031,466822,400,67376317988864.0,13.828507273774644,success
3259,14233,91998320000.0,10.963780403137207,1882447,40312,1384606728192.0,12.141326437639103,success
3260,14234,90854520000.0,10.958346366882324,823578,1547,26002459721728.0,13.41501443231875,success
3261,14235,79485270000.0,10.900286674499512,1263923,6157,7528871100416.0,12.876729861776438,success
3262,14238,81727430000.0,10.912367820739746,140473,45,305942902079488.0,14.485640381953425,success
3264,14244,63824323000.0,10.804986000061035,631193,791,50164374962176.0,13.700395405395952,success
3269,14265,77766190000.0,10.890790939331055,476419,418,64368444178432.0,13.808673012113472,success
3273,14281,79031510000.0,10.89780044555664,979126,2551,15600938123264.0,13.193150714348501,success
3274,14284,84355310000.0,10.926112174987793,253656,122,201308741042176.0,14.303862632831848,success
3275,14286,91316390000.0,10.960549354553223,802040,1440,24354393948160.0,13.386577326753418,success
3277,14293,88496680000.0,10.946927070617676,601198,703,55955853148160.0,13.747845521731092,success
3278,14296,80953500000.0,10.908235549926758,1213529,5275,7800161828864.0,12.892103613030683,success
3279,14297,79361990000.0,10.899612426757812,803486,1447,26775438491648.0,13.427736591845397,success
3280,14298,74646800000.0,10.873011589050293,539633,550,57694941609984.0,13.76113773816142,success
3281,14302,83731260000.0,10.922887802124023,888897,1915,22627049537536.0,13.354627927657518,success
3283,14308,71236590000.0,10.852703094482422,171961,62,174374598475776.0,14.241483220589254,success
3288,14334,77166854000.0,10.887431144714355,689002,976,37686224093184.0,13.576182626235944,success
3292,14352,67006000000.0,10.8261137008667,68210,14,437283203317760.0,14.640762795784122,success
3295,14362,63119230000.0,10.800162315368652,396773,285,131206410665984.0,14.117955054924138,success
3296,14364,70579410000.0,10.848678588867188,504131,475,74233073893376.0,13.870597444484936,success
3298,14371,79246880000.0,10.898982048034668,416322,315,87792570859520.0,13.943457766803315,success
3303,14393,78953600000.0,10.897372245788574,433067,342,63594288906240.0,13.80341811552461,success
3304,14395,78456180000.0,10.894627571105957,814876,1502,28631336222720.0,13.456841616991632,success
3305,14398,87695160000.0,10.942975997924805,853010,1703,11877530730496.0,13.074726162734061,success
3306,14399,73845620000.0,10.868325233459473,1628184,18760,2785708343296.0,12.444935644920797,success
3307,14402,89560390000.0,10.952116012573242,921212,2122,22075341275136.0,13.343907426304542,success
3309,14407,89768850000.0,10.953125953674316,583832,657,62052332732416.0,13.792758112567597,success
3311,14412,80909230000.0,10.907998085021973,697715,1007,44479826362368.0,13.648163083205013,success
3312,14416,84750115000.0,10.928140640258789,89303,22,360359567294464.0,14.556736056763258,success
3313,14419,74017595000.0,10.869335174560547,1912324,44061,1222272876544.0,12.087168174439737,success
3314,14421,75609160000.0,10.87857437133789,492124,450,82344773943296.0,13.91563604164045,success
3315,14424,82014270000.0,10.91388988494873,250516,119,170198598418432.0,14.230955979358162,success
3317,14429,66750226000.0,10.824453353881836,358221,233,146538932207616.0,14.165953022619735,success
3318,14432,67709473000.0,10.830649375915527,1062173,3299,11989840560128.0,13.078813407926456,success
3319,14435,82390220000.0,10.915875434875488,86933,21,382146090893312.0,14.582229421392805,success
3321,14444,74545940000.0,10.872424125671387,1758026,27753,1856401178624.0,12.268671835479452,success
3326,14464,85931150000.0,10.934150695800781,768066,1284,28726158950400.0,13.458277559226644,success
3327,14465,72617180000.0,10.861039161682129,260599,128,167641163497472.0,14.224380666351609,success
3329,14473,66429530000.0,10.82236099243164,17908,2,1033314370584576.0,15.014232469282954,success
3332,14485,72552020000.0,10.860650062561035,884161,1885,21734371622912.0,13.33714708852746,success
3333,14487,66965060000.0,10.825848579406738,465493,398,58272455327744.0,13.765463317606624,success
3334,14491,65910006000.0,10.818951606750488,322253,189,142160531816448.0,14.1527790394773,success
3335,14494,71749026000.0,10.855815887451172,182004,68,276792942264320.0,14.442155012176563,success
3336,14496,81861060000.0,10.913077354431152,930020,2185,16660467548160.0,13.22168718499014,success
3339,14510,85247460000.0,10.930681228637695,1073413,3416,7655254917120.0,12.883959657118572,success
3340,14511,89934275000.0,10.953925132751465,40,0,1535789976518656.0,15.186331828797393,success
3341,14512,86367960000.0,10.936352729797363,320319,187,118919146766336.0,14.075251784522125,success
3342,14514,93854960000.0,10.972456932067871,552189,579,68386394472448.0,13.834969707081505,success
3344,14518,81755955000.0,10.912519454956055,690606,982,37487003041792.0,13.573880721444795,success
3347,14529,75381910000.0,10.877266883850098,27878,4,841819696922624.0,14.925219083166255,success
3348,14531,80049420000.0,10.903358459472656,433067,342,63594288906240.0,13.80341811552461,success
3349,14535,79343485000.0,10.899511337280273,1905268,43145,1299542048768.0,12.113790336359132,success
3353,14551,67080823000.0,10.826598167419434,283213,149,134479007973376.0,14.128654496733633,success
3356,14567,87727260000.0,10.943134307861328,227137,100,179395750789120.0,14.253812152026397,success
3357,14568,67474670000.0,10.829140663146973,1223121,5435,8389620400128.0,12.923742311024254,success
3358,14570,73807630000.0,10.868101119995117,613911,739,56257197113344.0,13.75017809063523,success
3360,14576,89191870000.0,10.950325012207031,217958,93,235066697449472.0,14.371191105780005,success
3361,14577,86125760000.0,10.93513298034668,311727,178,91614747820032.0,13.961965390494417,success
3362,14578,73211840000.0,10.864581108093262,217963,93,235066697449472.0,14.371191105780005,success
3368,14605,64104215000.0,10.806886672973633,150271,50,338210588721152.0,14.529187200397084,success
3369,14607,89132280000.0,10.950035095214844,1318176,7278,5576633352192.0,12.74637209180118,success
3370,14609,66216686000.0,10.820967674255371,849377,1683,19006465507328.0,13.278901361821664,success
3374,14627,74736116000.0,10.873530387878418,124332,37,197666877210624.0,14.2959339012316,success
3375,14628,76452676000.0,10.883393287658691,42631,7,581220677189632.0,14.764341056124303,success
3377,14632,82705040000.0,10.917531967163086,278412,144,177805841137664.0,14.24994602396933,success
3378,14635,63698665000.0,10.804130554199219,782502,1349,31281700143104.0,13.495290348694184,success
3379,14637,80907076000.0,10.907986640930176,336600,206,115317153988608.0,14.061893915520757,success
3382,14645,79391015000.0,10.899771690368652,33175,5,733527398154240.0,14.865416339917514,success
3383,14648,78750160000.0,10.896251678466797,727657,1117,30655123554304.0,13.486503070874093,success
3386,14660,78429130000.0,10.894477844238281,1538779,14299,3036268199936.0,12.482340131059983,success
3387,14663,71123910000.0,10.852015495300293,518463,504,72348950593536.0,13.85943223614971,success
3388,14667,64178893000.0,10.807392120361328,827658,1567,28505767149568.0,13.454932733266515,success
3390,14674,83498205000.0,10.921677589416504,506584,480,72573740122112.0,13.860779505230354,success
3392,14679,77410890000.0,10.888802528381348,1360927,8304,2894213677056.0,12.461530591517166,success
3400,14712,89930375000.0,10.953907012939453,699855,1016,42347417042944.0,13.626826925925135,success
3401,14714,78031330000.0,10.892269134521484,971978,2495,9233530617856.0,12.965367793622502,success
3405,14725,87487130000.0,10.941944122314453,583832,657,62052332732416.0,13.792758112567597,success
3406,14726,65285730000.0,10.814818382263184,150265,50,338210588721152.0,14.529187200397084,success
3408,14732,72769044000.0,10.861947059631348,33174,5,733527398154240.0,14.865416339917514,success
3409,14734,73234910000.0,10.864718437194824,978655,2547,17656465850368.0,13.246903778783823,success
3411,14742,97218494000.0,10.987749099731445,298403,164,162742719741952.0,14.211501569611249,success
3413,14749,84870180000.0,10.928754806518555,850146,1687,24665395298304.0,13.39208808004533,success
3414,14750,78541220000.0,10.895097732543945,37567,6,459285179924480.0,14.662082431960792,success
3415,14754,71023860000.0,10.851404190063477,1422846,10056,5158881198080.0,12.712555526785428,success
3416,14758,65404215000.0,10.815606117248535,821256,1535,29114450837504.0,13.464108602773395,success
3417,14764,64274567000.0,10.808039665222168,137088,43,343380722712576.0,14.53577591035154,success
3422,14783,79809690000.0,10.902055740356445,578754,644,58801696800768.0,13.769389858398895,success
3423,14785,82746980000.0,10.917752265930176,89324,22,360359567294464.0,14.556736056763258,success
3429,14808,63896863000.0,10.805480003356934,61695,12,655181557530624.0,14.816361664125669,success
3432,14821,96713890000.0,10.985488891601562,575280,635,56298792026112.0,13.750499076520583,success
3433,14822,73304840000.0,10.865133285522461,741852,1173,36651493490688.0,13.564091676154483,success
3434,14825,79132480000.0,10.898354530334473,918692,2104,22701823492096.0,13.356060742688665,success
3435,14827,83592315000.0,10.92216682434082,1241742,5753,6494490198016.0,12.812545065666454,success
3436,14829,86991270000.0,10.939476013183594,1462502,11339,3909220040704.0,12.592090116524343,success
3437,14831,76412950000.0,10.883167266845703,55066,10,635853466501120.0,14.803357043286407,success
3440,14839,77660010000.0,10.89019775390625,632949,796,51777936293888.0,13.71414473682814,success
3441,14841,64731790000.0,10.811118125915527,887302,1905,21917803216896.0,13.34079702341681,success
3443,14851,76586476000.0,10.88415241241455,333105,202,158652518367232.0,14.200446970254973,success
3445,14856,88316000000.0,10.946039199829102,94755,24,367364893835264.0,14.565097651855222,success
3447,14862,79800310000.0,10.902005195617676,1397441,9292,5164772622336.0,12.713051206583916,success
3448,14864,85739870000.0,10.933182716369629,891668,1931,23780065804288.0,13.376213052065667,success
3450,14867,75075280000.0,10.875496864318848,858963,1736,22078545723392.0,13.343970463753436,success
3452,14870,74378350000.0,10.87144660949707,81618,19,467371865145344.0,14.669662565180955,success
3454,14877,75626160000.0,10.87867259979248,956451,2376,19013828608000.0,13.279069574830318,success
3455,14879,78276340000.0,10.893630981445312,1046916,3147,13731979329536.0,13.137733141019718,success
3457,14885,77655380000.0,10.890172004699707,184677,70,258570536878080.0,14.412579037171403,success
3458,14887,84739210000.0,10.928084373474121,820851,1533,27039268601856.0,13.431994939988755,success
3463,14904,84618140000.0,10.92746353149414,279583,145,155587975315456.0,14.191976029312148,success
3467,14918,84514980000.0,10.926934242248535,249449,118,192892568076288.0,14.28531549511078,success
3468,14919,67369420000.0,10.828462600708008,698662,1011,42055304740864.0,13.623820784304687,success
3469,14922,81095885000.0,10.9089994430542,863274,1761,15409655840768.0,13.187792939294381,success
3470,14924,80031510000.0,10.903261184692383,662086,886,41322236870656.0,13.616183822873925,success
3475,14945,87258920000.0,10.940810203552246,17911,2,1033314370584576.0,15.014232469282954,success
3478,14956,72076310000.0,10.857792854309082,909731,2046,12777496248320.0,13.106445762111395,success
3481,14967,66940027000.0,10.82568645477295,78522,18,407155215695872.0,14.609760002516866,success
3482,14970,73698250000.0,10.867457389831543,1085176,3546,8462128381952.0,12.927479609880928,success
3485,14984,79709274000.0,10.901509284973145,574560,633,54819410673664.0,13.738934362422897,success
3489,14998,82501616000.0,10.916462898254395,418698,319,95636196163584.0,13.980622294147855,success
3491,15005,73456845000.0,10.866032600402832,1060937,3286,10920175599616.0,13.038229622007098,success
3494,15016,88100780000.0,10.944979667663574,336600,206,115317153988608.0,14.061893915520757,success
3495,15018,88112330000.0,10.945036888122559,2002776,57128,896752877568.0,11.952672778946999,success
3498,15025,77928310000.0,10.891695022583008,301161,167,163859293798400.0,14.214471078802891,success
3499,15026,80904130000.0,10.907970428466797,1316406,7239,6937303318528.0,12.84119068349811,success
3502,15042,74884180000.0,10.874390602111816,583832,657,62052332732416.0,13.792758112567597,success
3503,15043,73407350000.0,10.865739822387695,945310,2294,14331692449792.0,13.156297479874246,success
3504,15045,67739455000.0,10.830842018127441,547226,568,62956708560896.0,13.799042014598683,success
3506,15050,69030310000.0,10.83903980255127,1577384,16073,2819362127872.0,12.45015086162399,success
3509,15063,81951600000.0,10.913558006286621,1080433,3492,13315706191872.0,13.124364203978137,success
3510,15065,86929540000.0,10.939167976379395,1210878,5230,10133013790720.0,13.005738633713255,success
3511,15066,76171520000.0,10.881793022155762,1207349,5171,9006766620672.0,12.954568909644227,success
3512,15067,66326820000.0,10.82168960571289,0,0,1535789976518656.0,15.186331828797393,success
3513,15069,64747220000.0,10.8112211227417,1466938,11490,4457737224192.0,12.649114463999092,success
3514,15073,64104470000.0,10.806888580322266,1551662,14866,2420420902912.0,12.383890894871916,success
3515,15076,86480480000.0,10.936918258666992,840036,1632,16514722824192.0,13.217871289081984,success
3516,15077,69447510000.0,10.841656684875488,952129,2343,20930908651520.0,13.32078808231744,success
3527,15124,79916155000.0,10.902634620666504,914101,2074,21113495093248.0,13.324560131652948,success
3528,15126,70680030000.0,10.849296569824219,527689,523,70654569218048.0,13.849140252837353,success
3530,15131,76627410000.0,10.884384155273438,608642,724,49248552878080.0,13.692393473690524,success
3534,15145,82935900000.0,10.918743133544922,434871,345,97338085343232.0,13.98828279934485,success
3536,15152,80894120000.0,10.907917022705078,94756,24,367364893835264.0,14.565097651855222,success
3541,15169,80334970000.0,10.90490436553955,1162069,4501,8083361759232.0,12.907592015458524,success
3542,15170,66391896000.0,10.822114944458008,298403,164,162742719741952.0,14.211501569611249,success
3543,15175,68830430000.0,10.837780952453613,275990,142,146151143636992.0,14.164802218073829,success
3544,15179,81011560000.0,10.908547401428223,887620,1907,22051536502784.0,13.343438855546813,success
3546,15186,64515404000.0,10.809663772583008,291274,157,111486940741632.0,14.047223998361675,success
3551,15209,80525010000.0,10.905930519104004,674125,926,43106812559360.0,13.634545911068706,success
3555,15222,63126307000.0,10.800210952758789,567755,617,34264479432704.0,13.534844138131483,success
3556,15224,69695560000.0,10.843205451965332,263795,131,185050360446976.0,14.267289935364555,success
3558,15230,77149880000.0,10.887335777282715,617636,750,54375057719296.0,13.735399730967906,success
3561,15239,78233540000.0,10.893393516540527,86933,21,382146090893312.0,14.582229421392805,success
3564,15253,86482370000.0,10.936927795410156,1200789,5070,7612696887296.0,12.881538537951009,success
3565,15255,72628950000.0,10.861109733581543,1018601,2886,10775970185216.0,13.032456381117482,success
3567,15264,75874170000.0,10.880094528198242,215609,91,164138567335936.0,14.21521063841577,success
3571,15285,66003560000.0,10.819567680358887,509823,487,68941133119488.0,13.838478417213745,success
3573,15293,78226530000.0,10.893354415893555,654926,863,45554587402240.0,13.65853211749262,success
3574,15295,70077280000.0,10.845577239990234,897795,1970,11167593398272.0,13.047959593307255,success
3577,15306,72986305000.0,10.863241195678711,476872,419,79921825185792.0,13.902665393374416,success
3579,15311,71475850000.0,10.854159355163574,1042147,3101,9830096961536.0,12.992557801621796,success
3581,15316,79844450000.0,10.902244567871094,295358,161,170170278477824.0,14.230883709566198,success
3584,15330,72319750000.0,10.859256744384766,446771,366,40676657987584.0,13.60934526388754,success
3585,15334,69762260000.0,10.843620300292969,1015345,2857,16313183371264.0,13.212538717979074,success
3588,15345,83913600000.0,10.923832893371582,347380,219,66468171481088.0,13.822613731631124,success
3589,15348,83702870000.0,10.922740936279297,265569,133,198890708008960.0,14.29861449375943,success
3593,15362,87544560000.0,10.942229270935059,1269581,6267,6263794565120.0,12.796837505643465,success
3594,15363,79226910000.0,10.898873329162598,366250,243,117173376778240.0,14.068828945882146,success
3595,15366,85366374000.0,10.931286811828613,602104,706,29493269889024.0,13.469722925011427,success
3597,15370,80353850000.0,10.905006408691406,11760,1,1307340129173504.0,15.116388592175756,success
3598,15373,79587975000.0,10.900847434997559,1716058,24459,2153177284608.0,12.333079789487773,success
3599,15375,82925210000.0,10.918686866760254,714101,1067,35132205432832.0,13.545705413590637,success
3601,15380,71439426000.0,10.853938102722168,999267,2717,14828693356544.0,13.171102884471168,success
3603,15387,71668840000.0,10.855330467224121,1034751,3032,11478355673088.0,13.059879677848322,success
3607,15404,68680970000.0,10.836836814880371,469716,405,77950888181760.0,13.891821067956416,success
3608,15406,63139344000.0,10.800300598144531,375696,256,125519060271104.0,14.098709679140052,success
3611,15419,87991530000.0,10.944440841674805,1093099,3634,11540174471168.0,13.06221237478962,success
3612,15422,67661020000.0,10.830338478088379,1331687,7583,6143862636544.0,12.788441497248416,success
3615,15434,82431205000.0,10.916091918945312,1648670,19953,2476648693760.0,12.3938644074006,success
3618,15446,69766370000.0,10.843646049499512,381638,264,60795924774912.0,13.783874468958846,success
3619,15448,73023350000.0,10.8634614944458,184706,70,258570536878080.0,14.412579037171403,success
3620,15451,70462040000.0,10.847955703735352,1461761,11311,4382775574528.0,12.641749232634453,success
3621,15453,88141800000.0,10.945181846618652,305746,172,112941214990336.0,14.052852455445842,success
3629,15480,71011590000.0,10.851329803466797,737763,1156,26604791136256.0,13.424959853799079,success
3631,15486,73514910000.0,10.866375923156738,344284,215,116181465825280.0,14.065136851532658,success
3632,15488,64494068000.0,10.80951976776123,809848,1477,27883904958464.0,13.445353593785995,success
3633,15491,78828210000.0,10.896681785583496,239857,110,164342309847040.0,14.215749386731398,success
3638,15512,82065190000.0,10.914158821105957,538738,548,75069074178048.0,13.875461059774146,success
3639,15513,75485600000.0,10.877863883972168,572819,629,56552216068096.0,13.752449627957999,success
3641,15520,81588404000.0,10.911628723144531,733872,1141,34958068416512.0,13.543547427989097,success
3643,15527,82319114000.0,10.91550064086914,1575024,15958,3022749171712.0,12.480402110836133,success
3648,15544,82699570000.0,10.917503356933594,362897,239,113186665660416.0,14.053795266329251,success
3650,15549,69478180000.0,10.841848373413086,1217058,5336,9389218988032.0,12.972629468379552,success
3655,15564,86725000000.0,10.93814468383789,921329,2123,14105618415616.0,13.149392131157962,success
3660,15581,79138430000.0,10.898387908935547,64929,13,553877338324992.0,14.743413596521044,success
3663,15590,79815500000.0,10.902087211608887,803657,1448,25714881462272.0,13.41018452669717,success
3665,15596,86547990000.0,10.937256813049316,400772,291,91769182093312.0,13.962696861006464,success
3669,15613,63761920000.0,10.804561614990234,412966,310,87421039411200.0,13.94161596582173,success
3670,15615,76052730000.0,10.881114959716797,874822,1828,21543497236480.0,13.333316205332427,success
3671,15616,87707345000.0,10.943036079406738,546532,566,76039434797056.0,13.881038880084095,success
3674,15629,93688400000.0,10.971686363220215,976225,2528,21741252378624.0,13.337284557480725,success
3675,15630,79006140000.0,10.897661209106445,1491436,12378,2374764331008.0,12.375620517194085,success
3676,15632,79664990000.0,10.901268005371094,177232,65,227894857039872.0,14.357734524458976,success
3677,15633,70551400000.0,10.848505973815918,938899,2248,17672085438464.0,13.247287802533124,success
3678,15635,65823162000.0,10.818378448486328,223142,97,228157068148736.0,14.358233927460837,success
3680,15642,65604520000.0,10.816933631896973,939855,2255,21215601229824.0,13.326655343766792,success
3682,15648,65610760000.0,10.816975593566895,1461017,11285,1935870787584.0,12.286876366344277,success
3683,15650,76968450000.0,10.886312484741211,17908,2,1033314370584576.0,15.014232469282954,success
3684,15653,81192960000.0,10.909518241882324,1181660,4779,9397586624512.0,12.973016337618004,success
3685,15655,70176120000.0,10.846189498901367,577619,641,54070911959040.0,13.732963694440407,success
3687,15661,63117025000.0,10.80014705657959,1454143,11058,3989635072000.0,12.600933173013876,success
3688,15666,67682670000.0,10.830477714538574,723781,1103,34879821578240.0,13.54257425470709,success
3691,15679,81869234000.0,10.913121223449707,146947,48,324151516594176.0,14.510748057859148,success
3693,15688,87375510000.0,10.941390037536621,900677,1987,20840294907904.0,13.31890386030739,success
3695,15692,70897640000.0,10.850631713867188,206780,85,123098057670656.0,14.090251200375905,success
3697,15697,75779890000.0,10.87955379486084,181998,68,276792942264320.0,14.442155012176563,success
3699,15702,68771940000.0,10.837411880493164,407987,302,125426609422336.0,14.098389682422573,success
3700,15705,72167916000.0,10.858344078063965,494969,456,47788842811392.0,13.679326514372821,success
3706,15730,67857510000.0,10.831598281860352,1183286,4803,5793764605952.0,12.762960846336703,success
3707,15734,75132740000.0,10.875829696655273,81797,19,467371865145344.0,14.669662565180955,success
3713,15755,81128560000.0,10.909173965454102,367707,245,116268908675072.0,14.065463596103577,success
3716,15760,91267110000.0,10.960314750671387,364567,241,116610618621952.0,14.066738099299025,success
3723,15792,84083065000.0,10.924708366394043,932948,2205,18063145566208.0,13.25679338180757,success
3725,15796,64487064000.0,10.809473037719727,243651,113,200451358195712.0,14.302009003240094,success
3728,15809,72644010000.0,10.861200332641602,1257822,6042,6815259033600.0,12.833482367100288,success
3729,15812,85271495000.0,10.930804252624512,348360,220,128017598775296.0,14.107269676879309,success
3731,15817,82100240000.0,10.914344787597656,1082175,3514,13301527347200.0,13.1239015116721,success
3732,15818,63256867000.0,10.801107406616211,980810,2565,18356220461056.0,13.26378326499806,success
3734,15823,64830534000.0,10.811779975891113,685409,963,42378647830528.0,13.627147095623746,success
3735,15826,63541506000.0,10.803057670593262,1154958,4401,8764690792448.0,12.942736599322876,success
3738,15835,85102110000.0,10.929940223693848,650764,850,36240657219584.0,13.559196064949882,success
3739,15836,69180020000.0,10.839981079101562,904743,2014,24412074016768.0,13.387604678056027,success
3743,15850,84965630000.0,10.929243087768555,391987,278,120271566536704.0,14.080162967691026,success
3744,15851,69561940000.0,10.842371940612793,190699,74,205864174616576.0,14.313580775369577,success
3747,15862,63906144000.0,10.805542945861816,880050,1859,25785274466304.0,13.411371758529892,success
3751,15880,67538723000.0,10.82955265045166,1696069,23038,2235877818368.0,12.349448067435148,success
3757,15901,82541410000.0,10.916671752929688,439339,352,94567856603136.0,13.975743545788117,success
3758,15904,83832504000.0,10.923412322998047,152150,51,316146536415232.0,14.499888428205248,success
3759,15905,86208094000.0,10.935547828674316,199580,80,193627108147200.0,14.286966159246084,success
3761,15910,87823980000.0,10.943613052368164,713257,1064,36202195451904.0,13.558734908757899,success
3763,15913,68830370000.0,10.837779998779297,458739,386,83476237778944.0,13.921562867457821,success
3764,15916,73730286000.0,10.867646217346191,1150576,4340,7539485835264.0,12.877341729620234,success
3767,15923,76891570000.0,10.885878562927246,380828,263,103605214380032.0,14.015381613705413,success
3773,15949,70463610000.0,10.847965240478516,542639,557,65727797133312.0,13.817749077147573,success
3774,15951,79451726000.0,10.900103569030762,1517400,13403,3122853576704.0,12.494551621655667,success
3776,15954,83651250000.0,10.922472953796387,325151,193,98666782130176.0,13.994170964567003,success
3777,15957,69757080000.0,10.843588829040527,211746,88,223381030961152.0,14.349046290987863,success
3778,15959,67806790000.0,10.831273078918457,326070,194,118452362674176.0,14.073543727668524,success
3779,15962,76172840000.0,10.881800651550293,1266671,6210,6955172626432.0,12.842307913591394,success
3782,15972,63475007000.0,10.802602767944336,962939,2425,19250806784000.0,13.284448935117096,success
3783,15976,68006752000.0,10.832551956176758,494530,455,74523831435264.0,13.872295174839584,success
3784,15979,66210656000.0,10.820927619934082,834986,1605,25738524753920.0,13.410583650975797,success
3792,16012,68321940000.0,10.83456039428711,68209,14,437283203317760.0,14.640762795784122,success
3797,16031,75043650000.0,10.875313758850098,796346,1413,28413511335936.0,13.453524907062974,success
3799,16036,78961400000.0,10.897415161132812,350631,223,131011845292032.0,14.117310563689344,success
3805,16060,76067774000.0,10.881200790405273,357083,231,121593208504320.0,14.084909318427938,success
3806,16062,68470936000.0,10.835506439208984,791187,1389,30339399417856.0,13.482006979479959,success
3807,16065,64491390000.0,10.809501647949219,1502342,12793,3801474662400.0,12.579952100171573,success
3808,16068,71380740000.0,10.853581428527832,922396,2130,16984646352896.0,13.230056508604648,success
3813,16087,83700270000.0,10.92272663116455,747233,1197,29773134823424.0,13.47382456406692,success
3816,16098,74199080000.0,10.87039852142334,407986,302,125426609422336.0,14.098389682422573,success
3817,16099,72168645000.0,10.858348846435547,260604,128,167641163497472.0,14.224380666351609,success
3818,16101,77440434000.0,10.888967514038086,860640,1746,21280245940224.0,13.32797664288358,success
3820,16105,66101990000.0,10.82021427154541,1456438,11131,4027962097664.0,12.605085375274623,success
3821,16108,65790657000.0,10.818164825439453,439883,353,86192754262016.0,13.935470758675221,success
3823,16115,64056600000.0,10.806564331054688,337383,207,96327551680512.0,13.983750522134436,success
3824,16116,76943670000.0,10.886173248291016,304752,171,183455803506688.0,14.263531454936686,success
3825,16119,69603180000.0,10.842629432678223,893750,1944,25524835450880.0,13.406962951032986,success
3829,16138,73205570000.0,10.864543914794922,585486,661,46589586440192.0,13.668288855381904,success
3830,16139,79395720000.0,10.899797439575195,342548,213,116116789657600.0,14.064895020155996,success
3834,16154,80755910000.0,10.907174110412598,1101925,3734,13069813022720.0,13.116269374590354,success
3836,16158,68894720000.0,10.838186264038086,33268,5,733527398154240.0,14.865416339917514,success
3837,16160,73297150000.0,10.865087509155273,1126949,4033,10527898075136.0,13.022341671708684,success
3841,16174,71792796000.0,10.856081008911133,1050502,3182,14760387018752.0,13.169097744878949,success
3843,16181,70937035000.0,10.850872993469238,81626,19,467371865145344.0,14.669662565180955,success
3844,16183,77609940000.0,10.889917373657227,962116,2419,20165412519936.0,13.304607110712563,success
3845,16184,73869480000.0,10.868465423583984,472857,411,84143316664320.0,13.92501962653793,success
3850,16201,79805420000.0,10.902032852172852,910026,2048,17463402037248.0,13.242128852318034,success
3851,16202,81171040000.0,10.909400939941406,968903,2471,16862411751424.0,13.226919689827781,success
3853,16210,81237040000.0,10.909753799438477,476872,419,79921825185792.0,13.902665393374416,success
3856,16223,87550304000.0,10.94225788116455,517357,502,61252621565952.0,13.787124680910242,success
3860,16237,64565514000.0,10.8100004196167,325142,193,98666782130176.0,13.994170964567003,success
3861,16239,69832385000.0,10.844057083129883,240917,111,180591530082304.0,14.256697377623238,success
3862,16242,87940630000.0,10.94419002532959,608642,724,49248552878080.0,13.692393473690524,success
3864,16247,83752880000.0,10.92300033569336,1278277,6435,5749850243072.0,12.759656533480165,success
3865,16249,65739190000.0,10.817824363708496,87006,21,382146090893312.0,14.582229421392805,success
3868,16259,70802750000.0,10.85004997253418,217958,93,235066697449472.0,14.371191105780005,success
3871,16267,74397704000.0,10.871560096740723,1087930,3576,11290149912576.0,13.052699708600988,success
3872,16268,63999070000.0,10.806174278259277,410630,306,108786647826432.0,14.036575594524383,success
3873,16271,70948730000.0,10.850944519042969,490396,446,80648580628480.0,13.906596728443601,success
3876,16284,74728220000.0,10.87348461151123,318336,185,136576881393664.0,14.135377191784158,success
3877,16285,73331430000.0,10.865290641784668,937935,2241,13877694693376.0,13.142317328863976,success
3881,16296,80087590000.0,10.903565406799316,830818,1583,26470147686400.0,13.422756364392004,success
3884,16305,89713750000.0,10.952858924865723,636432,806,45201494114304.0,13.655152790450169,success
3885,16306,83180150000.0,10.92002010345459,118257,34,367825831067648.0,14.565642224891787,success
3887,16311,63403045000.0,10.80211067199707,1456337,11127,3899998339072.0,12.591064422069572,success
3891,16321,64424910000.0,10.809054374694824,1041695,3097,13214222909440.0,13.121041628605433,success
3894,16332,68766910000.0,10.837379455566406,696901,1004,39399408533504.0,13.595489702217364,success
3895,16335,74776980000.0,10.873767852783203,619794,756,52550246072320.0,13.720574754000808,success
3896,16336,66286625000.0,10.821426391601562,102605,27,456104488206336.0,14.659064345851233,success
3897,16338,77182845000.0,10.887520790100098,134877,42,198878729076736.0,14.298588335972127,success
3899,16343,71305535000.0,10.853123664855957,700291,1018,30255922282496.0,13.480810395942845,success
3900,16345,76180790000.0,10.881845474243164,1063921,3316,11556373921792.0,13.062821585572964,success
3903,16355,85244850000.0,10.930667877197266,421528,323,98153567092736.0,13.991906087334307,success
3904,16357,82143530000.0,10.914573669433594,217976,93,235066697449472.0,14.371191105780005,success
3905,16359,81352516000.0,10.910370826721191,375696,256,125519060271104.0,14.098709679140052,success
3906,16360,73929580000.0,10.868818283081055,1452572,11006,3900674146304.0,12.591139671826044,success
3908,16367,81587590000.0,10.91162395477295,223,0,1535789976518656.0,15.186331828797393,success
3910,16375,72757840000.0,10.8618803024292,17948,2,1033314370584576.0,15.014232469282954,success
3911,16376,81030160000.0,10.908646583557129,1742089,26458,1973808922624.0,12.295305107874363,success
3917,16401,66838233000.0,10.82502555847168,985879,2605,9279173033984.0,12.967509273333011,success
3924,16426,79476730000.0,10.900239944458008,1579579,16177,2632202584064.0,12.42031931114076,success
3926,16434,67121950000.0,10.826865196228027,1667385,21126,2447040053248.0,12.388641077959157,success
3930,16449,68067303000.0,10.832939147949219,537836,546,71849518039040.0,13.856423859266522,success
3931,16451,81276800000.0,10.909966468811035,1394447,9207,5144112005120.0,12.711310416112898,success
3932,16454,71591800000.0,10.854863166809082,247170,116,198077717676032.0,14.296835623268862,success
3934,16461,84740370000.0,10.92809009552002,550729,576,54804923547648.0,13.738819576249396,success
3943,16497,65858843000.0,10.81861400604248,1595267,16976,2812222636032.0,12.44904969962401,success
3946,16505,81837120000.0,10.91295051574707,904843,2015,16880846766080.0,13.227394227633981,success
3947,16506,71146000000.0,10.852150917053223,61684,12,655181557530624.0,14.816361664125669,success
3949,16510,82563240000.0,10.916787147521973,1201845,5087,8054108585984.0,12.90601748049562,success
3950,16512,85952940000.0,10.934261322021484,1467673,11515,4285186703360.0,12.631969748656552,success
3951,16513,79526620000.0,10.9005126953125,692067,987,23991269982208.0,13.380053238033137,success
3954,16524,82356494000.0,10.915698051452637,901698,1994,22125488373760.0,13.344892865615659,success
3956,16530,65672780000.0,10.81738567352295,443557,360,96995049996288.0,13.986749571233755,success
3959,16539,77942930000.0,10.891777038574219,349782,222,126042232586240.0,14.10051608722885,success
3961,16542,79700190000.0,10.901459693908691,1091514,3616,10545465917440.0,13.023065772402026,success
3966,16562,63402234000.0,10.802104949951172,819527,1526,23125160886272.0,13.364084762893322,success
3971,16578,81940540000.0,10.913498878479004,1716770,24511,1704694644736.0,12.231646596828348,success
3972,16579,73134510000.0,10.86412239074707,634048,799,31951421440000.0,13.504490183615438,success
3975,16592,81046120000.0,10.908732414245605,379411,261,103206847774720.0,14.01370851368762,success
3977,16599,70091030000.0,10.845663070678711,1395185,9227,5496780619776.0,12.740108404325754,success
3979,16605,66928624000.0,10.82561206817627,1469328,11570,2917385895936.0,12.46499387903294,success
3984,16629,78830970000.0,10.896697044372559,228541,101,121944716345344.0,14.086162987825046,success
3990,16650,68842790000.0,10.837858200073242,538738,548,75069074178048.0,13.875461059774146,success
3992,16659,72563106000.0,10.860715866088867,1431034,10308,3965183066112.0,12.598263242792825,success
3994,16663,77996030000.0,10.892072677612305,236502,107,187167024349184.0,14.272229335830058,success
3997,16672,64076358000.0,10.806697845458984,1056910,3244,12167121207296.0,13.08518783446008,success
4001,16687,71314915000.0,10.853180885314941,85,0,1535789976518656.0,15.186331828797393,success
4003,16692,64915720000.0,10.812350273132324,700886,1020,34816451936256.0,13.541784511094415,success
4004,16694,74558010000.0,10.8724946975708,544375,561,55063552720896.0,13.740864228802765,success
4005,16696,64097850000.0,10.806843757629395,621646,762,53261860077568.0,13.726416329345087,success
4008,16706,71903860000.0,10.856752395629883,412328,309,102281827581952.0,14.009798479440981,success
4010,16711,65363420000.0,10.815335273742676,440474,354,97267235160064.0,13.987966571146448,success
4015,16730,75153850000.0,10.875951766967773,428849,335,52758300327936.0,13.722290795780912,success
4016,16732,71255420000.0,10.852818489074707,760432,1251,31752647081984.0,13.501779936405264,success
4018,16740,71506850000.0,10.854348182678223,153871,52,275655178584064.0,14.440366155746386,success
4019,16742,69002440000.0,10.83886432647705,33243,5,733527398154240.0,14.865416339917514,success
4020,16745,68560097000.0,10.836071968078613,966405,2452,17822501568512.0,13.250968661606157,success
4022,16749,75852300000.0,10.879968643188477,279606,145,155587975315456.0,14.191976029312148,success
4027,16767,78468050000.0,10.894693374633789,574945,634,61869364609024.0,13.791475655890508,success
4028,16768,76606190000.0,10.88426399230957,540053,551,55684209049600.0,13.745732055229078,success
4030,16775,81714660000.0,10.912300109863281,1869179,38749,1475512631296.0,12.168942931679876,success
4033,16790,81089720000.0,10.908966064453125,148401,49,324038740148224.0,14.510596934980795,success
4035,16795,72924230000.0,10.862872123718262,47406,8,398251614273536.0,14.600157544846473,success
4038,16805,66790265000.0,10.824713706970215,512658,493,65074223906816.0,13.813408997296108,success
4044,16829,69003550000.0,10.838871955871582,347377,219,66468171481088.0,13.822613731631124,success
4047,16841,69959600000.0,10.844847679138184,208574,86,192014666694656.0,14.283334402772732,success
4048,16844,73685290000.0,10.86738109588623,1832887,34769,1472379486208.0,12.168019758048787,success
4051,16858,81705165000.0,10.912249565124512,929183,2179,18455172481024.0,13.266118108442916,success
4053,16862,68920060000.0,10.838345527648926,1045894,3137,11735068049408.0,13.069485612332285,success
4056,16872,73641886000.0,10.867125511169434,1273742,6346,5813033238528.0,12.764402806229747,success
4057,16873,85113510000.0,10.929998397827148,915387,2082,21988779229184.0,13.342201118913048,success
4058,16875,82111040000.0,10.91440200805664,980692,2564,17490747850752.0,13.242808378976179,success
4059,16876,63574663000.0,10.803284645080566,1337071,7707,4265873244160.0,12.630007946711226,success
4060,16879,82425560000.0,10.916062355041504,690893,983,35174842630144.0,13.546232163107126,success
4064,16891,70544960000.0,10.848465919494629,1233706,5613,6753719681024.0,12.82954303090542,success
4065,16893,64437002000.0,10.809135437011719,225690,99,137743803875328.0,14.139072072109837,success
4067,16898,75053810000.0,10.875372886657715,870895,1804,23994216480768.0,13.380106572829195,success
4068,16901,76774350000.0,10.88521671295166,399177,289,82948426563584.0,13.918808152370818,success
4071,16910,67495210000.0,10.829273223876953,699684,1015,42936641257472.0,13.632828068502706,success
4072,16914,86848630000.0,10.938762664794922,654260,861,43509939699712.0,13.638588481405783,success
4073,16916,79113240000.0,10.898249626159668,552928,581,40077640073216.0,13.602902140669705,success
4074,16917,74952780000.0,10.874788284301758,238668,109,188158054498304.0,14.274522813935697,success
4076,16920,75818750000.0,10.879776954650879,140479,45,305942902079488.0,14.485640381953425,success
4077,16922,70535135000.0,10.848405838012695,916199,2088,15136482918400.0,13.180024975126075,success
4078,16926,82939030000.0,10.9187593460083,823015,1544,25792408977408.0,13.41149190657131,success
4079,16927,72337130000.0,10.85936164855957,1211528,5242,8527114928128.0,12.930802116427119,success
4082,16937,79221290000.0,10.898841857910156,419274,320,107388266872832.0,14.030956833405007,success
4084,16940,76635690000.0,10.884430885314941,1219635,5378,8844639993856.0,12.94668016038156,success
4086,16944,72174180000.0,10.858382225036621,336601,206,115317153988608.0,14.061893915520757,success
4087,16945,81723744000.0,10.912348747253418,1106822,3792,12543354470400.0,13.098413695439454,success
4092,16965,77894115000.0,10.891505241394043,724834,1107,28071425998848.0,13.448264474896664,success
4093,16966,65477276000.0,10.81609058380127,371738,250,78968426332160.0,13.897453483561133,success
4094,16968,66214200000.0,10.820951461791992,341656,212,80945520574464.0,13.90819282043196,success
4096,16976,63556588000.0,10.803160667419434,831647,1588,28259446161408.0,13.451163646139527,success
4098,16984,65716195000.0,10.817672729492188,712085,1060,33746575163392.0,13.52822970418592,success
4100,16991,66859475000.0,10.825162887573242,1019156,2891,14580969373696.0,13.163786397757846,success
4102,16997,76019370000.0,10.880924224853516,1085075,3545,11620017242112.0,13.065206772473292,success
4107,17012,78275305000.0,10.893625259399414,713253,1064,36202195451904.0,13.558734908757899,success
4108,17013,67714520000.0,10.830681800842285,132753,41,357260815499264.0,14.552985385232217,success
4109,17016,71639720000.0,10.855154037475586,106856,29,212362409803776.0,14.327077644897338,success
4110,17019,69738955000.0,10.843475341796875,1171000,4624,10488586960896.0,13.020716983291617,success
4114,17036,72674340000.0,10.861381530761719,536823,544,61417117974528.0,13.788289433124215,success
4116,17045,69372550000.0,10.841187477111816,327853,196,138183509540864.0,14.140456218561189,success
4123,17071,71052160000.0,10.851577758789062,613911,739,56257197113344.0,13.75017809063523,success
4124,17073,66669777000.0,10.823928833007812,773197,1307,29913891471360.0,13.475872913686791,success
4127,17083,63557538000.0,10.803167343139648,347379,219,66468171481088.0,13.822613731631124,success
4131,17102,66346844000.0,10.821820259094238,779688,1336,26570152476672.0,13.424394046679275,success
4132,17106,78030790000.0,10.892266273498535,785333,1362,30152434122752.0,13.479322377285753,success
4133,17109,78159356000.0,10.89298152923584,1125491,4014,10278041288704.0,13.011910357990164,success
4134,17110,79366400000.0,10.899637222290039,393217,280,87607643996160.0,13.94254200115118,success
4137,17123,73218410000.0,10.864620208740234,1097641,3685,12051667746816.0,13.08104715007455,success
4138,17125,82599485000.0,10.916977882385254,97407,25,219906721185792.0,14.342238503254803,success
4141,17132,78193190000.0,10.893169403076172,160842,56,296168328265728.0,14.47153861395946,success
4145,17145,70882345000.0,10.85053825378418,1527123,13811,3692010405888.0,12.5672629164095,success
4148,17153,74267400000.0,10.870798110961914,1692900,22815,2218654171136.0,12.346089612609596,success
4151,17163,78703985000.0,10.895997047424316,1037002,3052,13114507526144.0,13.117751986676746,success
4153,17171,75945280000.0,10.880500793457031,1837449,35246,1434595491840.0,12.156729461748208,success
4154,17173,75022360000.0,10.875190734863281,11758,1,1307340129173504.0,15.116388592175756,success
4155,17175,69610610000.0,10.84267520904541,669941,911,46986132717568.0,13.671969701066,success
4159,17190,76796700000.0,10.885342597961426,270913,138,156064733462528.0,14.193304774984238,success
4160,17191,70239306000.0,10.846580505371094,1145929,4276,11364246487040.0,13.0555406448679,success
4161,17193,74906180000.0,10.874517440795898,636801,807,30569505226752.0,13.4852884096443,success
4162,17195,79307200000.0,10.899312973022461,667118,902,26650678919168.0,13.425708277043366,success
4166,17205,79845300000.0,10.902249336242676,383024,266,86725086937088.0,13.938144743870438,success
4178,17248,84758930000.0,10.92818546295166,485891,437,84636801695744.0,13.92755924363093,success
4180,17252,66761875000.0,10.824528694152832,33175,5,733527398154240.0,14.865416339917514,success
4183,17262,64532880000.0,10.809781074523926,412966,310,87421039411200.0,13.94161596582173,success
4185,17268,81318945000.0,10.910191535949707,302073,168,173127850000384.0,14.238366935747166,success
4193,17298,68120478000.0,10.833277702331543,1685756,22335,2369762361344.0,12.374704797347025,success
4195,17303,81579065000.0,10.911579132080078,352149,225,128242103091200.0,14.108030631565473,success
4196,17304,63879594000.0,10.805362701416016,68209,14,437283203317760.0,14.640762795784122,success
4198,17312,77499980000.0,10.889301300048828,1775970,29290,1722889928704.0,12.236257532303828,success
4199,17313,70931080000.0,10.850836753845215,1283088,6530,6800854220800.0,12.832563465659195,success
4208,17351,71697070000.0,10.855501174926758,1137210,4161,11766052421632.0,13.070630778980442,success
4210,17356,63919160000.0,10.805631637573242,97409,25,219906721185792.0,14.342238503254803,success
4215,17378,63504120000.0,10.802802085876465,414330,312,90020350263296.0,13.954340698417177,success
4217,17382,71662150000.0,10.855290412902832,486235,438,58306320138240.0,13.765715632844694,success
4218,17384,81515030000.0,10.911237716674805,994653,2679,10801649811456.0,13.03349009338421,success
4220,17388,68037595000.0,10.832749366760254,1091330,3614,8383875776512.0,12.923444834766673,success
4224,17402,72775030000.0,10.861982345581055,623976,769,60123984691200.0,13.779047755548502,success
4225,17403,72907430000.0,10.862771987915039,1350741,8046,6457998180352.0,12.810097918311493,success
4229,17416,69707990000.0,10.843282699584961,1052713,3204,11024927293440.0,13.042375734088909,success
4230,17417,80494240000.0,10.90576457977295,1295206,6786,5943818977280.0,12.774065574244183,success
4232,17422,77926710000.0,10.89168643951416,254682,123,71453248585728.0,13.85402197855433,success
4233,17423,77565810000.0,10.889670372009277,1134905,4132,7882572562432.0,12.896667977303705,success
4238,17437,83979380000.0,10.924172401428223,818774,1522,26302249697280.0,13.419992896373008,success
4241,17448,71670750000.0,10.855341911315918,180645,67,278848855867392.0,14.445368866896443,success
4245,17467,67933220000.0,10.832082748413086,781587,1345,31640327815168.0,13.500240974433131,success
4247,17471,70793370000.0,10.849992752075195,509823,487,68941133119488.0,13.838478417213745,success
4253,17493,66117220000.0,10.820314407348633,57,0,1535789976518656.0,15.186331828797393,success
4255,17501,73891770000.0,10.868596076965332,114186,32,390393736724480.0,14.59150284145414,success
4256,17503,73629630000.0,10.867053031921387,685923,965,38872297766912.0,13.589640212820527,success
4260,17517,67416658000.0,10.828767776489258,160830,56,296168328265728.0,14.47153861395946,success
4261,17518,74731140000.0,10.873501777648926,830467,1581,19824688234496.0,13.2972063662745,success
4262,17519,67460550000.0,10.829050064086914,335712,205,93913033474048.0,13.972725868869533,success
4264,17526,69720695000.0,10.843361854553223,75826,17,416661488271360.0,14.619783360778436,success
4266,17532,82306890000.0,10.915436744689941,116081,33,369590794190848.0,14.56772114522689,success
4267,17533,70466960000.0,10.84798526763916,335713,205,93913033474048.0,13.972725868869533,success
4272,17553,64801450000.0,10.81158447265625,345899,217,144810090430464.0,14.160798824745035,success
4274,17559,67218903000.0,10.827491760253906,1723117,24981,2022215909376.0,12.305827522790418,success
4276,17567,63331164000.0,10.801617622375488,1143200,4240,11013084676096.0,13.04190897838826,success
4277,17571,80830600000.0,10.907575607299805,954745,2362,19941413617664.0,13.299755941567929,success
4281,17585,84800135000.0,10.928397178649902,257241,125,135592662794240.0,14.132236189573915,success
4285,17605,73456030000.0,10.86602783203125,205496,84,158344471904256.0,14.19960290595621,success
4286,17607,64288560000.0,10.808134078979492,1124789,4005,11815580860416.0,13.072455076647406,success
4287,17609,74534980000.0,10.872360229492188,180645,67,278848855867392.0,14.445368866896443,success
4289,17614,65401995000.0,10.815590858459473,217972,93,235066697449472.0,14.371191105780005,success
4295,17635,63507767000.0,10.802826881408691,1011451,2822,15779803168768.0,13.198101581683854,success
4297,17641,64895427000.0,10.812213897705078,817616,1516,26988263768064.0,13.431174946053249,success
4301,17653,88780970000.0,10.948320388793945,404697,297,98328016584704.0,13.992677278915957,success
4302,17655,72934520000.0,10.862933158874512,524987,517,62366234443776.0,13.79494952295672,success
4304,17660,78350380000.0,10.894041061401367,1880973,40134,1139076235264.0,12.05655279119633,success
4307,17670,80200370000.0,10.904176712036133,787107,1370,25851468972032.0,13.412485226281856,success
4309,17672,70047800000.0,10.8453950881958,146890,48,324151516594176.0,14.510748057859148,success
4311,17683,67850494000.0,10.83155345916748,1224341,5454,8227681468416.0,12.915277469801122,success
4316,17698,69608610000.0,10.842662811279297,673510,924,34439413366784.0,13.537055745170164,success
4319,17704,71713560000.0,10.85560131072998,1018820,2888,13144055349248.0,13.118729379232725,success
4320,17705,79325320000.0,10.899412155151367,664316,893,22396308291584.0,13.350176437051747,success
4323,17713,70751680000.0,10.849737167358398,251630,120,203439883681792.0,14.308436098856749,success
4325,17719,74247640000.0,10.870682716369629,1049399,3171,12953567887360.0,13.112389405511978,success
4327,17724,71735290000.0,10.855732917785645,1349973,8025,6284411142144.0,12.798264589945827,success
4328,17726,70106920000.0,10.8457612991333,257224,125,135592662794240.0,14.132236189573915,success
4329,17727,64713080000.0,10.810992240905762,1125009,4008,11752629600256.0,13.070135049000108,success
4330,17729,79815810000.0,10.90208911895752,673257,923,46932605009920.0,13.67147466054182,success
4333,17738,84650710000.0,10.927630424499512,153871,52,275655178584064.0,14.440366155746386,success
4334,17739,73653160000.0,10.867191314697266,128624,39,334133456797696.0,14.523919963740937,success
4335,17741,86014170000.0,10.9345703125,198208,79,253893451710464.0,14.404651499917893,success
4337,17747,74573760000.0,10.872586250305176,1367882,8482,4888129961984.0,12.689142744088464,success
4339,17755,77643940000.0,10.890108108520508,1004831,2763,16784210001920.0,13.224900904721295,success
4340,17756,78981540000.0,10.897525787353516,1047364,3151,12572395831296.0,13.099418045956854,success
4344,17769,67806675000.0,10.831273078918457,1284962,6569,7269262557184.0,12.861490355344568,success
4345,17771,76214160000.0,10.882036209106445,37502,6,459285179924480.0,14.662082431960792,success
4348,17779,83353510000.0,10.920924186706543,1470803,11621,3634493915136.0,12.560443946098657,success
4356,17809,81287320000.0,10.910022735595703,472857,411,84143316664320.0,13.92501962653793,success
4357,17810,83017440000.0,10.919169425964355,1127739,4043,9489295081472.0,12.977233951774226,success
4360,17820,75714520000.0,10.879179000854492,626793,778,53514088742912.0,13.728468134503427,success
4361,17822,83750216000.0,10.922986030578613,1350527,8040,4765947265024.0,12.678149232589584,success
4363,17826,73755970000.0,10.867796897888184,1359190,8257,5365097299968.0,12.729577602621823,success
4364,17828,63677410000.0,10.803985595703125,144438,47,183143579516928.0,14.262791698161662,success
4365,17830,66691630000.0,10.824071884155273,815054,1503,25337404588032.0,13.403762126300208,success
4367,17837,71366860000.0,10.853496551513672,264563,132,179053478805504.0,14.252982763277869,success
4369,17840,76703840000.0,10.884817123413086,25,0,1535789976518656.0,15.186331828797393,success
4371,17844,65124420000.0,10.813743591308594,544369,561,55063552720896.0,13.740864228802765,success
4372,17847,78215440000.0,10.893292427062988,742490,1176,36476414853120.0,13.562012146377295,success
4374,17851,76242390000.0,10.882196426391602,452185,375,94402114486272.0,13.974981722046326,success
4378,17863,71919395000.0,10.85684585571289,1200060,5058,8749874413568.0,12.942001819663933,success
4379,17866,66027390000.0,10.819724082946777,126395,38,128062117117952.0,14.107420677287024,success
4383,17877,74361150000.0,10.871346473693848,164428,58,279208861368320.0,14.445929197555325,success
4392,17900,75885050000.0,10.880156517028809,555623,587,54796576882688.0,13.738753429152371,success
4393,17901,70810210000.0,10.850095748901367,699684,1015,42936641257472.0,13.632828068502706,success
4394,17902,75594300000.0,10.87848949432373,308891,175,148736479068160.0,14.172417496531807,success
4396,17905,79389040000.0,10.899760246276855,206779,85,123098057670656.0,14.090251200375905,success
4398,17912,70528940000.0,10.848367691040039,202724,82,135533791543296.0,14.132047587839036,success
4404,17934,67041920000.0,10.826346397399902,1907594,43447,1045410086912.0,12.019286686185577,success
4406,17940,77222970000.0,10.887746810913086,84205,20,431286791438336.0,14.63476615767462,success
4409,17951,76309635000.0,10.882579803466797,184692,70,258570536878080.0,14.412579037171403,success
4411,17955,69523340000.0,10.842130661010742,430554,338,84481679556608.0,13.926762539362514,success
4413,17961,75678790000.0,10.878973960876465,1083146,3524,11984403693568.0,13.078616429772621,success
4416,17972,66167250000.0,10.820643424987793,324346,192,129208068079616.0,14.111289632955177,success
4417,17975,68373246000.0,10.83488655090332,466822,400,67376317988864.0,13.828507273774644,success
4429,18024,76761520000.0,10.885143280029297,502501,471,79567700099072.0,13.900736804979298,success
4437,18058,70888350000.0,10.85057544708252,886020,1897,14417419829248.0,13.158887545114181,success
4438,18060,70078660000.0,10.845585823059082,867917,1787,21646186381312.0,13.335381393555847,success
4441,18067,75358220000.0,10.877130508422852,601783,705,49795741777920.0,13.697192206184997,success
4445,18078,73143130000.0,10.864173889160156,192574,75,134628685905920.0,14.129137606717837,success
4447,18083,75429850000.0,10.877543449401855,911319,2056,18015793971200.0,13.255653406603614,success
4454,18109,72409470000.0,10.859795570373535,1063696,3314,12852341506048.0,13.108982256890506,success
4457,18123,70470470000.0,10.848007202148438,401460,292,88006337757184.0,13.944513948898596,success
4465,18143,81192260000.0,10.909514427185059,281465,147,187930807107584.0,14.273997978930446,success
4474,18175,65264402000.0,10.814676284790039,1354817,8147,5390834073600.0,12.73165596472997,success
4478,18189,71992890000.0,10.85728931427002,679700,945,22963392872448.0,13.361036056065673,success
4479,18191,76851495000.0,10.885652542114258,1242874,5773,8306387058688.0,12.9194121643775,success
4481,18196,73695320000.0,10.867440223693848,440507,354,97267235160064.0,13.987966571146448,success
4483,18203,67160027000.0,10.82711124420166,1421425,10010,4910918664192.0,12.691162741302218,success
4484,18204,79312945000.0,10.899344444274902,1184540,4820,4934367444992.0,12.693231486740792,success
4485,18205,70552370000.0,10.848511695861816,1548366,14719,2931848904704.0,12.467141584814877,success
4487,18211,73880980000.0,10.86853313446045,749797,1207,33547559632896.0,13.525660933550784,success
4489,18217,72151700000.0,10.858246803283691,1068694,3366,13486640857088.0,13.12990379260032,success
4493,18232,70218060000.0,10.84644889831543,594396,685,49596285845504.0,13.695449154369243,success
4495,18239,73243530000.0,10.864768981933594,211746,88,223381030961152.0,14.349046290987863,success
4498,18248,74331095000.0,10.871170997619629,1055110,3227,10029214203904.0,13.001266907070539,success
4502,18261,74998850000.0,10.875054359436035,701420,1022,43654580273152.0,13.640029816953348,success
4503,18262,73051185000.0,10.863627433776855,766390,1276,30142787223552.0,13.479183407893743,success
4507,18278,69092870000.0,10.839433670043945,1168175,4585,7634519326720.0,12.88278169884829,success
4510,18287,67002120000.0,10.826088905334473,51514,9,641211639529472.0,14.807001397240343,success
4513,18294,73596300000.0,10.866856575012207,929182,2179,18455172481024.0,13.266118108442916,success
4516,18307,67032617000.0,10.826286315917969,1150060,4333,10811797929984.0,13.033897920238584,success
4517,18308,70980440000.0,10.851139068603516,372432,251,119521037778944.0,14.077444355385916,success
4522,18322,74920500000.0,10.874600410461426,294439,160,171195450261504.0,14.233492218562052,success
4527,18339,66383160000.0,10.822057723999023,1059479,3271,14529095270400.0,13.162238571537786,success
4531,18355,66776265000.0,10.82462215423584,1358196,8231,5326513897472.0,12.726443064481774,success
4538,18384,69849326000.0,10.844161987304688,202722,82,135533791543296.0,14.132047587839036,success
4540,18388,75077200000.0,10.875508308410645,1616237,18101,2935043129344.0,12.467614487422981,success
4546,18409,71209020000.0,10.852535247802734,1212476,5257,9051521941504.0,12.956721608511872,success
4551,18425,64815415000.0,10.811678886413574,855404,1715,30002506629120.0,13.477157540376938,success
4553,18429,77689220000.0,10.890360832214355,109279,30,389327343321088.0,14.590314906252068,success
4558,18441,76127560000.0,10.881542205810547,232873,104,157096716795904.0,14.196167108704381,success
4559,18442,68859950000.0,10.837966918945312,662330,887,42830399537152.0,13.631752125668367,success
4561,18448,70530154000.0,10.84837532043457,671007,915,43412803813376.0,13.637617835628028,success
4562,18450,65602376000.0,10.816919326782227,370929,249,113038212464640.0,14.053225281157548,success
4569,18476,68109943000.0,10.833210945129395,1514937,13302,3584111149056.0,12.554381469369885,success
4572,18491,63615230000.0,10.803561210632324,524064,515,71033381978112.0,13.851462492406343,success
4574,18498,71159930000.0,10.852235794067383,84215,20,431286791438336.0,14.63476615767462,success
4576,18505,81147470000.0,10.90927505493164,1754515,27463,2067241107456.0,12.31539113242364,success
4579,18513,83058310000.0,10.91938304901123,355974,230,134836362674176.0,14.129807028543086,success
4580,18514,76338230000.0,10.882741928100586,972111,2496,18093399080960.0,13.257520162406186,success
4581,18515,75097014000.0,10.875622749328613,1314428,7194,5590279520256.0,12.747433523641305,success
4582,18517,66759545000.0,10.82451343536377,424030,327,99669908652032.0,13.998564060228068,success
4583,18520,63720180000.0,10.804277420043945,1383133,8887,5893969674240.0,12.770407896979785,success
4585,18526,69562606000.0,10.842375755310059,1058038,3256,12087044603904.0,13.082320124754986,success
4590,18543,78492040000.0,10.89482593536377,81658,19,467371865145344.0,14.669662565180955,success
4593,18550,77515120000.0,10.889386177062988,1105478,3776,13100321341440.0,13.117281948717029,success
4595,18554,80238750000.0,10.90438461303711,671007,915,43412803813376.0,13.637617835628028,success
4598,18566,69883896000.0,10.844377517700195,610983,731,39293930176512.0,13.594325469092018,success
4599,18569,63162860000.0,10.800461769104004,86949,21,382146090893312.0,14.582229421392805,success
4600,18571,79828520000.0,10.9021577835083,1068694,3366,13486640857088.0,13.12990379260032,success
4602,18576,75771940000.0,10.879508972167969,561060,600,63358732599296.0,13.801806481229207,success
4603,18578,63635513000.0,10.803699493408203,396004,284,109812230651904.0,14.040650713600575,success
4604,18580,75546330000.0,10.878213882446289,248327,117,221948206383104.0,14.34625163973729,success
4605,18581,68273627000.0,10.834253311157227,1087084,3567,11649530462208.0,13.066308421346456,success
4607,18588,73569580000.0,10.866698265075684,1134201,4122,8355153707008.0,12.921954443875295,success
4608,18591,80116965000.0,10.903724670410156,653080,857,45056484442112.0,13.653757302635166,success
4609,18592,70578620000.0,10.848672866821289,383024,266,86725086937088.0,13.938144743870438,success
4611,18597,63907560000.0,10.80555248260498,1066045,3338,14494706171904.0,13.161209416019812,success
4614,18605,77840120000.0,10.891203880310059,1181924,4783,7529492381696.0,12.876765698211399,success
4616,18610,78105480000.0,10.892682075500488,1335099,7661,5133753647104.0,12.710435024391844,success
4619,18620,79209440000.0,10.89877700805664,893996,1946,15954661605376.0,13.202887597343292,success
4625,18645,63823230000.0,10.80497932434082,611695,733,64120023941120.0,13.806993675838912,success
4627,18649,76178970000.0,10.881834983825684,168097,60,290497797029888.0,14.463142843296431,success
4634,18674,69570670000.0,10.842426300048828,796135,1412,26058009083904.0,13.415941231142323,success
4642,18704,65467363000.0,10.816024780273438,109278,30,389327343321088.0,14.590314906252068,success
4643,18708,71602090000.0,10.854926109313965,885611,1894,22135596646400.0,13.345091232515317,success
4644,18709,64783254000.0,10.811463356018066,366250,243,117173376778240.0,14.068828945882146,success
4646,18717,75614490000.0,10.878604888916016,462780,393,83177100017664.0,13.920003774549217,success
4651,18732,63797560000.0,10.804803848266602,1462439,11336,3668085833728.0,12.56443948966927,success
4654,18741,75561330000.0,10.878299713134766,946238,2301,8396630130688.0,12.924105023051363,success
4656,18744,64931110000.0,10.812453269958496,1397980,9309,5026275131392.0,12.701246257590219,success
4660,18757,65451250000.0,10.81591796875,294432,160,171195450261504.0,14.233492218562052,success
4661,18760,78413220000.0,10.894389152526855,440474,354,97267235160064.0,13.987966571146448,success
4662,18762,80730950000.0,10.9070405960083,428353,334,104113522081792.0,14.017507138579992,success
4664,18767,76954984000.0,10.886237144470215,1170623,4619,6466127790080.0,12.810644283321961,success
4671,18788,77791460000.0,10.890932083129883,655871,866,43967274024960.0,13.643129540156501,success
4672,18789,74850760000.0,10.87419605255127,429523,336,101111641931776.0,14.0048011628674,success
4675,18797,65307263000.0,10.814961433410645,1410348,9670,2296294146048.0,12.361027518666395,success
4682,18821,68035160000.0,10.832733154296875,190677,74,205864174616576.0,14.313580775369577,success
4688,18840,65763210000.0,10.817983627319336,58084,11,547336941993984.0,14.738254761430827,success
4691,18848,79135695000.0,10.898372650146484,267741,135,163210233643008.0,14.21274738649718,success
4692,18849,74656285000.0,10.873066902160645,1540070,14356,3615950635008.0,12.558222492851455,success
4693,18851,68420570000.0,10.835186958312988,27914,4,841819696922624.0,14.925219083166255,success
4694,18852,63663202000.0,10.803888320922852,748768,1203,37577016999936.0,13.574922301259804,success
4704,18890,79035310000.0,10.897821426391602,1101513,3729,12606683217920.0,13.100600839972854,success
4705,18891,73604874000.0,10.866907119750977,1183745,4809,5673352953856.0,12.753839802980139,success
4706,18892,66708808000.0,10.824183464050293,1,0,1535789976518656.0,15.186331828797393,success
4707,18893,63418280000.0,10.802214622497559,717039,1078,33770440753152.0,13.528536728844255,success
4709,18898,81088540000.0,10.90895938873291,1485036,12140,2913005469696.0,12.464341300095075,success
4710,18901,73937895000.0,10.868866920471191,1050326,3180,14084409917440.0,13.148738656435889,success
4711,18903,70521150000.0,10.848320007324219,1580444,16221,2296792743936.0,12.361121807460615,success
4712,18905,63970540000.0,10.80597972869873,447501,367,99850288889856.0,13.999349325722383,success
4713,18907,76352960000.0,10.88282585144043,1287370,6621,7275945656320.0,12.861889446679449,success
4714,18908,69993095000.0,10.84505558013916,347377,219,66468171481088.0,13.822613731631124,success
4723,18944,70947290000.0,10.850935935974121,534279,538,75706658717696.0,13.879134079198531,success
4725,18951,77735076000.0,10.890617370605469,1296739,6818,5011785383936.0,12.699992465241515,success
4730,18970,75620900000.0,10.878642082214355,1127314,4038,9795287384064.0,12.991017182289129,success
4734,18981,69923100000.0,10.844620704650879,1018706,2887,14409562849280.0,13.1586508055867,success
4749,19043,70839650000.0,10.850276947021484,815961,1508,12506540015616.0,13.097137177002482,success
4754,19060,66662326000.0,10.823880195617676,1060388,3280,15252703936512.0,13.183346840444278,success
4756,19067,68241658000.0,10.834050178527832,51512,9,641211639529472.0,14.807001397240343,success
4764,19103,64873560000.0,10.812067985534668,831326,1586,27962835468288.0,13.44658120733812,success
4766,19110,67148435000.0,10.827035903930664,393218,280,87607643996160.0,13.94254200115118,success
4767,19114,69014450000.0,10.838940620422363,408634,303,106752687210496.0,14.028378816024944,success
4770,19121,69474484000.0,10.841825485229492,253650,122,201308741042176.0,14.303862632831848,success
4771,19123,76799550000.0,10.885358810424805,955191,2366,18402575908864.0,13.264878617830536,success
4773,19128,64477106000.0,10.809405326843262,248325,117,221948206383104.0,14.34625163973729,success
4774,19132,69333210000.0,10.840941429138184,285612,151,177005769261056.0,14.24798742182739,success
4776,19137,68852970000.0,10.837923049926758,939764,2254,20865964048384.0,13.31943845476646,success
4779,19145,76454674000.0,10.883403778076172,1026670,2957,11883756126208.0,13.074953730801695,success
4788,19174,72224350000.0,10.858683586120605,299288,165,82350293647360.0,13.915665152129947,success
4789,19176,68270330000.0,10.834232330322266,485891,437,84636801695744.0,13.92755924363093,success
4792,19186,70281490000.0,10.846840858459473,183493,69,269337868894208.0,14.43029741949233,success
4796,19201,73308670000.0,10.865155220031738,489264,444,57526712270848.0,13.759869554219668,success
4800,19217,67535663000.0,10.829533576965332,831457,1587,22334144512000.0,13.348969321892556,success
4807,19238,67660890000.0,10.830337524414062,744458,1185,39813663162368.0,13.600032137845675,success
4808,19240,67564904000.0,10.829721450805664,1026790,2958,16279280812032.0,13.21163521466466,success
4811,19248,64273424000.0,10.808032035827637,1538849,14302,2902477242368.0,12.462768823224481,success
4825,19297,74250570000.0,10.870699882507324,1282996,6528,5228652396544.0,12.718389770672504,success
4836,19336,75809500000.0,10.87972354888916,785550,1363,23592098070528.0,13.372766564876084,success
4837,19337,68874680000.0,10.838059425354004,494530,455,74523831435264.0,13.872295174839584,success
4839,19340,64928140000.0,10.812433242797852,1254004,5971,7182501281792.0,12.856275712168356,success
4841,19346,63783570000.0,10.804709434509277,1254846,5985,8105523412992.0,12.908781064592874,success
4843,19352,77392670000.0,10.888699531555176,1106258,3785,11584133922816.0,13.063863569709753,success
4844,19353,65273123000.0,10.81473445892334,1862754,38027,1205611266048.0,12.081207297667241,success
4845,19355,77794690000.0,10.890950202941895,549904,574,73404623355904.0,13.86572341461256,success
4853,19384,71020446000.0,10.851383209228516,238666,109,188158054498304.0,14.274522813935697,success
4859,19406,67691352000.0,10.830533027648926,228537,101,121944716345344.0,14.086162987825046,success
4864,19422,73530070000.0,10.86646556854248,1923479,45550,1062787153920.0,12.026446296382412,success
4865,19423,70039970000.0,10.845346450805664,908678,2039,23104170491904.0,13.363690380677458,success
4866,19424,63838330000.0,10.805081367492676,904743,2014,24412074016768.0,13.387604678056027,success
4870,19435,68966810000.0,10.838640213012695,558484,594,68042126000128.0,13.832777874836172,success
4873,19442,69148480000.0,10.83978271484375,727657,1117,30655123554304.0,13.486503070874093,success
4879,19459,69218360000.0,10.840221405029297,281468,147,187930807107584.0,14.273997978930446,success
4887,19485,68157678000.0,10.833515167236328,1215500,5309,7714777858048.0,12.887323425355369,success
4890,19491,76548570000.0,10.883936882019043,602508,707,54530980970496.0,13.73664331038151,success
4891,19492,65314808000.0,10.815011978149414,594034,684,61184141164544.0,13.786638868268875,success
4894,19500,64184030000.0,10.807427406311035,363631,240,70644460945408.0,13.849078115580904,success
4896,19505,68073435000.0,10.832978248596191,84208,20,431286791438336.0,14.63476615767462,success
4898,19510,73987334000.0,10.869157791137695,735654,1148,34034721751040.0,13.531922204404937,success
4899,19511,77151396000.0,10.887344360351562,180656,67,278848855867392.0,14.445368866896443,success
4902,19519,77133914000.0,10.887245178222656,1219957,5383,7349562507264.0,12.866261487882014,success
4905,19524,69219160000.0,10.840226173400879,1007208,2785,18098025398272.0,13.25763119335454,success
4908,19535,69640400000.0,10.84286117553711,205478,84,158344471904256.0,14.19960290595621,success
4910,19541,76019440000.0,10.880925178527832,1092913,3632,6203301167104.0,12.792622866452138,success
4921,19584,73376460000.0,10.865556716918945,86987,21,382146090893312.0,14.582229421392805,success
4929,19613,72061380000.0,10.857702255249023,638111,811,55779629465600.0,13.746475624996727,success
4931,19618,73494790000.0,10.866256713867188,279583,145,155587975315456.0,14.191976029312148,success
4932,19619,76261930000.0,10.882308006286621,1301364,6914,6254892154880.0,12.79621982610869,success
4935,19627,66533800000.0,10.823042869567871,1400458,9379,4671741100032.0,12.669478766907641,success
4938,19639,85392020000.0,10.931417465209961,124334,37,197666877210624.0,14.2959339012316,success
4939,19640,65170130000.0,10.814048767089844,132755,41,357260815499264.0,14.552985385232217,success
4940,19642,71440250000.0,10.85394287109375,100241,26,278377265102848.0,14.444633763828051,success
4950,19674,76962456000.0,10.886279106140137,1205309,5138,7396056891392.0,12.869000243147301,success
4951,19675,77163120000.0,10.887410163879395,896716,1963,25916585541632.0,13.413577783537026,success
4953,19679,67800040000.0,10.831230163574219,224398,98,228585860235264.0,14.359049362490914,success
4955,19688,74297130000.0,10.870972633361816,247170,116,198077717676032.0,14.296835623268862,success
4956,19689,74289684000.0,10.870928764343262,563602,607,60780804308992.0,13.783766442776596,success
4962,19709,67220020000.0,10.827498435974121,921616,2125,16832335446016.0,13.226144377470204,success
4968,19731,71065520000.0,10.851658821105957,494546,455,74523831435264.0,13.872295174839584,success
4970,19735,64785412000.0,10.811477661132812,1225148,5468,5853011247104.0,12.767379358652112,success
4972,19739,66078970000.0,10.820063591003418,1337486,7718,5897519628288.0,12.77066939499095,success
4974,19746,73322380000.0,10.865236282348633,1412398,9728,4716854509568.0,12.67365248072604,success
4976,19750,75336550000.0,10.877005577087402,1266967,6215,5700701913088.0,12.755928332552003,success
4981,19764,65888764000.0,10.818811416625977,1318980,7296,5354290675712.0,12.728701944630338,success
4985,19776,67929630000.0,10.832059860229492,256038,124,178725417123840.0,14.252186319330942,success
4988,19787,70834770000.0,10.85024642944336,553737,583,64927419072512.0,13.812428139591622,success
4991,19797,75655350000.0,10.878839492797852,211746,88,223381030961152.0,14.349046290987863,success
4998,19818,63266880000.0,10.801177024841309,27892,4,841819696922624.0,14.925219083166255,success
5006,19849,76016116000.0,10.880906105041504,817996,1518,25340875374592.0,13.403821613064729,success
5008,19853,65542000000.0,10.816519737243652,378506,260,66928957718528.0,13.825614061808873,success
5011,19866,75327190000.0,10.876952171325684,816989,1513,17632128401408.0,13.24630473982028,success
5015,19877,71217980000.0,10.85258960723877,345896,217,144810090430464.0,14.160798824745035,success
5017,19883,78630740000.0,10.89559268951416,535114,540,64589253312512.0,13.810160263887783,success
5018,19884,72979620000.0,10.863202095031738,1525612,13746,3391079841792.0,12.53033801521055,success
5028,19912,76619230000.0,10.88433837890625,394674,282,80834186969088.0,13.907595074536232,success
5033,19924,69749100000.0,10.843538284301758,349113,221,122974577360896.0,14.089815338650387,success
5037,19937,63266894000.0,10.801177024841309,440474,354,97267235160064.0,13.987966571146448,success
5038,19939,72620320000.0,10.861058235168457,299288,165,82350293647360.0,13.915665152129947,success
5040,19946,68619223000.0,10.836445808410645,968309,2467,18016039337984.0,13.255659321453376,success
5048,19975,68029166000.0,10.832695007324219,249442,118,192892568076288.0,14.28531549511078,success
5053,19990,72807620000.0,10.862176895141602,561061,600,63358732599296.0,13.801806481229207,success
5055,19995,76646260000.0,10.884490966796875,360435,236,111531140317184.0,14.047396142538728,success
5058,20005,76077760000.0,10.881258010864258,589219,672,54302471094272.0,13.73481959309139,success
5062,20018,74999540000.0,10.875059127807617,538738,548,75069074178048.0,13.875461059774146,success
5066,20027,67886006000.0,10.831780433654785,1052640,3203,7535037251584.0,12.877085403713343,success
5074,20056,68415590000.0,10.835155487060547,1150009,4332,8619660148736.0,12.935490143036054,success
5078,20068,72649710000.0,10.861233711242676,322253,189,142160531816448.0,14.1527790394773,success
5079,20070,64606130000.0,10.810274124145508,160830,56,296168328265728.0,14.47153861395946,success
5080,20072,71821290000.0,10.856253623962402,1197268,5015,7636977713152.0,12.882921523211055,success
5088,20095,71049314000.0,10.85155963897705,155651,53,184230525009920.0,14.265361589731892,success
5089,20096,71037220000.0,10.851486206054688,399903,290,60722771918848.0,13.783351588341688,success
5090,20097,64835523000.0,10.811813354492188,750473,1210,33522148442112.0,13.525331844882267,success
5094,20110,69551374000.0,10.842306137084961,1802684,31754,1371452866560.0,12.137180886570771,success
5096,20114,74297490000.0,10.87097454071045,362897,239,113186665660416.0,14.053795266329251,success
5097,20115,75049350000.0,10.875347137451172,1314073,7187,6563024601088.0,12.817104032185728,success
5103,20131,74807615000.0,10.873946189880371,558065,593,74121958391808.0,13.869946885384039,success
5104,20132,68026634000.0,10.83267879486084,1818157,33276,1613386088448.0,12.207738307883805,success
5119,20178,68714240000.0,10.83704662322998,365333,242,109316430364672.0,14.038685441734156,success
5123,20190,68067700000.0,10.832941055297852,431998,340,114998093283328.0,14.060690639628445,success
5124,20192,68130353000.0,10.833340644836426,78522,18,407155215695872.0,14.609760002516866,success
5129,20206,67221120000.0,10.827506065368652,86935,21,382146090893312.0,14.582229421392805,success
5135,20229,66072830000.0,10.820023536682129,328787,197,138800206446592.0,14.1423901120738,success
5138,20238,72658180000.0,10.861284255981445,1088585,3584,12462721073152.0,13.095612875231323,success
5139,20239,71570910000.0,10.854736328125,622210,764,54687277514752.0,13.737886303521826,success
5141,20243,70143090000.0,10.845985412597656,247175,116,198077717676032.0,14.296835623268862,success
5142,20244,68796880000.0,10.837569236755371,1526083,13766,3499630526464.0,12.544022196125162,success
5143,20245,65863100000.0,10.818642616271973,221894,96,214734724923392.0,14.331902280221906,success
5144,20246,67767833000.0,10.831024169921875,269847,137,173721042026496.0,14.239852425715519,success
5147,20255,73010290000.0,10.863384246826172,466138,399,61582495186944.0,13.789457281578665,success
5149,20260,70924570000.0,10.850796699523926,1160437,4479,11037687414784.0,13.042878090765965,success
5150,20262,73998190000.0,10.869221687316895,1195555,4989,7950018019328.0,12.90036811301947,success
5151,20263,64605876000.0,10.810272216796875,896716,1963,25916585541632.0,13.413577783537026,success
5154,20271,72837780000.0,10.862357139587402,1344055,7876,6443828248576.0,12.809143956376332,success
5157,20286,64715490000.0,10.81100845336914,427248,332,99754541318144.0,13.998932676033133,success
5158,20288,64772140000.0,10.81138801574707,1364617,8397,5878467526656.0,12.769264123446762,success
5164,20307,69910310000.0,10.844541549682617,1440796,10618,4407492083712.0,12.644191540936582,success
5165,20308,71893130000.0,10.856687545776367,1310242,7102,3125138161664.0,12.494869222167106,success
5169,20320,81897460000.0,10.913270950317383,677740,938,42465805467648.0,13.628039365953748,success
5175,20338,65653015000.0,10.817255020141602,307864,174,128181143076864.0,14.107824140159273,success
5201,20430,64876840000.0,10.812089920043945,634049,799,31951421440000.0,13.504490183615438,success
5204,20442,78624220000.0,10.895556449890137,1226443,5490,8213247295488.0,12.914514899346122,success
5207,20451,63974617000.0,10.806007385253906,605828,716,60128938164224.0,13.779083534570761,success
5209,20459,63253033000.0,10.801081657409668,157610,54,314248664186880.0,14.497273440256166,success
5210,20462,67992203000.0,10.832459449768066,741602,1172,33123565830144.0,13.520137083456914,success
5217,20482,67726053000.0,10.830756187438965,1316406,7239,6937303318528.0,12.84119068349811,success
5219,20485,71413410000.0,10.853779792785645,735124,1146,29901205798912.0,13.475688702078772,success
5220,20487,66075996000.0,10.820043563842773,755054,1228,32674223751168.0,13.514205278744125,success
5224,20496,73312650000.0,10.865179061889648,952129,2343,20930908651520.0,13.32078808231744,success
5225,20497,64916746000.0,10.812356948852539,17948,2,1033314370584576.0,15.014232469282954,success
5228,20508,77641820000.0,10.890095710754395,260599,128,167641163497472.0,14.224380666351609,success
5229,20509,66720030000.0,10.82425594329834,214511,90,239398222299136.0,14.379120921139139,success
5235,20528,72852250000.0,10.862442970275879,1266803,6212,5568861831168.0,12.74576644275855,success
5237,20535,78785000000.0,10.896443367004395,81639,19,467371865145344.0,14.669662565180955,success
5241,20546,70376595000.0,10.847428321838379,1028835,2976,15873864630272.0,13.200682672392915,success
5244,20558,72455954000.0,10.860074043273926,477296,420,64300743917568.0,13.808215997456506,success
5254,20595,65810805000.0,10.818297386169434,217960,93,235066697449472.0,14.371191105780005,success
5255,20596,70569770000.0,10.848618507385254,882319,1873,7673804226560.0,12.885010715319785,success
5260,20615,72935540000.0,10.86293888092041,280543,146,167491024191488.0,14.223991538247157,success
5262,20623,65966320000.0,10.81932258605957,571069,625,42342132219904.0,13.62677272397207,success
5264,20627,74252740000.0,10.870712280273438,1094081,3645,11719130742784.0,13.06889539942842,success
5271,20649,64109740000.0,10.806923866271973,947882,2313,16031446728704.0,13.204972716236986,success
5279,20672,73257410000.0,10.864851951599121,1041002,3091,9768193228800.0,12.989814241986332,success
5280,20676,69959440000.0,10.844846725463867,1446803,10814,5037196050432.0,12.702188854166,success
5281,20678,75271150000.0,10.876628875732422,892701,1937,24658598428672.0,13.391968388075114,success
5299,20735,76673480000.0,10.884645462036133,55065,10,635853466501120.0,14.803357043286407,success
5301,20739,72377975000.0,10.859606742858887,871523,1808,11497894838272.0,13.060618332195933,success
5311,20773,64065503000.0,10.806624412536621,61684,12,655181557530624.0,14.816361664125669,success
5336,20857,63197364000.0,10.800699234008789,144438,47,183143579516928.0,14.262791698161662,success
5337,20860,68872225000.0,10.838044166564941,625788,775,48216322080768.0,13.683194079518282,success
5339,20864,70128060000.0,10.845891952514648,1073636,3418,11865036947456.0,13.074269094938632,success
5346,20893,65379303000.0,10.81544017791748,851935,1697,25339753398272.0,13.403802384095535,success
5358,20934,71556720000.0,10.854650497436523,794305,1404,31474826870784.0,13.497963349923031,success
5362,20944,64593280000.0,10.810187339782715,839482,1629,23080543977472.0,13.363246040342894,success
5363,20947,71837475000.0,10.856350898742676,769497,1291,31427647242240.0,13.497311869787595,success
5365,20952,71211740000.0,10.852551460266113,0,0,1535789976518656.0,15.186331828797393,success
5367,20957,66582856000.0,10.823362350463867,715022,1070,35917595148288.0,13.555307250913092,success
5370,20963,67201480000.0,10.82737922668457,898562,1974,20866920349696.0,13.319458358321603,success
5373,20973,69900250000.0,10.844478607177734,352152,225,128242103091200.0,14.108030631565473,success
5375,20978,66242605000.0,10.821137428283691,571983,627,62511038595072.0,13.79595671458608,success
5382,21000,65020140000.0,10.813048362731934,205477,84,158344471904256.0,14.19960290595621,success
5387,21015,68589777000.0,10.836259841918945,1179045,4742,9392790437888.0,12.972794632920616,success
5392,21027,69971270000.0,10.84492015838623,1405515,9529,4209190109184.0,12.624198541216078,success
5394,21031,73761270000.0,10.867828369140625,278412,144,177805841137664.0,14.24994602396933,success
5400,21050,70687465000.0,10.849342346191406,881734,1869,24295120044032.0,13.385519049286323,success
5403,21061,67009343000.0,10.826135635375977,1502693,12807,3358408835072.0,12.526133563752014,success
5404,21063,70130790000.0,10.845909118652344,17911,2,1033314370584576.0,15.014232469282954,success
5409,21077,70812254000.0,10.85010814666748,1156575,4423,8813558104064.0,12.945151271976307,success
5411,21081,65345930000.0,10.815218925476074,973378,2506,15525481545728.0,13.19104507934196,success
5412,21082,64312770000.0,10.808297157287598,821644,1537,25780482473984.0,13.411291040784189,success
5419,21106,67319255000.0,10.828139305114746,1117553,3919,6356612939776.0,12.803225767630368,success
5424,21117,66512980000.0,10.822906494140625,384684,268,101358334115840.0,14.00585946404741,success
5425,21118,66510470000.0,10.822890281677246,445254,363,90174650318848.0,13.955084466877407,success
5430,21130,70924810000.0,10.850798606872559,484417,434,98583760076800.0,13.993805378532276,success
5434,21138,73223406000.0,10.864649772644043,11755,1,1307340129173504.0,15.116388592175756,success
5443,21164,75924500000.0,10.880382537841797,1688805,22536,1700704157696.0,12.230628773427703,success
5446,21174,74795590000.0,10.873876571655273,837127,1617,21241257787392.0,13.32718022963874,success
5453,21194,67965200000.0,10.832286834716797,884496,1887,24873199992832.0,13.39573166182115,success
5455,21199,75189290000.0,10.876155853271484,1698277,23190,2254691631104.0,12.353087152835856,success
5461,21217,67450590000.0,10.828986167907715,472857,411,84143316664320.0,13.92501962653793,success
5466,21238,63587074000.0,10.80336856842041,339339,209,136998895484928.0,14.13671706579338,success
5477,21269,78081890000.0,10.892550468444824,774037,1311,29406384881664.0,13.46844163714061,success
5479,21272,63490245000.0,10.802706718444824,1092649,3629,11722414882816.0,13.069017087983074,success
5483,21286,72362570000.0,10.859514236450195,1965489,51409,1106477711360.0,12.0439426700203,success
5488,21301,65556220000.0,10.816614151000977,1697997,23169,2117681938432.0,12.325860732562473,success
5498,21327,65301740000.0,10.814925193786621,1074287,3425,6954329571328.0,12.842255268403257,success
5504,21348,67836998000.0,10.831466674804688,642290,823,45521884413952.0,13.658220231718337,success
5506,21351,66442244000.0,10.822444915771484,939023,2249,13074347065344.0,13.116420009355856,success
5516,21375,69439060000.0,10.841604232788086,426529,331,72077663010816.0,13.857800696978213,success
5518,21380,70017340000.0,10.845206260681152,68209,14,437283203317760.0,14.640762795784122,success
5524,21401,71721510000.0,10.855649948120117,1981435,53795,979708739584.0,11.99109698223096,success
5527,21409,67896316000.0,10.831846237182617,243651,113,200451358195712.0,14.302009003240094,success
5528,21411,67203166000.0,10.82738971710205,675024,929,41255304167424.0,13.615479793432677,success
5532,21425,75795430000.0,10.879643440246582,1016317,2866,10838831267840.0,13.034982455514884,success
5539,21444,67265675000.0,10.827794075012207,94777,24,367364893835264.0,14.565097651855222,success
5541,21449,66443190000.0,10.822450637817383,1255575,6000,8199570194432.0,12.913791088105835,success
5546,21462,66632850000.0,10.823688507080078,882512,1874,22557489102848.0,13.353290756239227,success
5549,21473,69422730000.0,10.84150218963623,879583,1856,24837718278144.0,13.395111696789312,success
5552,21481,74718980000.0,10.873431205749512,713546,1065,20960482689024.0,13.321401279588686,success
5559,21506,67942870000.0,10.832143783569336,70151,15,497315974479872.0,14.696632409598273,success
5561,21511,71101640000.0,10.851880073547363,857306,1726,28609909620736.0,13.456516485862668,success
5563,21515,67598700000.0,10.829938888549805,607282,720,65577833988096.0,13.816757067982131,success
5573,21544,71468150000.0,10.85411262512207,1595783,17002,2759634976768.0,12.44085164073936,success
5576,21552,74681730000.0,10.873214721679688,752449,1218,30934896214016.0,13.490448663308799,success
5578,21555,67735278000.0,10.830815315246582,744640,1186,35239422328832.0,13.547028780515921,success
5580,21561,65926525000.0,10.819060325622559,157568,54,314248664186880.0,14.497273440256166,success
5582,21567,79973120000.0,10.902944564819336,402168,293,100814081228800.0,14.003521196522815,success
5584,21575,68749620000.0,10.837270736694336,1302497,6937,6454540500992.0,12.809865330260578,success
5587,21581,65301365000.0,10.814922332763672,1037954,3061,11308811419648.0,13.053416962041833,success
5588,21583,70841240000.0,10.850286483764648,205477,84,158344471904256.0,14.19960290595621,success
5594,21600,67136460000.0,10.826958656311035,263607,131,185050360446976.0,14.267289935364555,success
5600,21617,64549224000.0,10.809890747070312,1138482,4177,9198640300032.0,12.9637236367114,success
5601,21620,77415520000.0,10.88882827758789,1010464,2813,12571470987264.0,13.099386097437337,success
5604,21630,70024880000.0,10.845252990722656,832436,1592,27641860063232.0,13.441567264028409,success
5606,21635,72999860000.0,10.863322257995605,1168745,4593,10383506014208.0,13.01634401878539,success
5607,21636,72043730000.0,10.857596397399902,221908,96,214734724923392.0,14.331902280221906,success
5611,21646,64247243000.0,10.807854652404785,362897,239,113186665660416.0,14.053795266329251,success
5616,21663,70694140000.0,10.849383354187012,566114,613,44262511083520.0,13.646036048515356,success
5618,21668,70563060000.0,10.848577499389648,834791,1604,27367651147776.0,13.437237525311708,success
5621,21677,68382454000.0,10.834944725036621,453937,378,51961936216064.0,13.71568532547038,success
5625,21689,65636020000.0,10.817142486572266,285612,151,177005769261056.0,14.24798742182739,success
5635,21718,65613010000.0,10.81698989868164,346465,218,121661835706368.0,14.085154365070611,success
5637,21722,67464864000.0,10.82907772064209,382406,265,116946104221696.0,14.067985758909593,success
5654,21785,69058110000.0,10.839215278625488,1968389,51843,961256488960.0,11.982839284523411,success
5662,21808,68630245000.0,10.836515426635742,199594,80,193627108147200.0,14.286966159246084,success
5664,21811,74738280000.0,10.873542785644531,646591,837,36506404126720.0,13.562369057139467,success
5667,21818,66357154000.0,10.821887969970703,140473,45,305942902079488.0,14.485640381953425,success
5669,21827,65454764000.0,10.81594181060791,248325,117,221948206383104.0,14.34625163973729,success
5673,21840,67724270000.0,10.830744743347168,527689,523,70654569218048.0,13.849140252837353,success
5676,21846,63577334000.0,10.803302764892578,702303,1026,41776719069184.0,13.62093432970606,success
5677,21849,69527280000.0,10.842155456542969,602511,707,54530980970496.0,13.73664331038151,success
5680,21857,63986704000.0,10.806090354919434,277136,143,90142035410944.0,13.95492736023331,success
5684,21870,68687850000.0,10.83687973022461,410090,305,106751428919296.0,14.0283736969768,success
5687,21880,67185697000.0,10.827277183532715,1735396,25923,2239827017728.0,12.350214478982783,success
5690,21889,70138400000.0,10.845955848693848,476410,418,64368444178432.0,13.808673012113472,success
5693,21899,66876810000.0,10.825275421142578,906004,2022,16418282143744.0,13.215327714627424,success
5699,21917,64992330000.0,10.812862396240234,1304435,6978,7010299412480.0,12.845736567240689,success
5701,21920,67103500000.0,10.82674503326416,126440,38,128062117117952.0,14.107420677287024,success
5702,21924,65841775000.0,10.818501472473145,1452301,10997,3910510837760.0,12.592233493848315,success
5703,21925,65516790000.0,10.816352844238281,900931,1989,20938043162624.0,13.320936090743698,success
5714,21960,63261830000.0,10.801141738891602,796132,1412,26058009083904.0,13.415941231142323,success
5718,21971,66319737000.0,10.821642875671387,277140,143,90142035410944.0,13.95492736023331,success
5721,21977,64849887000.0,10.811909675598145,224397,98,228585860235264.0,14.359049362490914,success
5725,21991,63562805000.0,10.803203582763672,1036698,3049,16764996943872.0,13.224403478596354,success
5731,22009,64541890000.0,10.809842109680176,84233,20,431286791438336.0,14.63476615767462,success
5739,22035,63728947000.0,10.804336547851562,224397,98,228585860235264.0,14.359049362490914,success
5748,22060,65873826000.0,10.818713188171387,386738,271,98774273753088.0,13.99464384517519,success
5753,22069,67103474000.0,10.82674503326416,1172651,4647,8017187700736.0,12.904022051545454,success
5758,22082,69321670000.0,10.840868949890137,410080,305,106751428919296.0,14.0283736969768,success
5761,22087,65402552000.0,10.815594673156738,1018491,2885,15217003069440.0,13.182329128218777,success
5769,22108,69731300000.0,10.843427658081055,1198000,5026,7382407053312.0,12.868197987775575,success
5773,22118,67024364000.0,10.82623291015625,1830693,34543,1586006327296.0,12.200304915581999,success
5775,22122,63432155000.0,10.8023099899292,1614070,17973,2705891786752.0,12.432310424428568,success
5776,22123,66438795000.0,10.82242202758789,770811,1296,29842133221376.0,13.474829864818012,success
5777,22124,63852413000.0,10.805177688598633,638111,811,55779629465600.0,13.746475624996727,success
5804,22214,70946570000.0,10.850931167602539,199604,80,193627108147200.0,14.286966159246084,success
5816,22258,70993670000.0,10.85122013092041,509099,485,69490628886528.0,13.841926242039401,success
5817,22259,64364204000.0,10.80864429473877,735846,1149,31815402258432.0,13.50263741861461,success
5820,22266,71500310000.0,10.854308128356934,1227210,5502,7066528251904.0,12.849206099602057,success
5827,22285,67167683000.0,10.827160835266113,528431,525,57845856862208.0,13.762272258597758,success
5829,22288,68418920000.0,10.835176467895508,292471,158,176244922515456.0,14.2461166141441,success
5831,22293,65808876000.0,10.81828498840332,1554021,14971,3610728726528.0,12.557594861177455,success
5833,22297,63882654000.0,10.80538272857666,548050,570,52305344856064.0,13.718546069802118,success
5837,22306,63535743000.0,10.803018569946289,728140,1119,26606265434112.0,13.424983919452533,success
5844,22321,70438710000.0,10.847811698913574,94753,24,367364893835264.0,14.565097651855222,success
5851,22347,71155120000.0,10.852206230163574,645903,835,38440708079616.0,13.584791378794575,success
5870,22404,72311900000.0,10.859210014343262,609278,726,55012763893760.0,13.740463464867142,success
5873,22414,66448937000.0,10.822487831115723,871729,1809,23206601687040.0,13.36561154818439,success
5876,22423,70117930000.0,10.845829010009766,656224,867,48917316108288.0,13.689462621067932,success
5877,22424,65562485000.0,10.816655158996582,325147,193,98666782130176.0,13.994170964567003,success
5878,22425,63987460000.0,10.806095123291016,265612,133,198890708008960.0,14.29861449375943,success
5889,22469,70600160000.0,10.84880542755127,286408,152,163909508005888.0,14.214604146704874,success
5891,22473,69404090000.0,10.841384887695312,1385849,8961,3539427393536.0,12.548933007804836,success
5892,22474,63293817000.0,10.801361083984375,1547625,14686,2803294273536.0,12.447668689863281,success
5896,22481,64541815000.0,10.80984115600586,1244571,5802,7408929210368.0,12.869755445275942,success
5903,22500,65632230000.0,10.817117691040039,763609,1264,29245994696704.0,13.466066396906157,success
5904,22501,70311730000.0,10.847027778625488,501950,470,47733666742272.0,13.678824796712158,success
5910,22518,66692500000.0,10.824077606201172,1402355,9437,3950656094208.0,12.596669225862582,success
5920,22553,64901333000.0,10.812253952026367,433713,343,105406022025216.0,14.02286542356733,success
5923,22560,68520747000.0,10.835822105407715,867006,1782,26502519324672.0,13.423287159853702,success
5925,22563,67794590000.0,10.831194877624512,552192,579,68386394472448.0,13.834969707081505,success
5928,22570,66336432000.0,10.821752548217773,1054233,3219,12990215618560.0,13.113616359785395,success
5943,22619,64746740000.0,10.81121826171875,1533035,14051,3017085550592.0,12.479587624932451,success
5954,22653,67413864000.0,10.828749656677246,1044172,3120,14093296599040.0,13.149012591925068,success
5962,22678,64974540000.0,10.812743186950684,120494,35,381228075188224.0,14.581184876358591,success
5982,22752,66020950000.0,10.819682121276855,1524275,13688,3166744084480.0,12.500612967953863,success
5991,22780,70944630000.0,10.850919723510742,318336,185,136576881393664.0,14.135377191784158,success
6000,22814,64543105000.0,10.809849739074707,160830,56,296168328265728.0,14.47153861395946,success
6007,22835,73678120000.0,10.867339134216309,51673,9,641211639529472.0,14.807001397240343,success
6027,22899,66308140000.0,10.821566581726074,70168,15,497315974479872.0,14.696632409598273,success
6032,22910,73088885000.0,10.863851547241211,619135,754,54715698118656.0,13.738111944765201,success
6039,22940,63483482000.0,10.802660942077637,939854,2255,21215601229824.0,13.326655343766792,success
6048,22970,63098196000.0,10.800017356872559,620727,759,47164260614144.0,13.673613030469552,success
6054,22988,64947270000.0,10.81256103515625,1005515,2769,16875923701760.0,13.227267553212599,success
6059,23000,67940008000.0,10.832125663757324,386738,271,98774273753088.0,13.99464384517519,success
6061,23006,63414424000.0,10.8021879196167,1059576,3272,11987388989440.0,13.078724598364591,success
6073,23060,73808690000.0,10.868107795715332,417717,317,108471882088448.0,14.035317175636992,success
6077,23070,64071600000.0,10.806665420532227,1301364,6914,6254892154880.0,12.79621982610869,success
6081,23083,64094106000.0,10.806818008422852,398522,288,106871897718784.0,14.028863521203663,success
6082,23085,68389482000.0,10.834989547729492,945065,2292,18884778262528.0,13.276111889882323,success
6092,23113,66922420000.0,10.82557201385498,97407,25,219906721185792.0,14.342238503254803,success
6108,23158,67409547000.0,10.82872200012207,786275,1366,30455067836416.0,13.483659571197425,success
6117,23188,66464756000.0,10.822591781616211,572825,629,56552216068096.0,13.752449627957999,success
6120,23193,63848014000.0,10.805147171020508,58230,11,547336941993984.0,14.738254761430827,success
6121,23195,69934020000.0,10.844688415527344,1460182,11255,4219977072640.0,12.625310091423053,success
6127,23218,64216736000.0,10.807648658752441,868149,1788,23117688733696.0,13.363944411912074,success
6142,23265,69993080000.0,10.84505558013916,290316,156,170201618317312.0,14.23096368514303,success
6156,23316,70044066000.0,10.84537124633789,1118546,3931,9935448440832.0,12.997187473960535,success
6162,23337,68692537000.0,10.836909294128418,790443,1386,24027248721920.0,13.380704044074992,success
6166,23345,65439437000.0,10.815839767456055,907192,2030,23906933014528.0,13.37852386468535,success
6170,23350,64589180000.0,10.810159683227539,388338,273,80389464915968.0,13.90519913794437,success
6171,23351,63701790000.0,10.80415153503418,175562,64,279798244966400.0,14.446844986053598,success
6175,23364,69068180000.0,10.839278221130371,418149,318,58181103386624.0,13.764781953249615,success
6176,23366,65638890000.0,10.817161560058594,1695586,23006,2354262835200.0,12.37185494682726,success
6184,23383,66305670000.0,10.821550369262695,1498028,12627,2796285329408.0,12.446581484192755,success
6201,23435,67090610000.0,10.826662063598633,112935,31,390177377746944.0,14.591262085651834,success
6210,23460,64243626000.0,10.807829856872559,183493,69,269337868894208.0,14.43029741949233,success
6211,23462,69010130000.0,10.838912963867188,972623,2500,16207883272192.0,13.209726300275248,success
6213,23466,63098397000.0,10.800018310546875,762176,1258,28357582389248.0,13.452669202541903,success
6223,23498,67344070000.0,10.828299522399902,434184,344,93962635313152.0,13.972955188670811,success
6226,23507,65476047000.0,10.816082954406738,1868667,38690,1190194446336.0,12.075617919436374,success
6250,23578,70402020000.0,10.847585678100586,236464,107,187167024349184.0,14.272229335830058,success
6253,23587,73861890000.0,10.868420600891113,106832,29,212362409803776.0,14.327077644897338,success
6255,23590,63281690000.0,10.801278114318848,653933,860,36740299489280.0,13.5651426921443,success
6267,23631,68720970000.0,10.837089538574219,586511,664,60311356833792.0,13.780399098970046,success
6274,23648,63851454000.0,10.805171012878418,1065194,3329,13179396554752.0,13.11989552566459,success
6293,23708,64599780000.0,10.81023120880127,164450,58,279208861368320.0,14.445929197555325,success
6298,23723,67648057000.0,10.830255508422852,168103,60,290497797029888.0,14.463142843296431,success
6303,23735,69809185000.0,10.843913078308105,217958,93,235066697449472.0,14.371191105780005,success
6308,23750,64181260000.0,10.807408332824707,550405,575,73962927161344.0,13.869014090492321,success
6317,23775,64261976000.0,10.807953834533691,747722,1199,32238108409856.0,13.508369551394148,success
6326,23803,65793490000.0,10.818182945251465,1284897,6568,4589534838784.0,12.661768670899695,success
6356,23890,64103035000.0,10.806879043579102,323749,191,156477503307776.0,14.194451908070404,success
6399,24029,67677790000.0,10.830446243286133,352912,226,114129838800896.0,14.057399203860903,success
6446,24186,63375008000.0,10.801918029785156,1262168,6122,6380006146048.0,12.804821097090041,success
6449,24196,66057150000.0,10.81991958618164,751726,1215,30693943934976.0,13.487052695507407,success
6450,24197,66387070000.0,10.822083473205566,203921,83,128114512363520.0,14.107598327889981,success
6451,24198,72568850000.0,10.860750198364258,700626,1019,40530692014080.0,13.607784018874451,success
6468,24246,67430390000.0,10.828855514526367,606900,719,52121881804800.0,13.71702008706141,success
6469,24247,65232978000.0,10.814467430114746,152070,51,316146536415232.0,14.499888428205248,success
6479,24272,66700874000.0,10.824131965637207,365350,242,109316430364672.0,14.038685441734156,success
6483,24284,67977966000.0,10.832367897033691,799057,1426,29193161146368.0,13.465281124590335,success
6484,24285,65822642000.0,10.818375587463379,1385729,8958,5161873309696.0,12.712807341243275,success
6512,24372,67578847000.0,10.829811096191406,822474,1541,27561291677696.0,13.440299567203313,success
6514,24377,65659486000.0,10.81729793548584,210120,87,78567408926720.0,13.895242430790523,success
6520,24392,66704654000.0,10.824156761169434,37509,6,459285179924480.0,14.662082431960792,success
6553,24489,64601460000.0,10.810242652893066,1297648,6837,6577439899648.0,12.818056888476406,success
6555,24491,67112845000.0,10.82680606842041,742490,1176,36476414853120.0,13.562012146377295,success
6556,24492,70888900000.0,10.850578308105469,1147626,4299,11875484958720.0,13.074651353926004,success
6567,24536,67599143000.0,10.829941749572754,132753,41,357260815499264.0,14.552985385232217,success
6576,24571,64064184000.0,10.806615829467773,434177,344,93962635313152.0,13.972955188670811,success
6597,24632,63690854000.0,10.8040771484375,1180855,4768,9208350113792.0,12.96418182339294,success
6609,24671,65011253000.0,10.81298828125,2007078,57840,767809093632.0,11.88525325142662,success
6621,24708,69129180000.0,10.839661598205566,405461,298,100322039037952.0,14.001396350579261,success
6623,24713,64977960000.0,10.812766075134277,1385498,8951,4726648209408.0,12.674553280238548,success
6638,24766,64174555000.0,10.80736255645752,323749,191,156477503307776.0,14.194451908070404,success
6639,24767,63136616000.0,10.800281524658203,72713,16,379204239622144.0,14.578873184241477,success
6640,24768,65425863000.0,10.815749168395996,627737,781,52605162094592.0,13.721028363149872,success
6643,24773,67352550000.0,10.828353881835938,303685,170,86061992640512.0,13.934811397321255,success
6644,24774,66275324000.0,10.821352005004883,100240,26,278377265102848.0,14.444633763828051,success
6649,24789,64274200000.0,10.808036804199219,1593596,16890,2735872147456.0,12.437095798109574,success
6656,24807,65582420000.0,10.816787719726562,987583,2619,14509629505536.0,13.16165632313687,success
6662,24824,66547710000.0,10.82313346862793,1331288,7573,6139519959040.0,12.788134415556451,success
6678,24866,63151927000.0,10.800386428833008,570624,624,47573284945920.0,13.677363140585985,success
6679,24867,64351322000.0,10.808557510375977,635176,802,48450024505344.0,13.685294001046907,success
6693,24899,63383884000.0,10.801979064941406,298404,164,162742719741952.0,14.211501569611249,success
6716,24958,63661920000.0,10.803879737854004,660883,882,45428653424640.0,13.657329863847082,success
6718,24962,65004155000.0,10.812941551208496,442942,359,39266109358080.0,13.594017871781636,success
6726,24982,63812060000.0,10.804903030395508,530644,530,71088553852928.0,13.851799679510533,success
6734,24999,63597048000.0,10.803437232971191,146890,48,324151516594176.0,14.510748057859148,success
6738,25012,63243790000.0,10.801017761230469,168106,60,290497797029888.0,14.463142843296431,success
6746,25035,66034580000.0,10.819771766662598,930636,2189,19022431125504.0,13.27926602032587,success
6783,25154,63997977000.0,10.806166648864746,1080433,3492,13315706191872.0,13.124364203978137,success
6788,25164,65240605000.0,10.814517974853516,1046501,3143,10488250368000.0,13.020703045972553,success
6801,25202,64182436000.0,10.807415962219238,1270246,6279,8126128979968.0,12.909883711276613,success
6805,25209,66394800000.0,10.822134017944336,1369658,8530,5164893208576.0,12.713061346299854,success
6806,25210,67257524000.0,10.827740669250488,1417720,9891,4183130112000.0,12.621501373078079,success
6808,25218,66499342000.0,10.8228178024292,748767,1203,37577016999936.0,13.574922301259804,success
6830,25274,69077390000.0,10.839336395263672,962116,2419,20165412519936.0,13.304607110712563,success
6861,25361,63217630000.0,10.800838470458984,42649,7,581220677189632.0,14.764341056124303,success
6873,25391,68523033000.0,10.835836410522461,214510,90,239398222299136.0,14.379120921139139,success
6875,25394,63833846000.0,10.80505084991455,1092498,3627,8875224858624.0,12.948179364952205,success
6881,25406,63512310000.0,10.802858352661133,1286419,6601,6961686380544.0,12.842714454704224,success
6899,25455,64316330000.0,10.808320999145508,809848,1477,27883904958464.0,13.445353593785995,success
6904,25471,64675810000.0,10.810742378234863,134865,42,198878729076736.0,14.298588335972127,success
6909,25482,67690906000.0,10.830530166625977,1129769,4068,11765202026496.0,13.070599389075925,success
6911,25486,64784896000.0,10.811473846435547,1305892,7009,3957548122112.0,12.59742620440379,success
6968,25658,65830630000.0,10.818428039550781,436294,347,51592959098880.0,13.712590437418966,success
6998,25751,65749443000.0,10.817892074584961,2125314,79986,505636618240.0,11.70383851805064,success
7010,25781,63680340000.0,10.80400562286377,2046907,64617,827921399808.0,11.917989108222109,success
7013,25787,65895244000.0,10.818854331970215,192574,75,134628685905920.0,14.129137606717837,success
7035,25859,65797860000.0,10.818211555480957,975709,2524,11751160545280.0,13.070080759673443,success
7036,25860,67508060000.0,10.82935619354248,1189830,4901,7729275469824.0,12.888138785741768,success
7039,25872,63447335000.0,10.802413940429688,114186,32,390393736724480.0,14.59150284145414,success
7041,25876,66788830000.0,10.82470417022705,707577,1044,41018615398400.0,13.612980996476438,success
7051,25902,64408777000.0,10.808945655822754,1132591,4102,10739735592960.0,13.030993589377319,success
7055,25916,63187427000.0,10.800630569458008,1226014,5483,7661985726464.0,12.88434133859933,success
7065,25948,65886580000.0,10.81879711151123,1591384,16777,2951107575808.0,12.469985040990391,success
7068,25956,67883024000.0,10.831761360168457,866532,1779,13273441239040.0,13.122983531559058,success
7074,25973,64815596000.0,10.81167984008789,784637,1359,28568423759872.0,13.455886279190086,success
7079,25985,63852730000.0,10.805179595947266,1199264,5046,3437693239296.0,12.536267120045931,success
7109,26071,67082930000.0,10.82661247253418,102729,27,456104488206336.0,14.659064345851233,success
7110,26072,64923580000.0,10.812402725219727,709319,1050,38198688350208.0,13.582048450554463,success
7146,26174,65934550000.0,10.819112777709961,1582926,16349,2875118321664.0,12.458655722204217,success
7149,26183,70046050000.0,10.845383644104004,89301,22,360359567294464.0,14.556736056763258,success
7170,26247,73928820000.0,10.868813514709473,334022,203,165268915486720.0,14.218191177212919,success
7194,26317,65785233000.0,10.81812858581543,1068136,3360,13231308406784.0,13.121602792467918,success
7202,26331,67000275000.0,10.82607650756836,728140,1119,26606265434112.0,13.424983919452533,success
7204,26334,66122200000.0,10.820347785949707,61683,12,655181557530624.0,14.816361664125669,success
7206,26337,67038278000.0,10.826322555541992,1541923,14434,3462251937792.0,12.539358667009001,success
7223,26383,63561834000.0,10.803196907043457,769497,1291,31427647242240.0,13.497311869787595,success
7249,26453,72251720000.0,10.858848571777344,343435,214,138947200024576.0,14.142849799575945,success
7257,26472,64143647000.0,10.807153701782227,37582,6,459285179924480.0,14.662082431960792,success
7270,26505,64851296000.0,10.811919212341309,1028386,2972,12689573150720.0,13.103447013630975,success
7308,26625,67910780000.0,10.831938743591309,850146,1687,24665395298304.0,13.39208808004533,success
7321,26658,64098198000.0,10.806845664978027,278437,144,177805841137664.0,14.24994602396933,success
7359,26770,65475293000.0,10.81607723236084,857479,1727,21296257695744.0,13.328303293350478,success
7361,26774,65778364000.0,10.818082809448242,1360065,8281,3242482204672.0,12.510877601276098,success
7430,26980,68404930000.0,10.835087776184082,752662,1219,32888129060864.0,13.517039168050786,success
7443,27022,64158773000.0,10.807255744934082,896075,1959,20446971953152.0,13.31062900127207,success
7453,27050,71040370000.0,10.851505279541016,166138,59,213580418908160.0,14.329561433984113,success
7456,27058,64086270000.0,10.80676555633545,872370,1813,25084137832448.0,13.399399178473395,success
7472,27109,63228540000.0,10.800912857055664,2120355,78927,592412737536.0,11.772624387766333,success
7503,27202,63608770000.0,10.80351734161377,1004204,2758,14792740831232.0,13.170048648479638,success
7543,27321,63778410000.0,10.80467414855957,1441925,10654,3954792988672.0,12.59712375553777,success
7631,27563,67829953000.0,10.831421852111816,51512,9,641211639529472.0,14.807001397240343,success
7658,27631,66668860000.0,10.823923110961914,202723,82,135533791543296.0,14.132047587839036,success
7659,27632,63703286000.0,10.80416202545166,884026,1884,22378010640384.0,13.349821476012478,success
7761,27908,63355175000.0,10.801782608032227,1260307,6088,5198242119680.0,12.715856503866826,success
7780,27964,64355370000.0,10.808585166931152,707253,1043,18720128761856.0,13.272308831601404,success
7796,28016,64967320000.0,10.812695503234863,624467,771,34327614193664.0,13.53564362053812,success
7946,28436,64372650000.0,10.808701515197754,448070,368,88182574022656.0,13.945382771599856,success
8090,28817,64766968000.0,10.81135368347168,1406550,9559,4760791416832.0,12.677679154273655,success
8092,28819,63784670000.0,10.804716110229492,483375,432,71766454042624.0,13.855921488411973,success
8116,28880,66204270000.0,10.820886611938477,835145,1606,21371448983552.0,13.329833968314174,success
8183,29043,65105326000.0,10.813616752624512,570162,623,29950327390208.0,13.47640157407036,success
8211,29099,63940006000.0,10.80577278137207,1791740,30700,1694970675200.0,12.22916218884648,success
8247,29209,65486262000.0,10.816150665283203,751485,1214,30524129148928.0,13.484643282405285,success
8372,29550,65479080000.0,10.816102981567383,672644,921,29774246313984.0,13.4738407768443,success
8475,29823,63912403000.0,10.805584907531738,37493,6,459285179924480.0,14.662082431960792,success
9834,33346,64877634000.0,10.812094688415527,596376,690,51297604599808.0,13.710097085708812,success
