GroupID_z8,SubhaloID_z8,GroupID_z0,M200c_z0,logM200c_z0,Sample_key
36,494,1,1307340129173504.0,15.116388592175756,baseline
40,537,128,167641163497472.0,14.224380666351609,baseline
65,747,8,398251614273536.0,14.600157544846471,baseline
77,846,332,99754541318144.0,13.998932676033132,baseline
80,867,473,81075552387072.0,13.90888991630696,baseline
99,983,25,219906721185792.0,14.342238503254803,baseline
101,1003,35,381228075188224.0,14.581184876358591,baseline
102,1017,56,296168328265728.0,14.47153861395946,baseline
103,1034,215,116181465825280.0,14.065136851532658,baseline
108,1065,191,156477503307776.0,14.194451908070404,baseline
111,1086,21,382146090893312.0,14.582229421392803,baseline
118,1134,312,90020350263296.0,13.954340698417177,baseline
124,1169,675,57136910434304.0,13.756916753064406,baseline
129,1205,130,164261326225408.0,14.215535324944792,baseline
130,1218,981,40483397042176.0,13.607276947872544,baseline
133,1234,1140,36408756535296.0,13.561205846770225,baseline
135,1251,56,296168328265728.0,14.47153861395946,baseline
139,1280,19,467371865145344.0,14.669662565180955,baseline
140,1288,1381,34546263261184.0,13.53840107825686,baseline
141,1301,106,201667337256960.0,14.304635564064275,baseline
142,1309,113,200451358195712.0,14.302009003240094,baseline
146,1336,455,74523831435264.0,13.872295174839584,baseline
147,1344,35,381228075188224.0,14.581184876358591,baseline
152,1377,147,187930807107584.0,14.273997978930446,baseline
155,1396,192,129208068079616.0,14.111289632955176,baseline
157,1411,160,171195450261504.0,14.233492218562052,baseline
160,1425,77,230889556541440.0,14.363404289612728,baseline
163,1441,54,314248664186880.0,14.497273440256166,baseline
169,1477,332,99754541318144.0,13.998932676033132,baseline
170,1482,130,164261326225408.0,14.215535324944792,baseline
179,1534,132,179053478805504.0,14.252982763277869,baseline
192,1617,70,258570536878080.0,14.412579037171405,baseline
193,1626,2,1033314370584576.0,15.014232469282954,baseline
194,1636,2,1033314370584576.0,15.014232469282954,baseline
198,1662,88,223381030961152.0,14.349046290987864,baseline
199,1672,756,52550246072320.0,13.720574754000808,baseline
200,1684,3122,16182326329344.0,13.209040954814808,baseline
201,1692,1921,12468602535936.0,13.09581778106946,baseline
203,1708,3,899670222045184.0,14.95408334611498,baseline
208,1733,412,81883476000768.0,13.913196270432948,baseline
210,1748,37,197666877210624.0,14.2959339012316,baseline
211,1759,2039,23104170491904.0,13.363690380677458,baseline
215,1780,313,106644214120448.0,14.027937298194024,baseline
217,1798,60,290497797029888.0,14.463142843296431,baseline
228,1852,2553,10643940835328.0,13.027102451846844,baseline
229,1860,214,138947200024576.0,14.142849799575943,baseline
235,1896,7810,6039436525568.0,12.780996421195312,baseline
241,1920,2,1033314370584576.0,15.014232469282954,baseline
242,1924,15850,3375513468928.0,12.52833984524424,baseline
243,1940,83,128114512363520.0,14.10759832788998,baseline
245,1951,4651,10005938962432.0,13.000257849300956,baseline
246,1965,8,398251614273536.0,14.600157544846471,baseline
249,1978,264,60795924774912.0,13.783874468958846,baseline
250,1988,39,334133456797696.0,14.523919963740935,baseline
254,2011,197,138800206446592.0,14.1423901120738,baseline
258,2033,4,841819696922624.0,14.925219083166256,baseline
264,2061,319,95636196163584.0,13.980622294147857,baseline
267,2079,360,96995049996288.0,13.986749571233757,baseline
268,2087,337,96431452979200.0,13.984218710535105,baseline
269,2097,14,437283203317760.0,14.640762795784122,baseline
275,2123,5171,9006766620672.0,12.954568909644228,baseline
277,2137,67,278848855867392.0,14.445368866896445,baseline
284,2165,414,81897241706496.0,13.91326927499826,baseline
286,2181,18,407155215695872.0,14.609760002516866,baseline
287,2186,943,38863686860800.0,13.589543998202757,baseline
288,2192,109,188158054498304.0,14.274522813935697,baseline
289,2201,323,98153567092736.0,13.991906087334309,baseline
290,2208,139,146933045788672.0,14.16711948122038,baseline
294,2230,230,134836362674176.0,14.129807028543086,baseline
295,2240,1797,22812601352192.0,13.358174811295342,baseline
302,2293,323,98153567092736.0,13.991906087334309,baseline
305,2310,1145,31172694376448.0,13.493774341649688,baseline
308,2328,14,437283203317760.0,14.640762795784122,baseline
309,2332,47,183143579516928.0,14.262791698161662,baseline
311,2341,24,367364893835264.0,14.565097651855222,baseline
312,2353,201,151025663082496.0,14.179050751188042,baseline
313,2359,48,324151516594176.0,14.510748057859148,baseline
314,2366,467,73059776069632.0,13.863678336752544,baseline
315,2376,1251,31752647081984.0,13.501779936405264,baseline
317,2388,1451,25961900802048.0,13.414336486187658,baseline
319,2395,330,62948298981376.0,13.798983998892124,baseline
320,2401,339,30564960698368.0,13.485223841693184,baseline
321,2412,25,219906721185792.0,14.342238503254803,baseline
322,2419,464,80022396207104.0,13.90321155184105,baseline
323,2426,191,156477503307776.0,14.194451908070404,baseline
324,2436,357,94136631820288.0,13.973758655325671,baseline
325,2445,1121,34540905037824.0,13.538333712727198,baseline
326,2451,1093,21094633308160.0,13.3241719803637,baseline
328,2459,590,67743256674304.0,13.830866070987122,baseline
329,2469,605,61406233755648.0,13.788212461503669,baseline
332,2478,2,1033314370584576.0,15.014232469282954,baseline
334,2490,831,48571189559296.0,13.68637873992994,baseline
336,2500,53,184230525009920.0,14.265361589731892,baseline
337,2509,2323,20626481872896.0,13.314425159457262,baseline
339,2521,439,67240577728512.0,13.8276314362253,baseline
346,2562,110,164342309847040.0,14.215749386731398,baseline
347,2570,101,121944716345344.0,14.086162987825046,baseline
348,2575,600,63358732599296.0,13.801806481229209,baseline
350,2585,202,158652518367232.0,14.200446970254973,baseline
351,2595,957,45228916473856.0,13.655416183698565,baseline
352,2604,2071,20833110065152.0,13.318754108320794,baseline
354,2612,79,253893451710464.0,14.404651499917891,baseline
358,2641,51,316146536415232.0,14.499888428205248,baseline
360,2657,4,841819696922624.0,14.925219083166256,baseline
361,2664,237,74851809230848.0,13.874202302066884,baseline
366,2688,0,1535789976518656.0,15.186331828797393,baseline
367,2696,43,343380722712576.0,14.53577591035154,baseline
370,2713,541,71958049849344.0,13.857079384924416,baseline
371,2719,12162,4136569929728.0,12.616640370580058,baseline
373,2737,440,72182579331072.0,13.858432396831793,baseline
374,2744,30,389327343321088.0,14.590314906252068,baseline
375,2752,2889,14872389615616.0,13.172380754231275,baseline
376,2757,17,416661488271360.0,14.619783360778436,baseline
379,2778,2018,20020386070528.0,13.301472448102505,baseline
383,2795,383,92625600249856.0,13.966731035393382,baseline
389,2828,5605,8357128175616.0,12.922057063114387,baseline
391,2834,243,117173376778240.0,14.068828945882146,baseline
392,2841,9603,5296648355840.0,12.7240011411086,baseline
393,2849,0,1535789976518656.0,15.186331828797393,baseline
395,2863,1121,34540905037824.0,13.538333712727198,baseline
402,2899,8,398251614273536.0,14.600157544846471,baseline
403,2908,4394,11126504947712.0,13.046358765386294,baseline
404,2915,1439,27253027110912.0,13.43541474824753,baseline
405,2922,304,64784951148544.0,13.811474135621111,baseline
406,2931,474,66994992840704.0,13.8260423450454,baseline
409,2948,57,301115828600832.0,14.478733585447388,baseline
410,2954,778,53514088742912.0,13.728468134503428,baseline
413,2969,534,63930919550976.0,13.80571095115751,baseline
414,2974,397,89933930823680.0,13.953923575930144,baseline
415,2979,2958,16279280812032.0,13.21163521466466,baseline
416,2986,135,163210233643008.0,14.21274738649718,baseline
417,2991,1211,21409839448064.0,13.330613410541458,baseline
418,2994,217,144810090430464.0,14.160798824745036,baseline
420,3001,207,96327551680512.0,13.983750522134436,baseline
421,3009,3061,11308811419648.0,13.053416962041831,baseline
422,3018,39,334133456797696.0,14.523919963740935,baseline
424,3024,54,314248664186880.0,14.497273440256166,baseline
426,3035,340,114998093283328.0,14.060690639628444,baseline
428,3045,16,379204239622144.0,14.578873184241475,baseline
429,3051,3861,11366758875136.0,13.055636647334447,baseline
430,3056,1533,27039268601856.0,13.431994939988757,baseline
431,3064,1085,41799745798144.0,13.62117364065544,baseline
432,3069,350,93156901126144.0,13.96921503325251,baseline
433,3076,22,360359567294464.0,14.556736056763258,baseline
434,3082,4378,10484561477632.0,13.020550270583207,baseline
436,3089,21,382146090893312.0,14.582229421392803,baseline
444,3147,80,193627108147200.0,14.286966159246084,baseline
446,3153,2,1033314370584576.0,15.014232469282954,baseline
447,3156,58,279208861368320.0,14.445929197555325,baseline
448,3162,39,334133456797696.0,14.523919963740935,baseline
449,3168,732,56478928994304.0,13.751886452628131,baseline
450,3174,145,155587975315456.0,14.191976029312148,baseline
451,3184,1802,17505071398912.0,13.243163886485814,baseline
452,3190,6241,8060378021888.0,12.906355410163677,baseline
455,3201,795,52661088944128.0,13.721489835353722,baseline
457,3210,926,43106812559360.0,13.634545911068706,baseline
458,3220,449,65302595371008.0,13.814930442115935,baseline
459,3228,769,60123984691200.0,13.779047755548502,baseline
460,3231,20,431286791438336.0,14.63476615767462,baseline
461,3235,2208,16360019066880.0,13.213783805486646,baseline
464,3255,449,65302595371008.0,13.814930442115935,baseline
465,3264,58,279208861368320.0,14.445929197555325,baseline
467,3273,190,106295365468160.0,14.026514329476427,baseline
468,3278,46,176415714574336.0,14.246537268148105,baseline
471,3291,783,54372062986240.0,13.735375811326948,baseline
473,3304,20,431286791438336.0,14.63476615767462,baseline
476,3321,473,81075552387072.0,13.90888991630696,baseline
479,3334,127,201790498799616.0,14.304900713853124,baseline
481,3344,31,390177377746944.0,14.591262085651834,baseline
482,3350,421,50628604723200.0,13.704395958803694,baseline
483,3355,577,63530560651264.0,13.802982687960412,baseline
485,3364,2275,10886938886144.0,13.036905785014008,baseline
486,3373,2344,14210261057536.0,13.152602056450052,baseline
488,3383,353,86192754262016.0,13.93547075867522,baseline
489,3390,3486,12300929990656.0,13.08993794676802,baseline
491,3399,7,581220677189632.0,14.764341056124303,baseline
492,3406,232,138538993582080.0,14.141572028375624,baseline
496,3426,109,188158054498304.0,14.274522813935697,baseline
497,3432,27,456104488206336.0,14.659064345851233,baseline
498,3439,350,93156901126144.0,13.96921503325251,baseline
499,3447,84,158344471904256.0,14.19960290595621,baseline
501,3464,2786,4700521889792.0,12.672146079483356,baseline
502,3475,661,46589586440192.0,13.668288855381904,baseline
503,3481,334,104113522081792.0,14.017507138579992,baseline
504,3489,58,279208861368320.0,14.445929197555325,baseline
505,3495,132,179053478805504.0,14.252982763277869,baseline
506,3504,2382,17989472616448.0,13.255018431654404,baseline
507,3507,221,122974577360896.0,14.089815338650387,baseline
508,3512,865,47775798525952.0,13.679207954597096,baseline
509,3516,35,381228075188224.0,14.581184876358591,baseline
510,3524,2079,20420856119296.0,13.310073945394976,baseline
511,3526,119,170198598418432.0,14.230955979358162,baseline
513,3533,2927,15771018199040.0,13.19785973289452,baseline
515,3538,33,369590794190848.0,14.56772114522689,baseline
516,3545,457,66661625364480.0,13.823875898556722,baseline
518,3560,1042,39596536627200.0,13.597657201342832,baseline
519,3566,367,99850288889856.0,13.999349325722385,baseline
520,3572,11,547336941993984.0,14.738254761430827,baseline
521,3576,223,131011845292032.0,14.117310563689344,baseline
522,3582,1,1307340129173504.0,15.116388592175756,baseline
524,3590,806,45201494114304.0,13.655152790450169,baseline
529,3621,132,179053478805504.0,14.252982763277869,baseline
532,3628,12770,3957052932096.0,12.597371859708398,baseline
534,3637,2136,20792054120448.0,13.31789739693646,baseline
537,3655,24,367364893835264.0,14.565097651855222,baseline
538,3660,1986,21508319608832.0,13.332606481372164,baseline
541,3669,2072,20792584699904.0,13.317908479284966,baseline
542,3676,400,67376317988864.0,13.828507273774644,baseline
544,3685,4,841819696922624.0,14.925219083166256,baseline
545,3693,108,199525524307968.0,14.299998460709714,baseline
549,3716,520,58895720513536.0,13.77008373918645,baseline
550,3722,47,183143579516928.0,14.262791698161662,baseline
551,3728,2036,21378533163008.0,13.329977903816378,baseline
552,3734,91,164138567335936.0,14.21521063841577,baseline
554,3742,968,38998793781248.0,13.591051174661136,baseline
555,3750,71,276122960920576.0,14.441102521766004,baseline
557,3757,100,179395750789120.0,14.253812152026397,baseline
558,3763,968,38998793781248.0,13.591051174661136,baseline
560,3771,10,635853466501120.0,14.803357043286407,baseline
561,3775,252,118042587561984.0,14.0720387209192,baseline
563,3778,99,137743803875328.0,14.139072072109837,baseline
564,3786,174,128181143076864.0,14.107824140159272,baseline
566,3796,7333,5003180244992.0,12.699246149094751,baseline
568,3809,857,45056484442112.0,13.653757302635166,baseline
573,3825,7,581220677189632.0,14.764341056124303,baseline
574,3828,3,899670222045184.0,14.95408334611498,baseline
578,3842,280,87607643996160.0,13.94254200115118,baseline
580,3856,73,205733010341888.0,14.313303980849447,baseline
581,3866,2051,17799982350336.0,13.250419571682182,baseline
582,3870,3,899670222045184.0,14.95408334611498,baseline
583,3875,264,60795924774912.0,13.783874468958846,baseline
587,3890,46,176415714574336.0,14.246537268148105,baseline
590,3901,19868,2410542006272.0,12.382114703930696,baseline
591,3910,1568,29379719593984.0,13.4680476464792,baseline
592,3913,2458,17073396776960.0,13.23231993322566,baseline
594,3918,1831,21163868684288.0,13.325595058196155,baseline
596,3928,0,1535789976518656.0,15.186331828797393,baseline
599,3940,75,134628685905920.0,14.129137606717835,baseline
600,3944,5,733527398154240.0,14.865416339917514,baseline
601,3950,315,87792570859520.0,13.943457766803316,baseline
603,3960,1310,31058701582336.0,13.492183295970344,baseline
604,3965,5,733527398154240.0,14.865416339917514,baseline
605,3969,311,85799353712640.0,13.933484016518973,baseline
606,3975,2467,18016039337984.0,13.255659321453376,baseline
607,3982,1507,28647563984896.0,13.457087698104562,baseline
608,3989,424,75413711749120.0,13.877450316633473,baseline
609,3994,7,581220677189632.0,14.764341056124303,baseline
612,4008,272,126265109512192.0,14.101283359742256,baseline
613,4014,1417,29106238390272.0,13.46398608204797,baseline
614,4018,1306,34307722706944.0,13.535391891223416,baseline
617,4036,144,177805841137664.0,14.24994602396933,baseline
618,4040,289,82948426563584.0,13.918808152370818,baseline
621,4054,1132,35268874731520.0,13.547391603537989,baseline
622,4058,797,34029176881152.0,13.531851444238418,baseline
623,4066,1,1307340129173504.0,15.116388592175756,baseline
624,4073,16,379204239622144.0,14.578873184241475,baseline
627,4089,150,88344214110208.0,13.946178111711578,baseline
628,4094,178,91614747820032.0,13.961965390494417,baseline
629,4098,15,497315974479872.0,14.696632409598273,baseline
630,4106,295,115490999500800.0,14.062548139903948,baseline
633,4126,824,22897445830656.0,13.359787040264878,baseline
635,4136,360,96995049996288.0,13.986749571233757,baseline
636,4140,10842,4746088808448.0,12.676335860442226,baseline
637,4145,4522,7754560307200.0,12.889557177833648,baseline
639,4160,221,122974577360896.0,14.089815338650387,baseline
640,4162,225,128242103091200.0,14.108030631565471,baseline
641,4166,1504,27701498871808.0,13.442503268492034,baseline
642,4170,2,1033314370584576.0,15.014232469282954,baseline
644,4185,2030,23906933014528.0,13.37852386468535,baseline
645,4188,680,52192434192384.0,13.717607552300327,baseline
646,4193,495,79554680979456.0,13.90066573852362,baseline
647,4199,115,127064946507776.0,14.104025757966165,baseline
648,4204,223,131011845292032.0,14.117310563689344,baseline
649,4209,917,44073725460480.0,13.64417976207212,baseline
651,4218,0,1535789976518656.0,15.186331828797393,baseline
652,4223,11477,4250421952512.0,12.628432045944736,baseline
653,4227,35,381228075188224.0,14.581184876358591,baseline
654,4230,3547,13336510988288.0,13.125042227127562,baseline
655,4234,408,82125034356736.0,13.914475564253532,baseline
656,4240,46,176415714574336.0,14.246537268148105,baseline
657,4244,25,219906721185792.0,14.342238503254803,baseline
658,4250,145,155587975315456.0,14.191976029312148,baseline
659,4257,2,1033314370584576.0,15.014232469282954,baseline
660,4260,980,42988763873280.0,13.633354957312129,baseline
661,4266,0,1535789976518656.0,15.186331828797393,baseline
662,4274,351,97704793341952.0,13.989915870483305,baseline
663,4279,6352,7987564904448.0,12.902414400121586,baseline
666,4304,1494,15812613111808.0,13.199003645154413,baseline
668,4308,262,116867452633088.0,14.067693577800224,baseline
669,4313,159,169744321740800.0,14.229795255247776,baseline
670,4321,2514,9527186423808.0,12.9789646633848,baseline
671,4325,353,86192754262016.0,13.93547075867522,baseline
674,4338,0,1535789976518656.0,15.186331828797393,baseline
675,4343,5619,6668961185792.0,12.824058189776515,baseline
676,4346,311,85799353712640.0,13.933484016518973,baseline
677,4351,99,137743803875328.0,14.139072072109837,baseline
678,4359,342,63594288906240.0,13.80341811552461,baseline
679,4362,340,114998093283328.0,14.060690639628444,baseline
681,4367,217,144810090430464.0,14.160798824745036,baseline
682,4371,11,547336941993984.0,14.738254761430827,baseline
683,4380,45,305942902079488.0,14.485640381953424,baseline
684,4384,1036,26848679428096.0,13.42892292946965,baseline
685,4389,496,49817002704896.0,13.69737759417835,baseline
688,4398,9639,4770714615808.0,12.67858343783606,baseline
689,4401,677,50944049938432.0,13.707093467443425,baseline
691,4407,3809,12658882379776.0,13.10239536462906,baseline
692,4410,3402,12136801632256.0,13.084104253751615,baseline
693,4416,90,239398222299136.0,14.37912092113914,baseline
694,4420,2,1033314370584576.0,15.014232469282954,baseline
696,4434,30,389327343321088.0,14.590314906252068,baseline
697,4437,3,899670222045184.0,14.95408334611498,baseline
698,4444,1335,31823870558208.0,13.502752999315732,baseline
699,4454,1066,40706693398528.0,13.60966582610585,baseline
700,4459,660,56467705036800.0,13.751800137478204,baseline
701,4464,41,357260815499264.0,14.552985385232216,baseline
702,4468,378,51961936216064.0,13.71568532547038,baseline
703,4471,46,176415714574336.0,14.246537268148105,baseline
704,4475,190,106295365468160.0,14.026514329476427,baseline
705,4483,554,70259662913536.0,13.84670606183599,baseline
707,4487,6,459285179924480.0,14.662082431960792,baseline
708,4494,642,40866697707520.0,13.61136954533711,baseline
709,4503,616,52349397630976.0,13.718911688745552,baseline
710,4512,318,58181103386624.0,13.764781953249615,baseline
713,4521,1030,37313014923264.0,13.571860341821226,baseline
715,4536,138,156064733462528.0,14.193304774984238,baseline
717,4551,131,185050360446976.0,14.267289935364555,baseline
718,4558,6246,6339519053824.0,12.802056311479028,baseline
720,4566,347,51592959098880.0,13.712590437418966,baseline
721,4571,12572,3089179869184.0,12.489843196070908,baseline
722,4575,375,94402114486272.0,13.974981722046326,baseline
723,4579,644,58801696800768.0,13.769389858398895,baseline
724,4583,83,128114512363520.0,14.10759832788998,baseline
725,4586,68,276792942264320.0,14.442155012176563,baseline
727,4591,8,398251614273536.0,14.600157544846471,baseline
728,4598,490,70984920989696.0,13.851166103275734,baseline
730,4604,139,146933045788672.0,14.16711948122038,baseline
732,4612,118,192892568076288.0,14.28531549511078,baseline
733,4615,176,137337300320256.0,14.137788506087608,baseline
734,4619,1066,40706693398528.0,13.60966582610585,baseline
736,4626,3,899670222045184.0,14.95408334611498,baseline
737,4631,1303,32452477190144.0,13.511247853338192,baseline
738,4636,0,1535789976518656.0,15.186331828797393,baseline
739,4645,2032,14476172591104.0,13.160653752311076,baseline
740,4653,3253,14721379991552.0,13.167948522951534,baseline
741,4656,877,48391908229120.0,13.684772747899844,baseline
744,4681,185,136576881393664.0,14.135377191784158,baseline
745,4689,86,192014666694656.0,14.283334402772732,baseline
746,4690,2627,15364548198400.0,13.186519794151351,baseline
748,4700,2180,21220162535424.0,13.326748706048235,baseline
749,4702,0,1535789976518656.0,15.186331828797393,baseline
750,4705,1280,29936356163584.0,13.476198937144144,baseline
751,4710,175,148736479068160.0,14.172417496531809,baseline
752,4718,3988,11500716556288.0,13.060724900070744,baseline
753,4722,133,198890708008960.0,14.29861449375943,baseline
754,4725,250,78968426332160.0,13.897453483561131,baseline
755,4729,76,236042040901632.0,14.372989361044429,baseline
757,4738,255,107881324085248.0,14.032946268142254,baseline
758,4743,308,100990426546176.0,14.004280206503156,baseline
759,4746,2184,19356259975168.0,13.286821446512771,baseline
760,4750,594,68042126000128.0,13.832777874836172,baseline
761,4753,15,497315974479872.0,14.696632409598273,baseline
762,4758,603,62055935639552.0,13.7927833280139,baseline
763,4762,109,188158054498304.0,14.274522813935697,baseline
764,4767,447,82554036158464.0,13.91673831125718,baseline
765,4774,23,392225506721792.0,14.593535832749234,baseline
766,4777,225,128242103091200.0,14.108030631565471,baseline
767,4781,504,72348950593536.0,13.85943223614971,baseline
768,4787,3172,13766915784704.0,13.138836655746188,baseline
770,4802,12440,4164171333632.0,12.61952859012768,baseline
771,4804,335,52758300327936.0,13.722290795780912,baseline
773,4811,17,416661488271360.0,14.619783360778436,baseline
774,4815,51,316146536415232.0,14.499888428205248,baseline
775,4820,5336,9389218988032.0,12.972629468379552,baseline
776,4826,635,56298792026112.0,13.750499076520583,baseline
777,4829,14340,3610367754240.0,12.557551441657068,baseline
778,4833,209,136998895484928.0,14.13671706579338,baseline
779,4840,1853,25921962639360.0,13.41366788034576,baseline
780,4844,597,66684287188992.0,13.824023513211596,baseline
781,4851,209,136998895484928.0,14.13671706579338,baseline
782,4857,779,52454708215808.0,13.719784475568206,baseline
785,4878,4,841819696922624.0,14.925219083166256,baseline
787,4883,901,44662182117376.0,13.649939938134969,baseline
788,4886,21,382146090893312.0,14.582229421392803,baseline
789,4888,26,278377265102848.0,14.444633763828053,baseline
791,4903,1859,25785274466304.0,13.411371758529892,baseline
792,4908,2138,19700627013632.0,13.294480048711188,baseline
793,4912,58,279208861368320.0,14.445929197555325,baseline
795,4922,175,148736479068160.0,14.172417496531809,baseline
796,4931,83,128114512363520.0,14.10759832788998,baseline
797,4936,575,73962927161344.0,13.86901409049232,baseline
798,4940,1148,34034721751040.0,13.531922204404935,baseline
799,4947,1887,24873199992832.0,13.39573166182115,baseline
800,4955,151,177005769261056.0,14.24798742182739,baseline
801,4962,15426,3480118362112.0,12.541594014963232,baseline
802,4965,399,61582495186944.0,13.789457281578663,baseline
803,4970,1963,25916585541632.0,13.413577783537026,baseline
804,4975,1349,31281700143104.0,13.495290348694184,baseline
805,4983,346,41210869710848.0,13.615011779936784,baseline
806,4987,2177,21089774206976.0,13.324071930086127,baseline
807,4993,298,100322039037952.0,14.00139635057926,baseline
808,4996,4,841819696922624.0,14.925219083166256,baseline
809,4999,78,260628933509120.0,14.416022626901675,baseline
810,5002,68,276792942264320.0,14.442155012176563,baseline
812,5006,1124,38539488133120.0,13.58590594222297,baseline
814,5016,2126,18991305195520.0,13.278554813064211,baseline
815,5019,4177,9198640300032.0,12.9637236367114,baseline
816,5023,1,1307340129173504.0,15.116388592175756,baseline
817,5029,59,213580418908160.0,14.329561433984113,baseline
818,5034,426,84509076750336.0,13.926903357125804,baseline
819,5038,1055,37720340561920.0,13.576575605154764,baseline
820,5041,1066,40706693398528.0,13.60966582610585,baseline
821,5042,0,1535789976518656.0,15.186331828797393,baseline
822,5046,2954,13334193635328.0,13.124966757534995,baseline
823,5047,3135,7024994680832.0,12.846645999739229,baseline
824,5052,7187,6563024601088.0,12.817104032185728,baseline
826,5067,2145,13190578569216.0,13.120263845122349,baseline
827,5073,167,163859293798400.0,14.214471078802893,baseline
828,5079,2681,12201187344384.0,13.086402095594666,baseline
829,5086,191,156477503307776.0,14.194451908070404,baseline
831,5099,3037,13833814933504.0,13.140941961461529,baseline
832,5105,71,276122960920576.0,14.441102521766004,baseline
833,5111,6374,7734688219136.0,12.888442812225716,baseline
836,5123,69,269337868894208.0,14.43029741949233,baseline
837,5128,3498,11669949382656.0,13.067068972336642,baseline
839,5143,275,100861292314624.0,14.003724528383044,baseline
840,5149,6082,6346453286912.0,12.802531087772934,baseline
841,5151,719,52121881804800.0,13.71702008706141,baseline
842,5159,11149,4499827064832.0,12.653195823501484,baseline
843,5165,81,272367582445568.0,14.43515541600576,baseline
847,5185,309,102281827581952.0,14.00979847944098,baseline
848,5191,71,276122960920576.0,14.441102521766004,baseline
849,5196,8522,5819681734656.0,12.764899234707944,baseline
850,5197,49,324038740148224.0,14.510596934980796,baseline
851,5201,1437,13160667938816.0,13.119277931434524,baseline
852,5209,2151,17852350332928.0,13.251695400808227,baseline
853,5217,7285,6757963792384.0,12.829815860595144,baseline
854,5218,56,296168328265728.0,14.47153861395946,baseline
855,5222,601,72005806194688.0,13.857367517218025,baseline
856,5226,293,100814081228800.0,14.003521196522817,baseline
857,5228,469,79334874284032.0,13.899464137881631,baseline
858,5233,275,100861292314624.0,14.003724528383044,baseline
859,5240,1208,33857629847552.0,13.529656552705063,baseline
860,5247,117,221948206383104.0,14.34625163973729,baseline
861,5257,11680,3938927247360.0,12.59537795939206,baseline
862,5259,95,183994033373184.0,14.264803739775209,baseline
863,5264,5,733527398154240.0,14.865416339917514,baseline
864,5266,806,45201494114304.0,13.655152790450169,baseline
865,5276,5982,7385485672448.0,12.868379059963306,baseline
866,5281,6000,8199570194432.0,12.913791088105835,baseline
867,5285,207,96327551680512.0,13.983750522134436,baseline
868,5289,168,173127850000384.0,14.238366935747166,baseline
869,5300,8,398251614273536.0,14.600157544846471,baseline
870,5302,89,103673405374464.0,14.015667364099745,baseline
871,5305,285,131206410665984.0,14.117955054924138,baseline
872,5309,37,197666877210624.0,14.2959339012316,baseline
873,5310,2715,9734858997760.0,12.988329665466914,baseline
874,5317,633,54819410673664.0,13.738934362422896,baseline
875,5318,1577,20618376380416.0,13.314254463237098,baseline
876,5324,5045,8914172116992.0,12.950081015294046,baseline
877,5329,64,279798244966400.0,14.446844986053598,baseline
879,5345,223,131011845292032.0,14.117310563689344,baseline
880,5346,13,553877338324992.0,14.743413596521044,baseline
881,5350,23373,2254336163840.0,12.353018677998888,baseline
882,5354,211,129321414950912.0,14.111670447733609,baseline
883,5360,99,137743803875328.0,14.139072072109837,baseline
885,5375,944,41599903989760.0,13.619092328300647,baseline
886,5378,5,733527398154240.0,14.865416339917514,baseline
887,5385,630,73435887697920.0,13.865908349019634,baseline
888,5386,68,276792942264320.0,14.442155012176563,baseline
889,5389,734,54984578170880.0,13.740240897595,baseline
890,5398,43,343380722712576.0,14.53577591035154,baseline
891,5401,174,128181143076864.0,14.107824140159272,baseline
892,5403,454,64366418329600.0,13.808659343477768,baseline
893,5406,2,1033314370584576.0,15.014232469282954,baseline
894,5412,35,381228075188224.0,14.581184876358591,baseline
896,5427,618,61449854517248.0,13.78852085902994,baseline
897,5429,548,75069074178048.0,13.875461059774146,baseline
899,5438,46,176415714574336.0,14.246537268148105,baseline
900,5443,239,113186665660416.0,14.053795266329251,baseline
901,5445,18,407155215695872.0,14.609760002516866,baseline
902,5447,0,1535789976518656.0,15.186331828797393,baseline
903,5448,754,54715698118656.0,13.7381119447652,baseline
904,5454,48,324151516594176.0,14.510748057859148,baseline
905,5458,29,212362409803776.0,14.327077644897338,baseline
906,5461,88,223381030961152.0,14.349046290987864,baseline
907,5466,1586,27962835468288.0,13.44658120733812,baseline
908,5471,248,105788097953792.0,14.02443680868444,baseline
910,5484,6035,7341642612736.0,12.865793239457751,baseline
911,5489,2264,19677424123904.0,13.293968246433106,baseline
912,5492,13,553877338324992.0,14.743413596521044,baseline
913,5494,3430,13386115973120.0,13.126654583275272,baseline
914,5497,635,56298792026112.0,13.750499076520583,baseline
915,5499,59,213580418908160.0,14.329561433984113,baseline
916,5507,2099,21272591335424.0,13.32782039700789,baseline
917,5510,16374,3124904067072.0,12.494836689270246,baseline
918,5514,1664,24091436253184.0,13.381862691996636,baseline
919,5517,73,205733010341888.0,14.313303980849447,baseline
920,5519,277,111711847710720.0,14.048099235089907,baseline
921,5522,0,1535789976518656.0,15.186331828797393,baseline
922,5523,0,1535789976518656.0,15.186331828797393,baseline
923,5525,1503,25337404588032.0,13.403762126300208,baseline
924,5530,29,212362409803776.0,14.327077644897338,baseline
925,5534,1019,40530692014080.0,13.607784018874453,baseline
926,5538,457,66661625364480.0,13.823875898556722,baseline
928,5549,953,42904617746432.0,13.632504037030138,baseline
929,5555,1436,17782032826368.0,13.249981407635843,baseline
930,5558,421,50628604723200.0,13.704395958803694,baseline
931,5562,13,553877338324992.0,14.743413596521044,baseline
933,5573,285,131206410665984.0,14.117955054924138,baseline
934,5574,1922,22694770769920.0,13.355925800479987,baseline
936,5584,109,188158054498304.0,14.274522813935697,baseline
937,5587,128,167641163497472.0,14.224380666351609,baseline
938,5591,346,41210869710848.0,13.615011779936784,baseline
939,5594,4505,10473940451328.0,13.020110100429209,baseline
940,5599,90,239398222299136.0,14.37912092113914,baseline
941,5600,484,65879643521024.0,13.818751240508782,baseline
942,5604,2860,15977879175168.0,13.20351913269715,baseline
943,5610,140,160620351586304.0,14.20580057221075,baseline
944,5613,340,114998093283328.0,14.060690639628444,baseline
945,5615,912,46594971926528.0,13.668339054407186,baseline
947,5626,126,188105843802112.0,14.274402287796992,baseline
948,5629,696,55055063449600.0,13.740797267487508,baseline
949,5634,479,74532631085056.0,13.872346452580745,baseline
950,5639,3,899670222045184.0,14.95408334611498,baseline
951,5646,79,253893451710464.0,14.404651499917891,baseline
952,5650,36,374207984697344.0,14.573113050061371,baseline
954,5664,185,136576881393664.0,14.135377191784158,baseline
955,5672,226,114129838800896.0,14.057399203860903,baseline
956,5673,4989,7950018019328.0,12.90036811301947,baseline
957,5680,1950,25195477729280.0,13.401322597390068,baseline
958,5681,581,40077640073216.0,13.602902140669704,baseline
959,5682,1694,28702209474560.0,13.457915329684347,baseline
961,5695,110,164342309847040.0,14.215749386731398,baseline
962,5699,3430,13386115973120.0,13.126654583275272,baseline
963,5703,15850,3375513468928.0,12.52833984524424,baseline
964,5708,1327,26937300877312.0,13.43035407717704,baseline
965,5710,18214,2659910942720.0,12.424867096130033,baseline
966,5714,391,45155579068416.0,13.654711415977104,baseline
967,5717,54,314248664186880.0,14.497273440256166,baseline
968,5720,408,82125034356736.0,13.914475564253532,baseline
969,5722,11962,3642075381760.0,12.561348930350611,baseline
971,5734,339,30564960698368.0,13.485223841693184,baseline
972,5737,82,135533791543296.0,14.132047587839036,baseline
973,5740,116,198077717676032.0,14.296835623268862,baseline
975,5756,5,733527398154240.0,14.865416339917514,baseline
976,5761,67,278848855867392.0,14.445368866896445,baseline
977,5765,21,382146090893312.0,14.582229421392803,baseline
978,5769,9123,5047437492224.0,12.703070949319434,baseline
979,5771,584,73260012142592.0,13.86486698631133,baseline
980,5772,1899,23190789160960.0,13.365315527526253,baseline
981,5779,1888,23854361608192.0,13.377567798436369,baseline
982,5784,426,84509076750336.0,13.926903357125804,baseline
983,5787,746,40137098526720.0,13.603545974544607,baseline
984,5796,58,279208861368320.0,14.445929197555325,baseline
985,5799,29099,1890710323200.0,12.276624995438052,baseline
987,5810,341,95518411718656.0,13.980087092391258,baseline
989,5824,20523,2535116767232.0,12.403997967691692,baseline
990,5826,11,547336941993984.0,14.738254761430827,baseline
991,5827,963,42378647830528.0,13.627147095623746,baseline
992,5831,91,164138567335936.0,14.21521063841577,baseline
995,5856,175,148736479068160.0,14.172417496531809,baseline
996,5862,44,332506201063424.0,14.521799749075257,baseline
997,5867,355,98771396460544.0,13.994631194001684,baseline
998,5871,83,128114512363520.0,14.10759832788998,baseline
999,5876,1368,29254274252800.0,13.466189328496514,baseline
1001,5885,166,154801711087616.0,14.189775756810716,baseline
1002,5890,1319,25120647151616.0,13.400030823391411,baseline
1004,5898,1216,30019755704320.0,13.477407153706803,baseline
1005,5901,29515,1768240185344.0,12.24754125620011,baseline
1006,5902,168,173127850000384.0,14.238366935747166,baseline
1007,5909,263,103605214380032.0,14.015381613705411,baseline
1008,5912,2036,21378533163008.0,13.329977903816378,baseline
1009,5918,5472,7156217151488.0,12.854683510523357,baseline
1010,5922,133,198890708008960.0,14.29861449375943,baseline
1011,5924,6544,4555336581120.0,12.658520471303037,baseline
1012,5927,2968,11012402053120.0,13.041882058720564,baseline
1013,5931,273,80389464915968.0,13.90519913794437,baseline
1014,5934,114,179024269672448.0,14.252911910702474,baseline
1015,5937,52,275655178584064.0,14.440366155746386,baseline
1016,5939,62,174374598475776.0,14.241483220589254,baseline
1019,5961,91,164138567335936.0,14.21521063841577,baseline
1022,5976,207,96327551680512.0,13.983750522134436,baseline
1024,5993,106,201667337256960.0,14.304635564064275,baseline
1025,5998,713,33215723077632.0,13.521343711096623,baseline
1026,6005,977,25847698292736.0,13.412421875736738,baseline
1027,6006,64,279798244966400.0,14.446844986053598,baseline
1028,6012,3479,13545981870080.0,13.131810490011707,baseline
1029,6015,3,899670222045184.0,14.95408334611498,baseline
1030,6021,80,193627108147200.0,14.286966159246084,baseline
1032,6031,1200,31722641031168.0,13.501369336827027,baseline
1033,6037,2613,17560154144768.0,13.244528323866684,baseline
1034,6042,470,47733666742272.0,13.678824796712158,baseline
1035,6044,62,174374598475776.0,14.241483220589254,baseline
1037,6053,26,278377265102848.0,14.444633763828053,baseline
1038,6057,236,111531140317184.0,14.047396142538728,baseline
1039,6062,13,553877338324992.0,14.743413596521044,baseline
1040,6064,4192,11434509467648.0,13.058217538416914,baseline
1041,6068,100,179395750789120.0,14.253812152026397,baseline
1042,6075,3047,11065621479424.0,13.043975810265533,baseline
1043,6077,3,899670222045184.0,14.95408334611498,baseline
1044,6078,1249,29251824779264.0,13.466152963301823,baseline
1045,6081,449,65302595371008.0,13.814930442115935,baseline
1047,6092,480,72573740122112.0,13.860779505230354,baseline
1048,6095,1,1307340129173504.0,15.116388592175756,baseline
1049,6099,1791,16921507397632.0,13.228439048142356,baseline
1050,6102,641,54070911959040.0,13.732963694440407,baseline
1051,6106,93,235066697449472.0,14.371191105780005,baseline
1052,6109,149,134479007973376.0,14.128654496733631,baseline
1053,6110,16800,2453734424576.0,12.389827555871571,baseline
1054,6111,769,60123984691200.0,13.779047755548502,baseline
1055,6112,188,164069612978176.0,14.215028153643514,baseline
1056,6116,357,94136631820288.0,13.973758655325671,baseline
1057,6118,446,80648580628480.0,13.9065967284436,baseline
1058,6120,1,1307340129173504.0,15.116388592175756,baseline
1059,6124,760,51850631970816.0,13.714754054066727,baseline
1061,6135,385,66410315251712.0,13.822235541852368,baseline
1062,6139,12548,3018601267200.0,12.479805750024983,baseline
1063,6141,494,67602269339648.0,13.82996127501182,baseline
1064,6144,6715,7360561020928.0,12.866910917463532,baseline
1065,6146,360,96995049996288.0,13.986749571233757,baseline
1066,6148,243,117173376778240.0,14.068828945882146,baseline
1067,6152,2524,11751160545280.0,13.070080759673443,baseline
1068,6154,329,98934898819072.0,13.995349513953755,baseline
1069,6158,3431,12198816514048.0,13.086317699006726,baseline
1071,6167,308,100990426546176.0,14.004280206503156,baseline
1072,6169,1731,22341369200640.0,13.34910978552359,baseline
1073,6174,2316,21794685714432.0,13.338350610748885,baseline
1074,6179,325,43680027115520.0,13.64028289929643,baseline
1075,6180,422,87033871597568.0,13.939688303022058,baseline
1076,6184,6,459285179924480.0,14.662082431960792,baseline
1077,6187,3340,10130463653888.0,13.005629322726223,baseline
1078,6188,158,176244922515456.0,14.2461166141441,baseline
1079,6192,116,198077717676032.0,14.296835623268862,baseline
1080,6197,778,53514088742912.0,13.728468134503428,baseline
1082,6206,2053,20440856657920.0,13.31049909273525,baseline
1083,6212,735,33370952171520.0,13.52336859853185,baseline
1084,6216,549,50785257783296.0,13.705737661249543,baseline
1085,6218,191,156477503307776.0,14.194451908070404,baseline
1086,6222,0,1535789976518656.0,15.186331828797393,baseline
1087,6229,80,193627108147200.0,14.286966159246084,baseline
1088,6233,3753,12264870510592.0,13.088662967395056,baseline
1089,6236,150,88344214110208.0,13.946178111711578,baseline
1090,6241,91,164138567335936.0,14.21521063841577,baseline
1091,6247,36,374207984697344.0,14.573113050061371,baseline
1092,6253,898,48686457421824.0,13.687408175077296,baseline
1093,6258,68,276792942264320.0,14.442155012176563,baseline
1094,6260,133,198890708008960.0,14.29861449375943,baseline
1095,6264,31,390177377746944.0,14.591262085651834,baseline
1096,6270,1128,21550652719104.0,13.333460428464834,baseline
1098,6279,39,334133456797696.0,14.523919963740935,baseline
1099,6284,811,55779629465600.0,13.746475624996728,baseline
1100,6288,31,390177377746944.0,14.591262085651834,baseline
1101,6294,15,497315974479872.0,14.696632409598273,baseline
1102,6297,76,236042040901632.0,14.372989361044429,baseline
1103,6301,2359,15641430982656.0,13.194276482703517,baseline
1104,6306,1950,25195477729280.0,13.401322597390068,baseline
1105,6308,283,102168363270144.0,14.009316436070272,baseline
1106,6310,357,94136631820288.0,13.973758655325671,baseline
1107,6312,14699,2921400369152.0,12.465591079807565,baseline
1108,6316,435,70737238949888.0,13.849648104217357,baseline
1109,6318,96,214734724923392.0,14.331902280221906,baseline
1111,6330,1655,25557184020480.0,13.407513000044288,baseline
1112,6334,7580,5817279971328.0,12.76471996582293,baseline
1113,6339,62,174374598475776.0,14.241483220589254,baseline
1114,6343,8,398251614273536.0,14.600157544846471,baseline
1115,6348,142,146151143636992.0,14.164802218073827,baseline
1116,6351,624,47573284945920.0,13.677363140585983,baseline
1117,6352,110,164342309847040.0,14.215749386731398,baseline
1118,6353,82,135533791543296.0,14.132047587839036,baseline
1119,6354,2923,5871566323712.0,12.76875397092467,baseline
1120,6356,1990,21178095763456.0,13.325886907773253,baseline
1122,6366,78,260628933509120.0,14.416022626901675,baseline
1123,6372,14655,3206208552960.0,12.505991768315663,baseline
1124,6374,140,160620351586304.0,14.20580057221075,baseline
1125,6376,506,65639645446144.0,13.817166226537072,baseline
1127,6386,1234,37203946242048.0,13.57058900816816,baseline
1128,6390,1877,22764811452416.0,13.35726405765258,baseline
1129,6393,1,1307340129173504.0,15.116388592175756,baseline
1130,6396,244,124116803780608.0,14.093830583232482,baseline
1131,6402,1947,24587314135040.0,13.39071108994085,baseline
1132,6405,12,655181557530624.0,14.816361664125669,baseline
1133,6409,1722,17315285434368.0,13.23842965508555,baseline
1134,6415,2877,14483978190848.0,13.160887862209494,baseline
1137,6434,16,379204239622144.0,14.578873184241475,baseline
1140,6454,3617,11670667657216.0,13.067095701936587,baseline
1141,6456,3205,15079406829568.0,13.17838425826372,baseline
1142,6461,697,55324035776512.0,13.742913853496914,baseline
1143,6468,577,63530560651264.0,13.802982687960412,baseline
1144,6473,886,41322236870656.0,13.616183822873923,baseline
1145,6474,304,64784951148544.0,13.811474135621111,baseline
1146,6478,35,381228075188224.0,14.581184876358591,baseline
1147,6485,631,42157649952768.0,13.624876393452327,baseline
1148,6488,22927,2306770993152.0,12.36300448167018,baseline
1149,6492,23,392225506721792.0,14.593535832749234,baseline
1150,6497,279,118847877152768.0,14.074991428814956,baseline
1152,6510,14,437283203317760.0,14.640762795784122,baseline
1153,6516,125,135592662794240.0,14.132236189573916,baseline
1154,6519,2317,15737217351680.0,13.196927943039157,baseline
1155,6522,334,104113522081792.0,14.017507138579992,baseline
1157,6534,454,64366418329600.0,13.808659343477768,baseline
1159,6545,4,841819696922624.0,14.925219083166256,baseline
1160,6550,1308,30149049319424.0,13.47927362221953,baseline
1161,6554,25604,1993445081088.0,12.299604275459174,baseline
1163,6568,54,314248664186880.0,14.497273440256166,baseline
1164,6578,2064,18599823540224.0,13.269508824009824,baseline
1167,6592,1171,30931744194560.0,13.490404409906684,baseline
1168,6595,794,29630346035200.0,13.47173672337679,baseline
1169,6600,168,173127850000384.0,14.238366935747166,baseline
1170,6604,68,276792942264320.0,14.442155012176563,baseline
1171,6609,374,88938211442688.0,13.949088391490458,baseline
1173,6622,1150,30220459442176.0,13.480301062639835,baseline
1174,6629,6344,7270199984128.0,12.86154635732516,baseline
1175,6631,969,42965829419008.0,13.63312319989718,baseline
1176,6634,5552,7810079260672.0,12.892655441341809,baseline
1177,6638,4416,11025877303296.0,13.042413155311944,baseline
1178,6643,1128,21550652719104.0,13.333460428464834,baseline
1179,6650,771,34327614193664.0,13.53564362053812,baseline
1181,6658,16499,3095241424896.0,12.490694529094734,baseline
1184,6673,72,275153237835776.0,14.439574627690288,baseline
1185,6677,505,44539989458944.0,13.648750109915737,baseline
1187,6685,5,733527398154240.0,14.865416339917514,baseline
1189,6692,3054,11729834606592.0,13.069291888505058,baseline
1192,6711,2012,21222660243456.0,13.326799821442826,baseline
1194,6721,949,27251877871616.0,13.43539643399545,baseline
1195,6726,413,42628699652096.0,13.629702085109423,baseline
1196,6727,824,22897445830656.0,13.359787040264878,baseline
1198,6735,1,1307340129173504.0,15.116388592175756,baseline
1199,6736,19681,2793316286464.0,12.446120113534525,baseline
1200,6743,4,841819696922624.0,14.925219083166256,baseline
1201,6744,7094,6631261732864.0,12.821596169654628,baseline
1202,6748,84,158344471904256.0,14.19960290595621,baseline
1203,6751,1404,31474826870784.0,13.497963349923031,baseline
1204,6754,145,155587975315456.0,14.191976029312148,baseline
1205,6758,8095,3847935229952.0,12.585227753201748,baseline
1207,6769,2299,21601661747200.0,13.33448716133056,baseline
1209,6776,46,176415714574336.0,14.246537268148105,baseline
1210,6779,112,152773211455488.0,14.184047208055036,baseline
1211,6785,549,50785257783296.0,13.705737661249543,baseline
1212,6787,75,134628685905920.0,14.129137606717835,baseline
1213,6792,1093,21094633308160.0,13.3241719803637,baseline
1214,6794,0,1535789976518656.0,15.186331828797393,baseline
1216,6808,675,57136910434304.0,13.756916753064406,baseline
1217,6810,4358,9448625012736.0,12.97536861350094,baseline
1219,6820,238,67912647835648.0,13.831950663436754,baseline
1221,6832,86,192014666694656.0,14.283334402772732,baseline
1222,6834,18,407155215695872.0,14.609760002516866,baseline
1223,6837,5336,9389218988032.0,12.972629468379552,baseline
1224,6838,552,53652412694528.0,13.729589256523033,baseline
1225,6844,63754,826855063552.0,11.917429390307104,baseline
1226,6847,25,219906721185792.0,14.342238503254803,baseline
1227,6855,4124,10595285860352.0,13.025112678451128,baseline
1228,6857,773,31473314824192.0,13.497942485971413,baseline
1230,6869,3712,7991060856832.0,12.902604438098102,baseline
1231,6877,114,179024269672448.0,14.252911910702474,baseline
1232,6884,716,60128938164224.0,13.77908353457076,baseline
1234,6895,90,239398222299136.0,14.37912092113914,baseline
1235,6900,489,63187059736576.0,13.80062814694668,baseline
1237,6908,254,110979648061440.0,14.04524334324606,baseline
1238,6912,568,62956708560896.0,13.799042014598683,baseline
1239,6916,640,60992931233792.0,13.785279505436252,baseline
1240,6919,757,51282584797184.0,13.709969906816204,baseline
1241,6921,254,110979648061440.0,14.04524334324606,baseline
1242,6929,130,164261326225408.0,14.215535324944792,baseline
1243,6931,53,184230525009920.0,14.265361589731892,baseline
1244,6934,354,97267235160064.0,13.987966571146448,baseline
1246,6944,181,117365014528000.0,14.069538656862113,baseline
1247,6945,20,431286791438336.0,14.63476615767462,baseline
1250,6960,100,179395750789120.0,14.253812152026397,baseline
1252,6969,665,41173720760320.0,13.614620114815333,baseline
1256,6989,556,66434201812992.0,13.822391721453853,baseline
1257,6996,131,185050360446976.0,14.267289935364555,baseline
1259,7008,184,107746024226816.0,14.032401253884174,baseline
1261,7021,69,269337868894208.0,14.43029741949233,baseline
1262,7022,37139,1390538784768.0,12.143183106667143,baseline
1263,7025,436,73994627710976.0,13.869200189458352,baseline
1264,7026,32,390393736724480.0,14.59150284145414,baseline
1265,7030,266,86725086937088.0,13.938144743870438,baseline
1266,7034,671,61239136878592.0,13.78702906100228,baseline
1267,7036,297,98328016584704.0,13.992677278915956,baseline
1269,7046,55,242969403719680.0,14.385551587868612,baseline
1270,7050,295,115490999500800.0,14.062548139903948,baseline
1271,7057,675,57136910434304.0,13.756916753064406,baseline
1272,7059,3496,13412765532160.0,13.12751833277534,baseline
1273,7062,504,72348950593536.0,13.85943223614971,baseline
1274,7067,331,72077663010816.0,13.857800696978211,baseline
1275,7072,601,72005806194688.0,13.857367517218025,baseline
1276,7078,223,131011845292032.0,14.117310563689344,baseline
1277,7080,227,121109320040448.0,14.083177565821742,baseline
1278,7082,5241,7651139780608.0,12.88372613627218,baseline
1279,7085,8535,5181511565312.0,12.714456471851774,baseline
1280,7090,23150,2423485104128.0,12.38444035469014,baseline
1281,7096,610,60040820031488.0,13.778446615162142,baseline
1283,7109,512,60769173504000.0,13.78368332973068,baseline
1285,7120,1301,34176961085440.0,13.533733443917244,baseline
1286,7127,1053,38896008167424.0,13.589905032692874,baseline
1287,7130,1208,33857629847552.0,13.529656552705063,baseline
1289,7137,199,122852950933504.0,14.08938559271472,baseline
1290,7146,2190,19734210805760.0,13.295219763133012,baseline
1291,7148,1516,26988263768064.0,13.431174946053249,baseline
1292,7154,930,44939018764288.0,13.652623585441644,baseline
1293,7159,5,733527398154240.0,14.865416339917514,baseline
1294,7162,130,164261326225408.0,14.215535324944792,baseline
1295,7164,1198,35459849781248.0,13.54973689146475,baseline
1296,7169,56,296168328265728.0,14.47153861395946,baseline
1297,7172,299,108280252727296.0,14.03454926074773,baseline
1299,7184,1305,28292933484544.0,13.451677978567004,baseline
1301,7191,51,316146536415232.0,14.499888428205248,baseline
1302,7193,63,282241997471744.0,14.45062163703409,baseline
1304,7202,174,128181143076864.0,14.107824140159272,baseline
1305,7206,95,183994033373184.0,14.264803739775209,baseline
1307,7216,13824,2617857802240.0,12.41794605268849,baseline
1308,7221,69,269337868894208.0,14.43029741949233,baseline
1309,7223,3892,10812484747264.0,13.0339255078316,baseline
1310,7228,76,236042040901632.0,14.372989361044429,baseline
1311,7232,12,655181557530624.0,14.816361664125669,baseline
1312,7237,2002,9859669950464.0,12.993862377305174,baseline
1314,7243,4684,8291951312896.0,12.9186567434215,baseline
1315,7246,367,99850288889856.0,13.999349325722385,baseline
1316,7248,4,841819696922624.0,14.925219083166256,baseline
1319,7262,0,1535789976518656.0,15.186331828797393,baseline
1320,7264,27,456104488206336.0,14.659064345851233,baseline
1321,7268,887,42830399537152.0,13.631752125668369,baseline
1322,7272,426,84509076750336.0,13.926903357125804,baseline
1323,7274,67,278848855867392.0,14.445368866896445,baseline
1324,7282,579,68386394472448.0,13.834969707081504,baseline
1325,7286,2378,14510351974400.0,13.161677947150745,baseline
1327,7295,7205,7050400628736.0,12.848213795843291,baseline
1328,7298,22,360359567294464.0,14.556736056763258,baseline
1329,7304,3339,11578425475072.0,13.063649504643534,baseline
1330,7307,1789,22208229408768.0,13.346513935016093,baseline
1331,7309,24,367364893835264.0,14.565097651855222,baseline
1333,7317,764,54687277514752.0,13.737886303521826,baseline
1335,7325,1070,35917595148288.0,13.555307250913092,baseline
1336,7327,4489,7501618085888.0,12.875154950055514,baseline
1338,7334,7,581220677189632.0,14.764341056124303,baseline
1339,7341,424,75413711749120.0,13.877450316633473,baseline
1340,7343,964,38233001951232.0,13.582438398978248,baseline
1341,7345,1101,39715017326592.0,13.598954756356433,baseline
1342,7348,3352,12401555537920.0,13.093476162514262,baseline
1345,7363,772,59624812183552.0,13.775427024035166,baseline
1347,7372,2442,18385997922304.0,13.264487206703569,baseline
1348,7377,15611,2752199262208.0,12.439679874092752,baseline
1349,7378,1957,21479039172608.0,13.332014850055105,baseline
1350,7380,456,47788842811392.0,13.67932651437282,baseline
1351,7381,69,269337868894208.0,14.43029741949233,baseline
1352,7382,1447,26775438491648.0,13.427736591845395,baseline
1353,7386,398,58272455327744.0,13.765463317606624,baseline
1354,7390,2152,20014851686400.0,13.301352376253927,baseline
1355,7392,59,213580418908160.0,14.329561433984113,baseline
1356,7393,7077,7248274784256.0,12.860234649214012,baseline
1357,7395,2057,20998067847168.0,13.322179334642575,baseline
1360,7409,479,74532631085056.0,13.872346452580745,baseline
1362,7422,70,258570536878080.0,14.412579037171405,baseline
1364,7431,2943,12896780156928.0,13.110481296762558,baseline
1365,7432,4113,12037731123200.0,13.080544638622044,baseline
1366,7434,217,144810090430464.0,14.160798824745036,baseline
1369,7451,498,59842421063680.0,13.777009155600505,baseline
1371,7463,394,76312400101376.0,13.882595112765458,baseline
1372,7468,4,841819696922624.0,14.925219083166256,baseline
1374,7479,938,42465805467648.0,13.628039365953748,baseline
1375,7483,651,60349009100800.0,13.780670143603416,baseline
1376,7488,297,98328016584704.0,13.992677278915956,baseline
1377,7489,57,301115828600832.0,14.478733585447388,baseline
1378,7493,2874,11544142282752.0,13.062361670842996,baseline
1379,7496,1832,22081435598848.0,13.344027305125564,baseline
1380,7501,2582,11968683442176.0,13.078046380544713,baseline
1381,7505,2505,17371399979008.0,13.239834820096926,baseline
1382,7509,1022,43654580273152.0,13.640029816953348,baseline
1383,7512,266,86725086937088.0,13.938144743870438,baseline
1384,7515,8611,4839035633664.0,12.684758820175718,baseline
1385,7517,1263,25946312671232.0,13.41407564733588,baseline
1387,7526,323,98153567092736.0,13.991906087334309,baseline
1388,7528,18,407155215695872.0,14.609760002516866,baseline
1389,7529,545,49718398812160.0,13.696517133681578,baseline
1391,7540,1711,21040728113152.0,13.323060764476605,baseline
1392,7542,54,314248664186880.0,14.497273440256166,baseline
1394,7551,93,235066697449472.0,14.371191105780005,baseline
1395,7553,85,123098057670656.0,14.090251200375905,baseline
1396,7554,14419,2697552723968.0,12.43096994177185,baseline
1399,7565,3794,13215493783552.0,13.121083394744728,baseline
1400,7569,768,39426872836096.0,13.59579233213572,baseline
1401,7571,387,88921576833024.0,13.949007155374336,baseline
1402,7574,15,497315974479872.0,14.696632409598273,baseline
1403,7577,946,50929000775680.0,13.706965155424845,baseline
1404,7580,5,733527398154240.0,14.865416339917514,baseline
1406,7586,407,75625037561856.0,13.878665603368333,baseline
1408,7595,159,169744321740800.0,14.229795255247776,baseline
1409,7599,381,49719699046400.0,13.69652849119078,baseline
1410,7603,378,51961936216064.0,13.71568532547038,baseline
1411,7604,48,324151516594176.0,14.510748057859148,baseline
1412,7606,331,72077663010816.0,13.857800696978211,baseline
1413,7608,2288,17636851187712.0,13.24642105053112,baseline
1414,7617,2772,16033075167232.0,13.205016828659415,baseline
1415,7621,59,213580418908160.0,14.329561433984113,baseline
1416,7623,12540,3746074460160.0,12.57357640553127,baseline
1417,7626,23,392225506721792.0,14.593535832749234,baseline
1418,7631,156,170201618317312.0,14.23096368514303,baseline
1419,7633,24,367364893835264.0,14.565097651855222,baseline
1420,7636,359,39266109358080.0,13.594017871781636,baseline
1421,7639,18,407155215695872.0,14.609760002516866,baseline
1422,7642,149,134479007973376.0,14.128654496733631,baseline
1423,7646,355,98771396460544.0,13.994631194001684,baseline
1424,7648,418,64368444178432.0,13.808673012113472,baseline
1426,7658,1673,20915698008064.0,13.32047236262892,baseline
1427,7661,698,56846442299392.0,13.754703289813715,baseline
1428,7666,1291,31427647242240.0,13.497311869787596,baseline
1429,7667,2296,14739847512064.0,13.168492990645712,baseline
1430,7671,726,55012763893760.0,13.740463464867142,baseline
1431,7673,226,114129838800896.0,14.057399203860903,baseline
1432,7678,19,467371865145344.0,14.669662565180955,baseline
1433,7679,359,39266109358080.0,13.594017871781636,baseline
1434,7681,31,390177377746944.0,14.591262085651834,baseline
1436,7691,0,1535789976518656.0,15.186331828797393,baseline
1437,7692,844,42405965332480.0,13.62742695396891,baseline
1440,7711,4081,10338823045120.0,13.014471102190932,baseline
1441,7716,888,40212709244928.0,13.604363333746674,baseline
1442,7720,7917,5851715731456.0,12.76728322051912,baseline
1443,7722,7,581220677189632.0,14.764341056124303,baseline
1446,7740,412,81883476000768.0,13.913196270432948,baseline
1448,7748,477,69018333478912.0,13.838964468579777,baseline
1450,7758,287,90832199745536.0,13.958239831922388,baseline
1453,7777,4335,9506914304000.0,12.978039579166335,baseline
1454,7780,107,187167024349184.0,14.272229335830058,baseline
1455,7785,1926,13806901133312.0,13.140096215021666,baseline
1456,7788,2659,13939937116160.0,13.144260814639589,baseline
1457,7791,10,635853466501120.0,14.803357043286407,baseline
1458,7792,583,64927419072512.0,13.812428139591622,baseline
1459,7796,1644,24726915252224.0,13.393169940360549,baseline
1460,7798,3175,11259734917120.0,13.051528166235826,baseline
1461,7803,2488,17229857947648.0,13.236281696902068,baseline
1462,7806,1063,37444019814400.0,13.573382466388164,baseline
1464,7812,5435,8389620400128.0,12.923742311024254,baseline
1465,7815,346,41210869710848.0,13.615011779936784,baseline
1466,7816,5,733527398154240.0,14.865416339917514,baseline
1468,7825,763,26339595780096.0,13.420609105788223,baseline
1469,7829,505,44539989458944.0,13.648750109915737,baseline
1470,7835,1269,33591172005888.0,13.526225156768438,baseline
1471,7837,129,112128929300480.0,14.04971767517024,baseline
1472,7841,4113,12037731123200.0,13.080544638622044,baseline
1473,7843,620,68789261565952.0,13.837520647441265,baseline
1474,7849,4714,8635374632960.0,12.93628118353613,baseline
1475,7850,36,374207984697344.0,14.573113050061371,baseline
1476,7853,10269,4083273957376.0,12.61100851883686,baseline
1482,7890,483,47938524938240.0,13.68068466672228,baseline
1483,7891,58,279208861368320.0,14.445929197555325,baseline
1486,7901,675,57136910434304.0,13.756916753064406,baseline
1490,7935,180,142675005145088.0,14.154347896882348,baseline
1491,7939,157,111486940741632.0,14.047223998361677,baseline
1492,7943,338,84481679556608.0,13.926762539362514,baseline
1493,7944,30,389327343321088.0,14.590314906252068,baseline
1494,7949,117,221948206383104.0,14.34625163973729,baseline
1495,7952,125,135592662794240.0,14.132236189573916,baseline
1497,7960,7593,5877479768064.0,12.769191142835975,baseline
1499,7971,346,41210869710848.0,13.615011779936784,baseline
1501,7978,348,104674971615232.0,14.019842851795415,baseline
1502,7983,90,239398222299136.0,14.37912092113914,baseline
1503,7986,36,374207984697344.0,14.573113050061371,baseline
1504,7990,2194,19173444943872.0,13.282700150734092,baseline
1507,8013,263,103605214380032.0,14.015381613705411,baseline
1508,8015,2376,19013828608000.0,13.279069574830318,baseline
1509,8018,39,334133456797696.0,14.523919963740935,baseline
1511,8028,133,198890708008960.0,14.29861449375943,baseline
1512,8031,1234,37203946242048.0,13.57058900816816,baseline
1513,8033,507,68217351438336.0,13.83389485376905,baseline
1515,8042,52,275655178584064.0,14.440366155746386,baseline
1516,8044,617,34264479432704.0,13.534844138131485,baseline
1517,8046,31,390177377746944.0,14.591262085651834,baseline
1518,8047,5636,8685391183872.0,12.938789383539724,baseline
1519,8048,1687,24665395298304.0,13.39208808004533,baseline
1520,8052,655,58219737120768.0,13.765070240139934,baseline
1521,8054,531,47580234907648.0,13.677426581855164,baseline
1523,8064,57,301115828600832.0,14.478733585447388,baseline
1526,8079,377,84586503602176.0,13.92730107369279,baseline
1527,8084,766,46798802518016.0,13.670234740542684,baseline
1529,8095,1258,28357582389248.0,13.452669202541903,baseline
1530,8098,8884,4011602477056.0,12.60331789080537,baseline
1531,8104,2228,11552919912448.0,13.062691762721563,baseline
1533,8111,34570,1520884908032.0,12.18209635034635,baseline
1534,8114,813,49752859213824.0,13.696818043978332,baseline
1536,8122,6858,6893940506624.0,12.838467531210544,baseline
1538,8132,107,187167024349184.0,14.272229335830058,baseline
1539,8133,43,343380722712576.0,14.53577591035154,baseline
1540,8136,32,390393736724480.0,14.59150284145414,baseline
1541,8139,163,176176588914688.0,14.24594819703475,baseline
1542,8141,3960,11835522678784.0,13.073187441943965,baseline
1543,8143,732,56478928994304.0,13.751886452628131,baseline
1544,8145,55,242969403719680.0,14.385551587868612,baseline
1545,8152,542,64965050368000.0,13.812679779498154,baseline
1546,8157,2809,16447781732352.0,13.216107334118194,baseline
1547,8158,705,49795741777920.0,13.697192206184996,baseline
1548,8163,847,39639377248256.0,13.598126822912873,baseline
1549,8168,2343,20930908651520.0,13.32078808231744,baseline
1550,8172,184,107746024226816.0,14.032401253884174,baseline
1551,8175,3007,16226940092416.0,13.21023663281045,baseline
1553,8188,6546,5253615321088.0,12.720458269811871,baseline
1554,8190,8,398251614273536.0,14.600157544846471,baseline
1555,8192,10016,4835350413312.0,12.684427952473497,baseline
1556,8195,0,1535789976518656.0,15.186331828797393,baseline
1557,8197,5882,8081769496576.0,12.907506459594297,baseline
1558,8200,120,203439883681792.0,14.308436098856747,baseline
1559,8204,1794,23621932154880.0,13.373315417828028,baseline
1560,8208,6,459285179924480.0,14.662082431960792,baseline
1562,8215,2047,20460978831360.0,13.310926406056982,baseline
1564,8223,45,305942902079488.0,14.485640381953424,baseline
1565,8227,316,45303621222400.0,13.656132917554787,baseline
1567,8233,398,58272455327744.0,13.765463317606624,baseline
1568,8239,477,69018333478912.0,13.838964468579777,baseline
1569,8243,1791,16921507397632.0,13.228439048142356,baseline
1571,8253,21135,2652942893056.0,12.423727901509812,baseline
1572,8254,5606,7873362919424.0,12.896160270528847,baseline
1573,8256,123,71453248585728.0,13.85402197855433,baseline
1575,8265,8,398251614273536.0,14.600157544846471,baseline
1579,8288,1,1307340129173504.0,15.116388592175756,baseline
1581,8297,2225,19869063970816.0,13.29817740803157,baseline
1582,8303,46,176415714574336.0,14.246537268148105,baseline
1583,8304,615,53642568663040.0,13.729509565776777,baseline
1584,8308,55,242969403719680.0,14.385551587868612,baseline
1585,8313,1257,35927489511424.0,13.555426871270123,baseline
1586,8316,1884,22378010640384.0,13.349821476012478,baseline
1587,8319,3349,14986502995968.0,13.175700304847386,baseline
1588,8320,362,91775339331584.0,13.962725998946246,baseline
1589,8326,3657,12048412966912.0,13.080929844827525,baseline
1590,8330,3293,6266538688512.0,12.797027725271583,baseline
1591,8335,0,1535789976518656.0,15.186331828797393,baseline
1593,8347,54,314248664186880.0,14.497273440256166,baseline
1594,8353,107,187167024349184.0,14.272229335830058,baseline
1595,8358,714,52639110791168.0,13.72130854432644,baseline
1603,8390,363,90174650318848.0,13.955084466877407,baseline
1604,8394,234,160051117424640.0,14.204258710592995,baseline
1608,8413,191,156477503307776.0,14.194451908070404,baseline
1609,8419,3961,9645792952320.0,12.9843379355218,baseline
1613,8438,697,55324035776512.0,13.742913853496914,baseline
1615,8447,11523,3880721842176.0,12.588912515005584,baseline
1616,8449,148,122913483128832.0,14.089599525907348,baseline
1617,8450,2134,24733357703168.0,13.393283078470937,baseline
1618,8454,35,381228075188224.0,14.581184876358591,baseline
1619,8459,1041,28719477424128.0,13.458176533276308,baseline
1620,8461,4852,9032182005760.0,12.955792680389546,baseline
1621,8466,525,57845856862208.0,13.762272258597758,baseline
1622,8471,11,547336941993984.0,14.738254761430827,baseline
1623,8475,549,50785257783296.0,13.705737661249543,baseline
1626,8488,2442,18385997922304.0,13.264487206703569,baseline
1627,8492,10892,3250184781824.0,12.511908052500496,baseline
1628,8495,137,173721042026496.0,14.23985242571552,baseline
1629,8496,313,106644214120448.0,14.027937298194024,baseline
1630,8498,1505,26499977576448.0,13.42324550644892,baseline
1631,8501,251,119521037778944.0,14.077444355385916,baseline
1632,8504,207,96327551680512.0,13.983750522134436,baseline
1633,8506,174,128181143076864.0,14.107824140159272,baseline
1634,8510,79,253893451710464.0,14.404651499917891,baseline
1635,8512,7546,5541938593792.0,12.743661709370242,baseline
1636,8516,77,230889556541440.0,14.363404289612728,baseline
1637,8519,438,58306320138240.0,13.765715632844694,baseline
1638,8523,4010,9689474531328.0,12.986300225520065,baseline
1642,8541,65,227894857039872.0,14.357734524458976,baseline
1643,8545,883,48145580949504.0,13.682556431495474,baseline
1644,8547,8169,5880002117632.0,12.769377482483575,baseline
1645,8549,68,276792942264320.0,14.442155012176563,baseline
1646,8550,835,38440708079616.0,13.584791378794575,baseline
1651,8572,337,96431452979200.0,13.984218710535105,baseline
1652,8574,5274,6556790292480.0,12.81669129373588,baseline
1654,8582,20697,2298395230208.0,12.361424711706263,baseline
1656,8590,282,80834186969088.0,13.907595074536232,baseline
1658,8600,816,45387591188480.0,13.656937134465458,baseline
1659,8605,398,58272455327744.0,13.765463317606624,baseline
1661,8613,4,841819696922624.0,14.925219083166256,baseline
1662,8618,53,184230525009920.0,14.265361589731892,baseline
1663,8621,19,467371865145344.0,14.669662565180955,baseline
1664,8623,2735,16947292930048.0,13.22910033620078,baseline
1665,8624,1071,41625778651136.0,13.61936237049585,baseline
1666,8626,1230,29698849505280.0,13.47273962564091,baseline
1667,8627,1540,19932582510592.0,13.299563570523862,baseline
1669,8636,2680,16915016712192.0,13.228272431211153,baseline
1670,8638,8973,5195608621056.0,12.715636428752507,baseline
1671,8640,7,581220677189632.0,14.764341056124303,baseline
1672,8643,256,125519060271104.0,14.098709679140052,baseline
1673,8645,3691,13817374310400.0,13.140425522716598,baseline
1675,8652,1462,28310146908160.0,13.45194212302945,baseline
1676,8654,102,98802778243072.0,13.994769156719933,baseline
1678,8660,599,63776908902400.0,13.804663466315493,baseline
1679,8663,406,88225624358912.0,13.945594740476844,baseline
1680,8666,473,81075552387072.0,13.90888991630696,baseline
1681,8670,6,459285179924480.0,14.662082431960792,baseline
1682,8674,8432,5487038300160.0,12.739337991632215,baseline
1683,8678,18,407155215695872.0,14.609760002516866,baseline
1684,8683,155,178474010542080.0,14.251574982913551,baseline
1685,8686,13981,1751333208064.0,12.24336878266618,baseline
1686,8690,802,48450024505344.0,13.685294001046907,baseline
1689,8702,603,62055935639552.0,13.7927833280139,baseline
1692,8716,4464,10051870785536.0,13.002246897201738,baseline
1695,8732,739,56257197113344.0,13.75017809063523,baseline
1696,8734,3820,11085796081664.0,13.044766885674214,baseline
1697,8736,109,188158054498304.0,14.274522813935697,baseline
1698,8741,521,66945118371840.0,13.82571891381303,baseline
1700,8748,336,101111641931776.0,14.0048011628674,baseline
1701,8750,370,105982210342912.0,14.025232972828052,baseline
1703,8760,1179,36900337352704.0,13.567030336612936,baseline
1704,8762,424,75413711749120.0,13.877450316633473,baseline
1705,8763,7285,6757963792384.0,12.829815860595144,baseline
1706,8766,750,54375057719296.0,13.735399730967906,baseline
1707,8767,92,207364997251072.0,14.31673545029975,baseline
1708,8774,77,230889556541440.0,14.363404289612728,baseline
1709,8776,1063,37444019814400.0,13.573382466388164,baseline
1710,8777,3790,12035218735104.0,13.080453987804685,baseline
1711,8782,2057,20998067847168.0,13.322179334642575,baseline
1712,8787,181,117365014528000.0,14.069538656862113,baseline
1713,8791,677,50944049938432.0,13.707093467443425,baseline
1715,8796,1362,30152434122752.0,13.479322377285753,baseline
1716,8798,16928,2774662905856.0,12.443210228172488,baseline
1717,8800,20,431286791438336.0,14.63476615767462,baseline
1720,8815,238,67912647835648.0,13.831950663436754,baseline
1721,8818,1441,29624721473536.0,13.471654275876388,baseline
1724,8832,189,142160531816448.0,14.1527790394773,baseline
1725,8833,15,497315974479872.0,14.696632409598273,baseline
1726,8836,151,177005769261056.0,14.24798742182739,baseline
1727,8837,90,239398222299136.0,14.37912092113914,baseline
1728,8839,17,416661488271360.0,14.619783360778436,baseline
1730,8846,10,635853466501120.0,14.803357043286407,baseline
1731,8851,523,70654569218048.0,13.849140252837351,baseline
1732,8852,64,279798244966400.0,14.446844986053598,baseline
1733,8856,241,116610618621952.0,14.066738099299023,baseline
1734,8860,4,841819696922624.0,14.925219083166256,baseline
1735,8866,922,37289203859456.0,13.571583111086271,baseline
1736,8868,3514,13301527347200.0,13.1239015116721,baseline
1737,8870,644,58801696800768.0,13.769389858398895,baseline
1738,8874,1695,24266189832192.0,13.385001590721846,baseline
1739,8878,426,84509076750336.0,13.926903357125804,baseline
1740,8881,30,389327343321088.0,14.590314906252068,baseline
1742,8891,1018,30255922282496.0,13.480810395942845,baseline
1743,8892,728,58706783895552.0,13.768688289291433,baseline
1744,8894,88,223381030961152.0,14.349046290987864,baseline
1745,8898,1240,27727627288576.0,13.442912707674996,baseline
1747,8909,134,174660482236416.0,14.242194654908252,baseline
1749,8918,17344,2660044374016.0,12.424888881454203,baseline
1750,8921,6109,7997538959360.0,12.902956364391512,baseline
1751,8922,1822,21864581693440.0,13.33974117296976,baseline
1752,8924,239,113186665660416.0,14.053795266329251,baseline
1753,8927,31,390177377746944.0,14.591262085651834,baseline
1755,8935,62,174374598475776.0,14.241483220589254,baseline
1756,8936,30,389327343321088.0,14.590314906252068,baseline
1757,8941,422,87033871597568.0,13.939688303022058,baseline
1758,8943,947,37698773450752.0,13.57632722043827,baseline
1759,8946,695,44723809026048.0,13.650538784336064,baseline
1761,8955,9172,5245378232320.0,12.719776809648156,baseline
1762,8958,860,36740299489280.0,13.5651426921443,baseline
1763,8959,2774,13585793155072.0,13.133084998132324,baseline
1764,8961,3625,9301388165120.0,12.968547768711158,baseline
1765,8962,350,93156901126144.0,13.96921503325251,baseline
1767,8969,716,60128938164224.0,13.77908353457076,baseline
1768,8973,705,49795741777920.0,13.697192206184996,baseline
1771,8989,2,1033314370584576.0,15.014232469282954,baseline
1772,8991,28,471019466784768.0,14.673038856476026,baseline
1773,8998,162,137401439617024.0,14.13799128304707,baseline
1775,9006,422,87033871597568.0,13.939688303022058,baseline
1776,9007,84,158344471904256.0,14.19960290595621,baseline
1778,9015,2847,15279969009664.0,13.184122473418626,baseline
1779,9018,11165,3396438065152.0,12.531023699536796,baseline
1780,9020,1429,29145876660224.0,13.46457712271849,baseline
1781,9022,883,48145580949504.0,13.682556431495474,baseline
1782,9024,3261,12210560565248.0,13.086735602094404,baseline
1783,9027,581,40077640073216.0,13.602902140669704,baseline
1784,9030,20366,2216576155648.0,12.34568265709239,baseline
1785,9031,1411,17374604427264.0,13.239914925664335,baseline
1787,9038,2602,13041033805824.0,13.115312020718626,baseline
1789,9046,1308,30149049319424.0,13.47927362221953,baseline
1790,9048,336,101111641931776.0,14.0048011628674,baseline
1792,9063,187,118919146766336.0,14.075251784522123,baseline
1796,9084,839,34658307801088.0,13.539807354379324,baseline
1797,9087,264,60795924774912.0,13.783874468958846,baseline
1800,9101,1900,21789644161024.0,13.338250137994509,baseline
1802,9111,370,105982210342912.0,14.025232972828052,baseline
1804,9120,9922,4717738983424.0,12.67373390916627,baseline
1805,9122,1478,27932839903232.0,13.44611509222101,baseline
1806,9124,2519,13883790065664.0,13.142508038158912,baseline
1808,9133,2803,16913621057536.0,13.22823659618166,baseline
1810,9140,3433,12845508984832.0,13.10875131723798,baseline
1813,9156,436,73994627710976.0,13.869200189458352,baseline
1814,9158,289,82948426563584.0,13.918808152370818,baseline
1815,9163,6538,4006539427840.0,12.602769420934308,baseline
1816,9164,4,841819696922624.0,14.925219083166256,baseline
1818,9174,1039,17952361414656.0,13.254121582825332,baseline
1819,9176,206,115317153988608.0,14.061893915520756,baseline
1820,9179,72,275153237835776.0,14.439574627690288,baseline
1821,9180,541,71958049849344.0,13.857079384924416,baseline
1822,9182,46,176415714574336.0,14.246537268148105,baseline
1823,9187,2876,14513621434368.0,13.161775790985487,baseline
1825,9194,61,255725188153344.0,14.40777350681889,baseline
1826,9197,5,733527398154240.0,14.865416339917514,baseline
1827,9199,600,63358732599296.0,13.801806481229209,baseline
1828,9204,5,733527398154240.0,14.865416339917514,baseline
1829,9206,4,841819696922624.0,14.925219083166256,baseline
1830,9209,6985,4858683326464.0,12.686518594051476,baseline
1831,9212,184,107746024226816.0,14.032401253884174,baseline
1832,9217,502,61252621565952.0,13.787124680910242,baseline
1834,9226,696,55055063449600.0,13.740797267487508,baseline
1836,9237,6,459285179924480.0,14.662082431960792,baseline
1837,9241,0,1535789976518656.0,15.186331828797393,baseline
1838,9245,467,73059776069632.0,13.863678336752544,baseline
1839,9248,611,68188641427456.0,13.833712037761885,baseline
1840,9251,46,176415714574336.0,14.246537268148105,baseline
1842,9258,280,87607643996160.0,13.94254200115118,baseline
1843,9261,794,29630346035200.0,13.47173672337679,baseline
1846,9279,726,55012763893760.0,13.740463464867142,baseline
1847,9283,84,158344471904256.0,14.19960290595621,baseline
1848,9285,35,381228075188224.0,14.581184876358591,baseline
1852,9300,0,1535789976518656.0,15.186331828797393,baseline
1853,9301,28,471019466784768.0,14.673038856476026,baseline
1855,9309,145,155587975315456.0,14.191976029312148,baseline
1856,9316,20786,2400601767936.0,12.380320121601253,baseline
1857,9319,3,899670222045184.0,14.95408334611498,baseline
1859,9327,4350,8611589259264.0,12.93508330741606,baseline
1860,9332,777,51981146128384.0,13.715845850996953,baseline
1861,9335,887,42830399537152.0,13.631752125668369,baseline
1862,9337,424,75413711749120.0,13.877450316633473,baseline
1864,9344,4577,8613186764800.0,12.935163864381227,baseline
1865,9346,153,140163564961792.0,14.146635134939482,baseline
1866,9347,10534,4472145707008.0,12.650515944860182,baseline
1867,9353,171,183455803506688.0,14.263531454936686,baseline
1869,9362,39,334133456797696.0,14.523919963740935,baseline
1871,9372,183,182627713679360.0,14.261566682205684,baseline
1872,9373,3109,11831488806912.0,13.07303939720137,baseline
1876,9392,430,67993501433856.0,13.832467406437347,baseline
1877,9394,5251,8621193166848.0,12.935567376024036,baseline
1878,9395,5636,8685391183872.0,12.938789383539724,baseline
1879,9400,358,79309163200512.0,13.899323367614166,baseline
1880,9403,219,66468171481088.0,13.822613731631124,baseline
1881,9405,1473,27973226856448.0,13.446742567376765,baseline
1882,9408,126,188105843802112.0,14.274402287796992,baseline
1884,9417,2,1033314370584576.0,15.014232469282954,baseline
1888,9436,377,84586503602176.0,13.92730107369279,baseline
1889,9437,9947,4858718978048.0,12.686521780764492,baseline
1890,9442,28,471019466784768.0,14.673038856476026,baseline
1891,9443,4078,7254855647232.0,12.860628775528506,baseline
1893,9452,136,127507051315200.0,14.105534202515887,baseline
1895,9461,46,176415714574336.0,14.246537268148105,baseline
1896,9463,5288,5586804015104.0,12.747163436591636,baseline
1898,9473,4864,9465461997568.0,12.9761418161971,baseline
1899,9478,3435,14558664065024.0,13.163121524990265,baseline
1900,9479,184,107746024226816.0,14.032401253884174,baseline
1903,9490,1788,23117688733696.0,13.363944411912074,baseline
1905,9499,229,144828495036416.0,14.160854017797469,baseline
1906,9501,5164,8314699120640.0,12.91984653826871,baseline
1907,9504,115,127064946507776.0,14.104025757966165,baseline
1908,9506,16,379204239622144.0,14.578873184241475,baseline
1909,9509,639,61046635102208.0,13.785661730577091,baseline
1910,9512,731,39293930176512.0,13.594325469092018,baseline
1912,9524,675,57136910434304.0,13.756916753064406,baseline
1914,9531,10,635853466501120.0,14.803357043286407,baseline
1915,9533,4,841819696922624.0,14.925219083166256,baseline
1916,9536,28,471019466784768.0,14.673038856476026,baseline
1918,9547,151,177005769261056.0,14.24798742182739,baseline
1919,9551,5480,8214641901568.0,12.914588636114024,baseline
1920,9554,176,137337300320256.0,14.137788506087608,baseline
1921,9559,1256,29992079589376.0,13.47700657989352,baseline
1922,9567,1064,36202195451904.0,13.5587349087579,baseline
1923,9568,72,275153237835776.0,14.439574627690288,baseline
1926,9583,761,58473605758976.0,13.766959875313992,baseline
1927,9584,43,343380722712576.0,14.53577591035154,baseline
1929,9591,1,1307340129173504.0,15.116388592175756,baseline
1930,9593,4836,8243479838720.0,12.916110580110976,baseline
1931,9595,36,374207984697344.0,14.573113050061371,baseline
1932,9598,9,641211639529472.0,14.807001397240343,baseline
1933,9601,456,47788842811392.0,13.67932651437282,baseline
1934,9604,83,128114512363520.0,14.10759832788998,baseline
1936,9608,5480,8214641901568.0,12.914588636114024,baseline
1937,9612,8004,2854695469056.0,12.4555597857298,baseline
1938,9617,1042,39596536627200.0,13.597657201342832,baseline
1940,9626,10,635853466501120.0,14.803357043286407,baseline
1941,9627,4263,10996130250752.0,13.041239875482802,baseline
1942,9631,1522,26302249697280.0,13.419992896373008,baseline
1944,9640,55,242969403719680.0,14.385551587868612,baseline
1945,9642,399,61582495186944.0,13.789457281578663,baseline
1946,9644,44,332506201063424.0,14.521799749075257,baseline
1947,9645,20,431286791438336.0,14.63476615767462,baseline
1948,9650,233,146538932207616.0,14.165953022619735,baseline
1949,9655,309,102281827581952.0,14.00979847944098,baseline
1950,9656,715,47572056014848.0,13.677351921581923,baseline
1951,9659,430,67993501433856.0,13.832467406437347,baseline
1952,9661,139,146933045788672.0,14.16711948122038,baseline
1954,9667,35980,1409661796352.0,12.149114929962987,baseline
1956,9673,249,113038212464640.0,14.053225281157548,baseline
1962,9708,2025,22568004222976.0,13.353493154413483,baseline
1965,9721,407,75625037561856.0,13.878665603368333,baseline
1967,9731,991,36802236776448.0,13.565874215144914,baseline
1970,9740,1216,30019755704320.0,13.477407153706803,baseline
1971,9741,405,77950888181760.0,13.891821067956416,baseline
1973,9747,5,733527398154240.0,14.865416339917514,baseline
1976,9760,8532,4950088744960.0,12.694612985014569,baseline
1977,9762,75,134628685905920.0,14.129137606717835,baseline
1978,9765,7498,6368819937280.0,12.804058970450876,baseline
1979,9768,10401,4460404801536.0,12.649374274652873,baseline
1982,9785,75,134628685905920.0,14.129137606717835,baseline
1987,9817,1048,34086227804160.0,13.53257894213579,baseline
1988,9818,12739,3794737561600.0,12.579181746110272,baseline
1989,9820,2260,21507724017664.0,13.332594455070536,baseline
1990,9821,551,55684209049600.0,13.745732055229078,baseline
1991,9822,843,38889406332928.0,13.589831313466272,baseline
1992,9825,2318,16561760894976.0,13.21910651036642,baseline
1993,9827,5435,8389620400128.0,12.923742311024254,baseline
1995,9835,319,95636196163584.0,13.980622294147857,baseline
1997,9843,2581,18481261051904.0,13.266731601580954,baseline
1999,9853,150,88344214110208.0,13.946178111711578,baseline
2001,9862,4046,10475932745728.0,13.02019270164199,baseline
2002,9864,568,62956708560896.0,13.799042014598683,baseline
2005,9882,1139,35410260525056.0,13.549129122018716,baseline
2007,9888,61662,890547208192.0,11.949656946498711,baseline
2011,9915,3023,9574306283520.0,12.981107316514947,baseline
2012,9920,424,75413711749120.0,13.877450316633473,baseline
2013,9924,2054,22546013487104.0,13.353069762462006,baseline
2014,9926,107,187167024349184.0,14.272229335830058,baseline
2016,9940,1646,25289102983168.0,13.402933424980256,baseline
2018,9952,2365,17084703571968.0,13.232607447976726,baseline
2019,9958,783,54372062986240.0,13.735375811326948,baseline
2020,9960,371,79526629474304.0,13.900512576420692,baseline
2021,9964,481,56581853020160.0,13.752677166225473,baseline
2022,9969,1184,34884101865472.0,13.542627546008278,baseline
2023,9971,2529,17889549615104.0,13.252599406965516,baseline
2024,9974,14001,3644823175168.0,12.561676463816802,baseline
2025,9978,1060,33746575163392.0,13.52822970418592,baseline
2026,9980,2150,21033320972288.0,13.322907849294582,baseline
2028,9984,381,49719699046400.0,13.69652849119078,baseline
2029,9987,11637,3751791558656.0,12.574238701924475,baseline
2031,9994,801,42187903467520.0,13.625187943606322,baseline
2032,9997,530,71088553852928.0,13.851799679510531,baseline
2036,10015,6794,5431018651648.0,12.734881294284785,baseline
2042,10048,54,314248664186880.0,14.497273440256166,baseline
2043,10050,2935,13169447665664.0,13.119567560779211,baseline
2044,10055,7435,6351255240704.0,12.802859566274249,baseline
2045,10058,308,100990426546176.0,14.004280206503156,baseline
2051,10083,261,103206847774720.0,14.01370851368762,baseline
2052,10086,0,1535789976518656.0,15.186331828797393,baseline
2053,10089,5,733527398154240.0,14.865416339917514,baseline
2055,10099,27551,1836076105728.0,12.26389067883292,baseline
2057,10104,722,49357130825728.0,13.693349905831289,baseline
2058,10105,16472,3147749130240.0,12.498000112602549,baseline
2060,10116,60,290497797029888.0,14.463142843296431,baseline
2062,10122,1649,26776988286976.0,13.427761728616955,baseline
2063,10125,458,69916229107712.0,13.844577996830647,baseline
2064,10126,605,61406233755648.0,13.788212461503669,baseline
2065,10128,833,25827265740800.0,13.412078431084751,baseline
2066,10131,77,230889556541440.0,14.363404289612728,baseline
2067,10136,1748,23363588194304.0,13.368539542777487,baseline
2068,10137,6697,5436702457856.0,12.7353355654006,baseline
2069,10141,437,84636801695744.0,13.92755924363093,baseline
2070,10145,372,95095382605824.0,13.978159430107814,baseline
2072,10152,3211,13532490891264.0,13.131377743439057,baseline
2074,10160,2691,16641920335872.0,13.221203438730727,baseline
2075,10164,95,183994033373184.0,14.264803739775209,baseline
2076,10165,1884,22378010640384.0,13.349821476012478,baseline
2077,10168,320,107388266872832.0,14.030956833405009,baseline
2078,10172,1476,22847502155776.0,13.358838726976556,baseline
2079,10174,793,33260883148800.0,13.52193377649981,baseline
2080,10176,237,74851809230848.0,13.874202302066884,baseline
2081,10179,207,96327551680512.0,13.983750522134436,baseline
2082,10182,962,34999956930560.0,13.544067509926515,baseline
2087,10216,898,48686457421824.0,13.687408175077296,baseline
2089,10223,38,128062117117952.0,14.107420677287024,baseline
2090,10227,327,99669908652032.0,13.998564060228068,baseline
2091,10229,7561,5935467593728.0,12.773454938181365,baseline
2092,10232,15,497315974479872.0,14.696632409598273,baseline
2093,10237,1382,25363210043392.0,13.404204218291206,baseline
2094,10238,3383,13868498681856.0,13.142029449575393,baseline
2097,10251,27,456104488206336.0,14.659064345851233,baseline
2098,10255,18,407155215695872.0,14.609760002516866,baseline
2099,10258,5343,8125443211264.0,12.90984705936864,baseline
2100,10261,51,316146536415232.0,14.499888428205248,baseline
2102,10267,8408,6334255202304.0,12.801695556781343,baseline
2103,10269,1682,24637930995712.0,13.391604234544618,baseline
2104,10270,703,55955853148160.0,13.747845521731092,baseline
2105,10271,624,47573284945920.0,13.677363140585983,baseline
2107,10276,8547,3501029588992.0,12.544195781225373,baseline
2108,10278,873,49302953000960.0,13.692872932129449,baseline
2111,10293,719,52121881804800.0,13.71702008706141,baseline
2112,10296,1502,28631336222720.0,13.456841616991632,baseline
2113,10301,1010,43189637480448.0,13.63537955873836,baseline
2114,10304,1274,22666945757184.0,13.355393005342108,baseline
2115,10306,11,547336941993984.0,14.738254761430827,baseline
2117,10315,812,24729859653632.0,13.39322165166958,baseline
2118,10320,394,76312400101376.0,13.882595112765458,baseline
2119,10321,202,158652518367232.0,14.200446970254973,baseline
2120,10323,4157,9742687666176.0,12.988678780038216,baseline
2122,10330,2813,12571470987264.0,13.099386097437336,baseline
2123,10331,2244,21134307229696.0,13.324988016477729,baseline
2125,10340,2529,17889549615104.0,13.252599406965516,baseline
2126,10342,44921,1212044410880.0,12.083518533235184,baseline
2127,10347,1839,20663026843648.0,13.315193939894554,baseline
2128,10349,606,66377327050752.0,13.822019759815856,baseline
2129,10351,317,108471882088448.0,14.035317175636992,baseline
2131,10358,1265,35933109878784.0,13.555494805424765,baseline
2134,10369,3734,13069813022720.0,13.116269374590354,baseline
2135,10372,370,105982210342912.0,14.025232972828052,baseline
2136,10375,293,100814081228800.0,14.003521196522817,baseline
2137,10381,1326,32969087516672.0,13.51810692736887,baseline
2138,10382,22468,2043072086016.0,12.31028369017952,baseline
2139,10386,3386,13819412742144.0,13.14048958802622,baseline
2140,10387,189,142160531816448.0,14.1527790394773,baseline
2141,10390,46,176415714574336.0,14.246537268148105,baseline
2143,10397,81,272367582445568.0,14.43515541600576,baseline
2146,10407,3024,11935994085376.0,13.0768585949234,baseline
2148,10412,115,127064946507776.0,14.104025757966165,baseline
2149,10414,6742,5023572426752.0,12.701012668029207,baseline
2152,10428,1848,24820431454208.0,13.394809326580646,baseline
2153,10431,78,260628933509120.0,14.416022626901675,baseline
2154,10435,340,114998093283328.0,14.060690639628444,baseline
2155,10437,18656,2461002366976.0,12.3911120314046,baseline
2156,10438,2454,14265810419712.0,13.154296448324786,baseline
2158,10449,489,63187059736576.0,13.80062814694668,baseline
2159,10451,15193,2653903650816.0,12.42388515188241,baseline
2160,10452,254,110979648061440.0,14.04524334324606,baseline
2161,10453,0,1535789976518656.0,15.186331828797393,baseline
2162,10455,1554,27429380816896.0,13.438216004074071,baseline
2163,10460,180,142675005145088.0,14.154347896882348,baseline
2165,10464,1358,30948630462464.0,13.490641435399606,baseline
2166,10466,416,90803720421376.0,13.958103642853386,baseline
2167,10469,1130,39711770935296.0,13.598919254736447,baseline
2168,10474,7941,4906357358592.0,12.69075917721982,baseline
2170,10478,2,1033314370584576.0,15.014232469282954,baseline
2171,10480,69,269337868894208.0,14.43029741949233,baseline
2172,10483,24,367364893835264.0,14.565097651855222,baseline
2173,10485,1295,17417087483904.0,13.240975533253645,baseline
2174,10490,35,381228075188224.0,14.581184876358591,baseline
2175,10491,946,50929000775680.0,13.706965155424845,baseline
2177,10502,795,52661088944128.0,13.721489835353722,baseline
2178,10506,6595,6665866838016.0,12.82385663364307,baseline
2180,10513,10,635853466501120.0,14.803357043286407,baseline
2182,10522,442,78141225697280.0,13.89288021914101,baseline
2183,10525,4869,8808959049728.0,12.944924591082993,baseline
2186,10539,2,1033314370584576.0,15.014232469282954,baseline
2187,10541,2,1033314370584576.0,15.014232469282954,baseline
2189,10553,18241,2018280341504.0,12.304981490103165,baseline
2190,10555,307,100631763222528.0,14.00273508226059,baseline
2191,10559,2104,22701823492096.0,13.356060742688664,baseline
2192,10561,87,78567408926720.0,13.895242430790525,baseline
2197,10590,102,98802778243072.0,13.994769156719933,baseline
2199,10596,2,1033314370584576.0,15.014232469282954,baseline
2200,10599,72,275153237835776.0,14.439574627690288,baseline
2201,10601,1321,24956794568704.0,13.397188804146593,baseline
2204,10615,218,121661835706368.0,14.085154365070611,baseline
2206,10622,866,43967274024960.0,13.6431295401565,baseline
2209,10633,99,137743803875328.0,14.139072072109837,baseline
2210,10636,5,733527398154240.0,14.865416339917514,baseline
2211,10638,1628,14546756435968.0,13.162766167273997,baseline
2212,10642,510,77027050782720.0,13.886643269881056,baseline
2214,10655,353,86192754262016.0,13.93547075867522,baseline
2215,10658,7440,6952322072576.0,12.842129882989312,baseline
2216,10661,928,41442772779008.0,13.61744880470864,baseline
2218,10667,327,99669908652032.0,13.998564060228068,baseline
2219,10670,2560,17716310179840.0,13.248373275372805,baseline
2220,10674,93,235066697449472.0,14.371191105780005,baseline
2222,10683,9611,4836120592384.0,12.68449712179046,baseline
2223,10686,33,369590794190848.0,14.56772114522689,baseline
2225,10692,2653,7268410589184.0,12.861439452425255,baseline
2226,10693,40,235068089958400.0,14.371193678484511,baseline
2229,10708,2600,15371288444928.0,13.186710272253814,baseline
2231,10714,50,338210588721152.0,14.529187200397084,baseline
2232,10719,3,899670222045184.0,14.95408334611498,baseline
2233,10720,240,70644460945408.0,13.849078115580904,baseline
2234,10723,30,389327343321088.0,14.590314906252068,baseline
2235,10724,365,96600407932928.0,13.984978960397331,baseline
2237,10732,46,176415714574336.0,14.246537268148105,baseline
2239,10743,52,275655178584064.0,14.440366155746386,baseline
2240,10745,4155,8781599604736.0,12.94357363165041,baseline
2242,10750,180,142675005145088.0,14.154347896882348,baseline
2246,10764,308,100990426546176.0,14.004280206503156,baseline
2247,10766,3243,8124430811136.0,12.90979294451347,baseline
2250,10779,7872,6210549972992.0,12.79313006066928,baseline
2251,10783,435,70737238949888.0,13.849648104217357,baseline
2253,10788,161,170170278477824.0,14.230883709566198,baseline
2254,10790,19,467371865145344.0,14.669662565180955,baseline
2255,10791,1203,37577016999936.0,13.574922301259804,baseline
2256,10792,3756,11476305707008.0,13.059802108508984,baseline
2257,10795,1719,21550073905152.0,13.333448763895577,baseline
2260,10806,0,1535789976518656.0,15.186331828797393,baseline
2261,10808,72,275153237835776.0,14.439574627690288,baseline
2262,10811,258,114313599647744.0,14.058097900567022,baseline
2266,10830,5901,6180921409536.0,12.791053221569202,baseline
2268,10837,1,1307340129173504.0,15.116388592175756,baseline
2270,10842,618,61449854517248.0,13.78852085902994,baseline
2272,10852,6340,4081474076672.0,12.610817042439248,baseline
2274,10861,7077,7248274784256.0,12.860234649214012,baseline
2277,10874,161,170170278477824.0,14.230883709566198,baseline
2279,10882,16755,2809657819136.0,12.448653431538558,baseline
2282,10898,412,81883476000768.0,13.913196270432948,baseline
2284,10905,1568,29379719593984.0,13.4680476464792,baseline
2286,10910,502,61252621565952.0,13.787124680910242,baseline
2287,10913,5,733527398154240.0,14.865416339917514,baseline
2289,10918,4567,10449785454592.0,13.019107374002738,baseline
2290,10919,259,112847262580736.0,14.052491028540052,baseline
2291,10921,9077,4486921191424.0,12.6519484416235,baseline
2292,10923,1875,24767551766528.0,13.39388307938212,baseline
2293,10925,13,553877338324992.0,14.743413596521044,baseline
2294,10928,411,84143316664320.0,13.92501962653793,baseline
2295,10930,85,123098057670656.0,14.090251200375905,baseline
2296,10934,31,390177377746944.0,14.591262085651834,baseline
2297,10938,408,82125034356736.0,13.914475564253532,baseline
2298,10942,356,95938353823744.0,13.981992262270406,baseline
2300,10949,265,116946104221696.0,14.067985758909591,baseline
2301,10950,101,121944716345344.0,14.086162987825046,baseline
2302,10952,6187,7739406811136.0,12.88870767534404,baseline
2303,10955,21,382146090893312.0,14.582229421392803,baseline
2304,10958,2901,15494228738048.0,13.190169963076348,baseline
2305,10961,4161,11766052421632.0,13.070630778980442,baseline
2307,10967,115,127064946507776.0,14.104025757966165,baseline
2308,10968,8939,4274898862080.0,12.630925844406846,baseline
2310,10976,507,68217351438336.0,13.83389485376905,baseline
2311,10978,782,49241841991680.0,13.692334290235314,baseline
2315,10994,2601,15617415446528.0,13.193609163332276,baseline
2316,10996,49,324038740148224.0,14.510596934980796,baseline
2317,10999,1587,22334144512000.0,13.348969321892556,baseline
2318,11000,1393,23691681333248.0,13.37459588249741,baseline
2320,11005,64,279798244966400.0,14.446844986053598,baseline
2321,11008,1697,25339753398272.0,13.403802384095536,baseline
2322,11010,12623,3738577928192.0,12.572706437659184,baseline
2323,11012,3646,9733089001472.0,12.988250694676257,baseline
2325,11021,4844,6443161878528.0,12.809099042733632,baseline
2326,11022,9272,4012285362176.0,12.60339181338406,baseline
2327,11023,67,278848855867392.0,14.445368866896445,baseline
2329,11031,223,131011845292032.0,14.117310563689344,baseline
2331,11040,166,154801711087616.0,14.189775756810716,baseline
2332,11045,1493,33249468350464.0,13.521784705449477,baseline
2334,11051,239,113186665660416.0,14.053795266329251,baseline
2336,11056,527,70330672480256.0,13.847144770023505,baseline
2337,11057,133,198890708008960.0,14.29861449375943,baseline
2339,11061,723,42922057662464.0,13.632680533658156,baseline
2342,11072,217,144810090430464.0,14.160798824745036,baseline
2343,11074,821,45085274144768.0,13.654034714782885,baseline
2346,11086,602,64531443220480.0,13.80977137804191,baseline
2347,11087,5,733527398154240.0,14.865416339917514,baseline
2348,11088,852,25859515744256.0,13.412620387846518,baseline
2350,11093,676,59100150890496.0,13.77158858969388,baseline
2351,11094,17,416661488271360.0,14.619783360778436,baseline
2357,11120,37,197666877210624.0,14.2959339012316,baseline
2358,11124,80,193627108147200.0,14.286966159246084,baseline
2362,11141,1944,25524835450880.0,13.406962951032986,baseline
2363,11143,179,150488372740096.0,14.177502946110009,baseline
2365,11150,80,193627108147200.0,14.286966159246084,baseline
2366,11155,2343,20930908651520.0,13.32078808231744,baseline
2367,11156,211,129321414950912.0,14.111670447733609,baseline
2368,11158,3072,5178029244416.0,12.714164498909328,baseline
2369,11159,34,367825831067648.0,14.565642224891787,baseline
2373,11176,771,34327614193664.0,13.53564362053812,baseline
2375,11182,4524,9033645817856.0,12.955863059175776,baseline
2377,11194,1065,20960482689024.0,13.321401279588686,baseline
2378,11197,218,121661835706368.0,14.085154365070611,baseline
2379,11200,30,389327343321088.0,14.590314906252068,baseline
2380,11202,90,239398222299136.0,14.37912092113914,baseline
2381,11206,523,70654569218048.0,13.849140252837351,baseline
2382,11209,588,64427017633792.0,13.809068028053392,baseline
2384,11217,4398,11067552956416.0,13.044051608683343,baseline
2386,11223,1039,17952361414656.0,13.254121582825332,baseline
2388,11229,1143,21088054542336.0,13.324036516178564,baseline
2389,11230,231,121593208504320.0,14.084909318427938,baseline
2390,11235,1739,16907610619904.0,13.22808223752614,baseline
2391,11239,39750,1269997895680.0,12.103803001353342,baseline
2393,11245,66,243409721753600.0,14.386337919907303,baseline
2394,11249,14814,3143330430976.0,12.497390037017128,baseline
2395,11251,1692,10293136588800.0,13.012547735854486,baseline
2398,11261,376,86114236891136.0,13.935074957401708,baseline
2399,11263,24,367364893835264.0,14.565097651855222,baseline
2400,11264,17357,2701609402368.0,12.431622559098123,baseline
2401,11265,39,334133456797696.0,14.523919963740935,baseline
2403,11269,3382,13388370411520.0,13.126727719330631,baseline
2404,11270,44,332506201063424.0,14.521799749075257,baseline
2406,11277,142,146151143636992.0,14.164802218073827,baseline
2407,11280,4,841819696922624.0,14.925219083166256,baseline
2408,11282,387,88921576833024.0,13.949007155374336,baseline
2409,11283,4531,6238405918720.0,12.79507362988325,baseline
2412,11292,94,141371298021376.0,14.15036124555552,baseline
2413,11294,94,141371298021376.0,14.15036124555552,baseline
2414,11298,328,86779596111872.0,13.938417624511867,baseline
2417,11309,341,95518411718656.0,13.980087092391258,baseline
2419,11315,464,80022396207104.0,13.90321155184105,baseline
2420,11318,211,129321414950912.0,14.111670447733609,baseline
2421,11321,9,641211639529472.0,14.807001397240343,baseline
2422,11326,175,148736479068160.0,14.172417496531809,baseline
2424,11333,148,122913483128832.0,14.089599525907348,baseline
2425,11336,231,121593208504320.0,14.084909318427938,baseline
2426,11338,176,137337300320256.0,14.137788506087608,baseline
2427,11340,297,98328016584704.0,13.992677278915956,baseline
2428,11343,74,205864174616576.0,14.313580775369577,baseline
2429,11345,147,187930807107584.0,14.273997978930446,baseline
2430,11347,390,71213359562752.0,13.852561474537506,baseline
2431,11350,62,174374598475776.0,14.241483220589254,baseline
2433,11358,3730,10941682941952.0,13.0390841260368,baseline
2434,11360,1121,34540905037824.0,13.538333712727198,baseline
2436,11367,161,170170278477824.0,14.230883709566198,baseline
2438,11374,1642,14803855736832.0,13.170374844255884,baseline
2439,11376,124,178725417123840.0,14.252186319330942,baseline
2440,11378,2884,11485962043392.0,13.060167376774276,baseline
2441,11379,440,72182579331072.0,13.858432396831793,baseline
2444,11389,1,1307340129173504.0,15.116388592175756,baseline
2447,11402,55,242969403719680.0,14.385551587868612,baseline
2449,11412,193,98666782130176.0,13.994170964567004,baseline
2450,11414,156,170201618317312.0,14.23096368514303,baseline
2452,11426,3430,13386115973120.0,13.126654583275272,baseline
2453,11429,198,133830543409152.0,14.1265552413859,baseline
2454,11434,1001,38597696684032.0,13.586561388939597,baseline
2455,11435,1833,20685145505792.0,13.315658580205682,baseline
2457,11442,3022,13873717444608.0,13.142192845310037,baseline
2458,11444,407,75625037561856.0,13.878665603368333,baseline
2461,11458,1096,37118684430336.0,13.569592575446327,baseline
2463,11465,160,171195450261504.0,14.233492218562052,baseline
2465,11474,82,135533791543296.0,14.132047587839036,baseline
2468,11489,1512,30098759614464.0,13.47854859846117,baseline
2469,11493,762,53261860077568.0,13.726416329345088,baseline
2470,11498,5119,9190134251520.0,12.963321855702592,baseline
2472,11509,6334,7792403415040.0,12.891671428006932,baseline
2474,11514,12936,3925902360576.0,12.593939494247593,baseline
2476,11526,707,54530980970496.0,13.73664331038151,baseline
2477,11528,37,197666877210624.0,14.2959339012316,baseline
2478,11531,40,235068089958400.0,14.371193678484511,baseline
2479,11533,88,223381030961152.0,14.349046290987864,baseline
2480,11535,93,235066697449472.0,14.371191105780005,baseline
2481,11538,479,74532631085056.0,13.872346452580745,baseline
2486,11559,4,841819696922624.0,14.925219083166256,baseline
2489,11567,919,41157715296256.0,13.614451258661624,baseline
2490,11570,698,56846442299392.0,13.754703289813715,baseline
2491,11572,126,188105843802112.0,14.274402287796992,baseline
2492,11574,207,96327551680512.0,13.983750522134436,baseline
2493,11577,5227,1637608456192.0,12.214210072246072,baseline
2497,11593,56,296168328265728.0,14.47153861395946,baseline
2498,11595,594,68042126000128.0,13.832777874836172,baseline
2499,11600,5050,9466995015680.0,12.976212148463818,baseline
2500,11604,25,219906721185792.0,14.342238503254803,baseline
2502,11614,194,118452362674176.0,14.073543727668524,baseline
2508,11641,1856,24837718278144.0,13.395111696789312,baseline
2510,11650,16288,2978580529152.0,12.474009346215482,baseline
2511,11652,169,152895567691776.0,14.184394895779198,baseline
2514,11665,4053,6660045144064.0,12.823477172976824,baseline
2516,11673,218,121661835706368.0,14.085154365070611,baseline
2517,11674,96,214734724923392.0,14.331902280221906,baseline
2520,11687,1024,38744426020864.0,13.588209231422884,baseline
2521,11690,2907,14072091246592.0,13.148358642521243,baseline
2522,11692,126,188105843802112.0,14.274402287796992,baseline
2523,11693,74,205864174616576.0,14.313580775369577,baseline
2525,11702,7727,5018087325696.0,12.70053821471831,baseline
2526,11706,886,41322236870656.0,13.616183822873923,baseline
2527,11708,545,49718398812160.0,13.696517133681578,baseline
2528,11709,4776,10271374442496.0,13.011628561693929,baseline
2529,11712,6324,7240805253120.0,12.859786866962304,baseline
2530,11714,6308,5947876966400.0,12.7743619764326,baseline
2534,11728,16766,2763770036224.0,12.441501904058947,baseline
2535,11730,6358,6303403474944.0,12.79957510679777,baseline
2536,11732,554,70259662913536.0,13.84670606183599,baseline
2540,11750,15,497315974479872.0,14.696632409598273,baseline
2541,11751,6855,6446177058816.0,12.809302230219242,baseline
2542,11752,499,50880686587904.0,13.70655296308309,baseline
2543,11755,7159,6128110403584.0,12.787326580912309,baseline
2545,11761,68,276792942264320.0,14.442155012176563,baseline
2546,11762,465,72803009167360.0,13.86214933038132,baseline
2548,11767,14854,3008754876416.0,12.478386807163051,baseline
2549,11773,80,193627108147200.0,14.286966159246084,baseline
2554,11797,639,61046635102208.0,13.785661730577091,baseline
2557,11807,12542,3865750274048.0,12.587233795345425,baseline
2561,11825,2097,15193193054208.0,13.181649056291567,baseline
2563,11834,124,178725417123840.0,14.252186319330942,baseline
2565,11843,3275,13886980882432.0,13.142607837629642,baseline
2568,11855,5,733527398154240.0,14.865416339917514,baseline
2569,11858,354,97267235160064.0,13.987966571146448,baseline
2571,11865,296,79690131832832.0,13.901404545287091,baseline
2572,11868,1678,24684470992896.0,13.392423824392171,baseline
2573,11871,3097,13214222909440.0,13.121041628605433,baseline
2574,11872,33,369590794190848.0,14.56772114522689,baseline
2581,11910,758,51911076085760.0,13.715260031638698,baseline
2582,11911,52,275655178584064.0,14.440366155746386,baseline
2584,11916,4776,10271374442496.0,13.011628561693929,baseline
2586,11925,642,40866697707520.0,13.61136954533711,baseline
2587,11928,716,60128938164224.0,13.77908353457076,baseline
2589,11936,7513,6031525543936.0,12.780427171430244,baseline
2590,11939,214,138947200024576.0,14.142849799575943,baseline
2591,11940,5,733527398154240.0,14.865416339917514,baseline
2593,11945,9888,4976014262272.0,12.696881616461129,baseline
2595,11954,35914,1461106507776.0,12.164681875108451,baseline
2596,11956,522,73626208436224.0,13.86703243598364,baseline
2597,11958,13,553877338324992.0,14.743413596521044,baseline
2599,11963,2644,16629153923072.0,13.22087015325508,baseline
2601,11971,55,242969403719680.0,14.385551587868612,baseline
2603,11977,2272,15787550048256.0,13.198314740326456,baseline
2604,11981,4195,10513681481728.0,13.021754815670487,baseline
2606,11985,368,88182574022656.0,13.945382771599856,baseline
2607,11986,1107,28071425998848.0,13.448264474896664,baseline
2611,12002,777,51981146128384.0,13.715845850996953,baseline
2612,12004,618,61449854517248.0,13.78852085902994,baseline
2613,12008,5389,7119389065216.0,12.85244272720577,baseline
2614,12009,36703,1472001605632.0,12.16790828372209,baseline
2615,12010,343,105406022025216.0,14.02286542356733,baseline
2617,12018,237,74851809230848.0,13.874202302066884,baseline
2619,12024,662,55736126144512.0,13.746136780442464,baseline
2620,12027,90,239398222299136.0,14.37912092113914,baseline
2621,12030,9,641211639529472.0,14.807001397240343,baseline
2622,12035,3440,12323204890624.0,13.09072366929808,baseline
2623,12039,285,131206410665984.0,14.117955054924138,baseline
2626,12053,1682,24637930995712.0,13.391604234544618,baseline
2627,12056,206,115317153988608.0,14.061893915520756,baseline
2629,12063,102,98802778243072.0,13.994769156719933,baseline
2631,12072,987,23991269982208.0,13.380053238033137,baseline
2633,12078,97,228157068148736.0,14.358233927460835,baseline
2634,12081,6724,5030905643008.0,12.701646172005685,baseline
2635,12084,1444,28054269198336.0,13.44799896000209,baseline
2636,12086,133,198890708008960.0,14.29861449375943,baseline
2638,12091,239,113186665660416.0,14.053795266329251,baseline
2639,12095,708,33299906953216.0,13.522443019999974,baseline
2640,12096,8,398251614273536.0,14.600157544846471,baseline
2641,12099,5435,8389620400128.0,12.923742311024254,baseline
2642,12101,91,164138567335936.0,14.21521063841577,baseline
2643,12105,317,108471882088448.0,14.035317175636992,baseline
2644,12107,3705,6922917380096.0,12.840289148658597,baseline
2647,12120,1638,18044346695680.0,13.2563411628379,baseline
2649,12131,2142,21081245089792.0,13.323896257378152,baseline
2650,12135,1910,20806440583168.0,13.31819779057652,baseline
2651,12139,566,76039434797056.0,13.881038880084096,baseline
2652,12140,2095,21611373658112.0,13.33468237230564,baseline
2653,12141,229,144828495036416.0,14.160854017797469,baseline
2655,12149,2735,16947292930048.0,13.22910033620078,baseline
2656,12151,9267,2654284546048.0,12.423947478496158,baseline
2657,12154,1653,25968420847616.0,13.41444554077222,baseline
2659,12158,2083,20404307492864.0,13.309721859725244,baseline
2660,12162,2821,13083530493952.0,13.11672495095704,baseline
2661,12164,5264,8396161417216.0,12.924080779354425,baseline
2662,12166,1534,30090446503936.0,13.478428632165366,baseline
2666,12188,6022,8443615772672.0,12.926528462484391,baseline
2667,12190,550,57694941609984.0,13.76113773816142,baseline
2668,12193,5154,8908629344256.0,12.949810889893556,baseline
2671,12202,4468,8657600774144.0,12.937397555422184,baseline
2674,12214,321,68799856377856.0,13.8375875316313,baseline
2676,12223,261,103206847774720.0,14.01370851368762,baseline
2677,12224,44,332506201063424.0,14.521799749075257,baseline
2678,12228,340,114998093283328.0,14.060690639628444,baseline
2679,12232,138,156064733462528.0,14.193304774984238,baseline
2680,12236,6695,5663950372864.0,12.753119439440589,baseline
2683,12246,1852,24515870457856.0,13.389447317869053,baseline
2685,12253,4,841819696922624.0,14.925219083166256,baseline
2691,12284,3576,11290149912576.0,13.052699708600988,baseline
2693,12289,4,841819696922624.0,14.925219083166256,baseline
2694,12291,2014,24412074016768.0,13.387604678056029,baseline
2699,12314,205,93913033474048.0,13.972725868869531,baseline
2700,12315,186,144609837580288.0,14.160197838335472,baseline
2701,12318,1737,13172439252992.0,13.119666204424464,baseline
2702,12319,8161,5808169418752.0,12.764039275831848,baseline
2703,12322,259,112847262580736.0,14.052491028540052,baseline
2706,12333,432,71766454042624.0,13.855921488411973,baseline
2707,12335,179,150488372740096.0,14.177502946110009,baseline
2709,12342,5329,9245850337280.0,12.965946859227577,baseline
2710,12346,275,100861292314624.0,14.003724528383044,baseline
2713,12362,354,97267235160064.0,13.987966571146448,baseline
2716,12377,277,111711847710720.0,14.048099235089907,baseline
2721,12398,10343,4609045692416.0,12.663611013584656,baseline
2722,12401,356,95938353823744.0,13.981992262270406,baseline
2723,12403,264,60795924774912.0,13.783874468958846,baseline
2725,12410,1336,26570152476672.0,13.424394046679277,baseline
2726,12412,203,165268915486720.0,14.21819117721292,baseline
2728,12421,24792,1686270377984.0,12.226927211007627,baseline
2729,12424,870,50411692097536.0,13.702531275027706,baseline
2730,12425,116,198077717676032.0,14.296835623268862,baseline
2732,12436,131,185050360446976.0,14.267289935364555,baseline
2736,12454,369,93300698644480.0,13.969884895796945,baseline
2737,12455,1701,25694396481536.0,13.409838421288878,baseline
2741,12473,53,184230525009920.0,14.265361589731892,baseline
2742,12476,268,101358334115840.0,14.00585946404741,baseline
2746,12486,3451,12889501990912.0,13.110236137929274,baseline
2749,12497,521,66945118371840.0,13.82571891381303,baseline
2751,12504,3264,12086035873792.0,13.082283878987962,baseline
2752,12507,67,278848855867392.0,14.445368866896445,baseline
2753,12511,149,134479007973376.0,14.128654496733631,baseline
2755,12519,37,197666877210624.0,14.2959339012316,baseline
2756,12522,454,64366418329600.0,13.808659343477768,baseline
2757,12526,8,398251614273536.0,14.600157544846471,baseline
2758,12527,354,97267235160064.0,13.987966571146448,baseline
2760,12533,493,65074223906816.0,13.813408997296108,baseline
2763,12544,251,119521037778944.0,14.077444355385916,baseline
2764,12545,4,841819696922624.0,14.925219083166256,baseline
2765,12548,10583,2376021311488.0,12.375850331688,baseline
2767,12554,1973,13659225980928.0,13.135426090140832,baseline
2768,12556,23,392225506721792.0,14.593535832749234,baseline
2770,12562,20,431286791438336.0,14.63476615767462,baseline
2771,12564,227,121109320040448.0,14.083177565821742,baseline
2772,12567,70,258570536878080.0,14.412579037171405,baseline
2773,12570,6,459285179924480.0,14.662082431960792,baseline
2775,12574,23,392225506721792.0,14.593535832749234,baseline
2778,12584,5626,8616376008704.0,12.93532464281339,baseline
2779,12588,2720,15832395546624.0,13.199546631474378,baseline
2780,12589,129,112128929300480.0,14.04971767517024,baseline
2781,12591,1787,21646186381312.0,13.335381393555847,baseline
2784,12600,3974,12209747918848.0,13.086706697639933,baseline
2785,12603,3504,13623153917952.0,13.134277663420864,baseline
2786,12607,3022,13873717444608.0,13.142192845310037,baseline
2787,12609,8305,4978721685504.0,12.69711784954757,baseline
2789,12614,2059,22282026090496.0,13.347954678418915,baseline
2790,12618,598,61187324641280.0,13.786661464490484,baseline
2791,12619,32,390393736724480.0,14.59150284145414,baseline
2792,12622,129,112128929300480.0,14.04971767517024,baseline
2793,12623,333,84277794439168.0,13.925713161541752,baseline
2794,12625,5050,9466995015680.0,12.976212148463818,baseline
2797,12640,1440,24354393948160.0,13.386577326753418,baseline
2798,12643,2309,16126412062720.0,13.207537752714924,baseline
2799,12646,4019,9575155630080.0,12.98114584151645,baseline
2800,12647,36648,1610674470912.0,12.207007775197514,baseline
2802,12656,316,45303621222400.0,13.656132917554787,baseline
2803,12657,623,29950327390208.0,13.47640157407036,baseline
2804,12662,95,183994033373184.0,14.264803739775209,baseline
2805,12665,6580,7796270039040.0,12.891886873343724,baseline
2807,12672,3326,11175944257536.0,13.048284226972903,baseline
2809,12677,2622,17974849175552.0,13.254665254965891,baseline
2811,12687,357,94136631820288.0,13.973758655325671,baseline
2812,12689,2324,16698445922304.0,13.222676054454553,baseline
2813,12691,11543,2544680042496.0,12.40563318372035,baseline
2814,12693,7108,6187849351168.0,12.791539731861064,baseline
2815,12697,174,128181143076864.0,14.107824140159272,baseline
2816,12699,20,431286791438336.0,14.63476615767462,baseline
2818,12709,220,128017598775296.0,14.107269676879309,baseline
2819,12711,1485,29046704439296.0,13.463096865641392,baseline
2820,12712,30791,1728138444800.0,12.237578531779576,baseline
2822,12720,3874,10916599955456.0,13.038087395647908,baseline
2823,12723,23512,2081881980928.0,12.318456106305886,baseline
2826,12735,1311,29406384881664.0,13.46844163714061,baseline
2829,12750,62,174374598475776.0,14.241483220589254,baseline
2830,12752,337,96431452979200.0,13.984218710535105,baseline
2831,12754,3042,10405567004672.0,13.017265750121032,baseline
2832,12755,100,179395750789120.0,14.253812152026397,baseline
2833,12758,276,106887039156224.0,14.028925046984387,baseline
2835,12765,48,324151516594176.0,14.510748057859148,baseline
2838,12783,31,390177377746944.0,14.591262085651834,baseline
2839,12784,116,198077717676032.0,14.296835623268862,baseline
2840,12788,4054,10795182194688.0,13.033229976497012,baseline
2841,12790,9,641211639529472.0,14.807001397240343,baseline
2842,12793,227,121109320040448.0,14.083177565821742,baseline
2844,12801,1030,37313014923264.0,13.571860341821226,baseline
2845,12803,4281,10763190140928.0,13.031941012525577,baseline
2846,12805,367,99850288889856.0,13.999349325722385,baseline
2848,12811,9457,5037076512768.0,12.70217854780442,baseline
2850,12819,237,74851809230848.0,13.874202302066884,baseline
2851,12822,7,581220677189632.0,14.764341056124303,baseline
2852,12825,1822,21864581693440.0,13.33974117296976,baseline
2854,12832,254,110979648061440.0,14.04524334324606,baseline
2855,12834,64,279798244966400.0,14.446844986053598,baseline
2856,12837,8,398251614273536.0,14.600157544846471,baseline
2860,12850,607,60780804308992.0,13.783766442776596,baseline
2862,12855,565,71945399828480.0,13.857003030475877,baseline
2863,12857,2787,13632294354944.0,13.134568955015622,baseline
2864,12860,217,144810090430464.0,14.160798824745036,baseline
2866,12865,1616,27386347257856.0,13.437534110693337,baseline
2867,12867,4567,10449785454592.0,13.019107374002738,baseline
2868,12868,6060,5361365417984.0,12.729275408718618,baseline
2872,12892,776,50299037286400.0,13.701559672825208,baseline
2873,12894,3674,12154756399104.0,13.084746259305636,baseline
2875,12902,1641,17655266279424.0,13.246874272044254,baseline
2876,12904,150,88344214110208.0,13.946178111711578,baseline
2878,12909,1086,33712083304448.0,13.527785591431366,baseline
2879,12910,82,135533791543296.0,14.132047587839036,baseline
2880,12911,723,42922057662464.0,13.632680533658156,baseline
2882,12922,193,98666782130176.0,13.994170964567004,baseline
2883,12925,217,144810090430464.0,14.160798824745036,baseline
2885,12933,1,1307340129173504.0,15.116388592175756,baseline
2886,12935,1387,14754413281280.0,13.168921944180353,baseline
2890,12949,610,60040820031488.0,13.778446615162142,baseline
2891,12952,1,1307340129173504.0,15.116388592175756,baseline
2894,12961,7079,6132883521536.0,12.787664716450978,baseline
2895,12963,116,198077717676032.0,14.296835623268862,baseline
2897,12971,392,64449759150080.0,13.809221298726092,baseline
2899,12979,798,32031863996416.0,13.505582211839076,baseline
2902,12992,737,42574085619712.0,13.629145329222355,baseline
2904,13000,364,82055551516672.0,13.914107968832091,baseline
2905,13003,201,151025663082496.0,14.179050751188042,baseline
2906,13004,12883,3564818923520.0,12.552037474576856,baseline
2907,13006,141,114362085801984.0,14.058282067672582,baseline
2909,13013,2026,20392764768256.0,13.30947610965254,baseline
2911,13024,2395,17738649042944.0,13.248920541339231,baseline
2913,13029,455,74523831435264.0,13.872295174839584,baseline
2914,13032,2086,21952261521408.0,13.341479267889078,baseline
2915,13034,288,106871897718784.0,14.028863521203665,baseline
2917,13044,422,87033871597568.0,13.939688303022058,baseline
2918,13045,685,49596285845504.0,13.695449154369244,baseline
2919,13048,5947,7798509273088.0,12.892011592902488,baseline
2920,13050,675,57136910434304.0,13.756916753064406,baseline
2921,13054,1377,28852527038464.0,13.460183856687518,baseline
2922,13056,1021,42559158091776.0,13.628993028128336,baseline
2924,13063,1789,22208229408768.0,13.346513935016093,baseline
2925,13066,2255,21215601229824.0,13.326655343766792,baseline
2926,13070,2014,24412074016768.0,13.387604678056029,baseline
2928,13078,1037,39767383212032.0,13.59952701432104,baseline
2930,13083,708,33299906953216.0,13.522443019999974,baseline
2931,13085,780,45219990994944.0,13.655330471524456,baseline
2936,13109,1240,27727627288576.0,13.442912707674996,baseline
2938,13114,2724,14277213683712.0,13.154643459550815,baseline
2942,13133,291,91769182093312.0,13.962696861006464,baseline
2943,13137,28,471019466784768.0,14.673038856476026,baseline
2944,13138,5329,9245850337280.0,12.965946859227577,baseline
2946,13146,1028,38908347809792.0,13.590042789469258,baseline
2947,13148,764,54687277514752.0,13.737886303521826,baseline
2948,13150,567,82464420659200.0,13.916266612255749,baseline
2949,13153,2883,14846562140160.0,13.17162590035971,baseline
2955,13178,2969,13448936161280.0,13.128687932103588,baseline
2956,13180,7,581220677189632.0,14.764341056124303,baseline
2957,13183,170,86061992640512.0,13.934811397321257,baseline
2959,13190,1493,33249468350464.0,13.521784705449477,baseline
2962,13203,2599,15514943356928.0,13.190750194369524,baseline
2964,13210,525,57845856862208.0,13.762272258597758,baseline
2965,13213,1289,30400330072064.0,13.482878298993551,baseline
2966,13216,1007,44479826362368.0,13.648163083205011,baseline
2968,13222,1612,24210774687744.0,13.38400868606419,baseline
2969,13224,539,62603913068544.0,13.796601479711445,baseline
2970,13228,14222,3617388756992.0,12.558395184444183,baseline
2971,13231,5397,8472524488704.0,12.928012832781608,baseline
2973,13240,620,68789261565952.0,13.837520647441265,baseline
2976,13249,170,86061992640512.0,13.934811397321257,baseline
2978,13258,6950,6951307575296.0,12.842066505212063,baseline
2979,13261,17,416661488271360.0,14.619783360778436,baseline
2981,13265,1412,26058009083904.0,13.415941231142323,baseline
2983,13272,1025,41680170385408.0,13.61992948565834,baseline
2984,13276,214,138947200024576.0,14.142849799575943,baseline
2985,13277,409,73192534179840.0,13.864466784202415,baseline
2986,13279,22741,2272002572288.0,12.356408818733458,baseline
2987,13285,875,44372460568576.0,13.647113512145127,baseline
2989,13290,1288,31349608022016.0,13.496232115025116,baseline
2990,13294,39,334133456797696.0,14.523919963740935,baseline
2992,13299,39,334133456797696.0,14.523919963740935,baseline
2993,13302,11194,4285918609408.0,12.63204391943082,baseline
2994,13305,216,127733065580544.0,14.106303335323998,baseline
2997,13316,3459,9437530030080.0,12.974858346558015,baseline
3000,13327,374,88938211442688.0,13.949088391490458,baseline
3002,13334,787,57213552951296.0,13.757498918211928,baseline
3003,13336,2,1033314370584576.0,15.014232469282954,baseline
3004,13338,85,123098057670656.0,14.090251200375905,baseline
3006,13343,6589,7900990799872.0,12.89768155609244,baseline
3008,13349,241,116610618621952.0,14.066738099299023,baseline
3009,13352,5,733527398154240.0,14.865416339917514,baseline
3010,13353,709,43736008491008.0,13.640839145198424,baseline
3012,13362,1947,24587314135040.0,13.39071108994085,baseline
3013,13363,548,75069074178048.0,13.875461059774146,baseline
3015,13371,5731,6774541778944.0,12.83087992543484,baseline
3018,13380,1321,24956794568704.0,13.397188804146593,baseline
3022,13400,6290,7415469703168.0,12.87013866487666,baseline
3024,13409,183,182627713679360.0,14.261566682205684,baseline
3028,13428,639,61046635102208.0,13.785661730577091,baseline
3031,13436,118,192892568076288.0,14.28531549511078,baseline
3033,13440,7,581220677189632.0,14.764341056124303,baseline
3034,13442,3684,13495913414656.0,13.130202283299376,baseline
3035,13445,8080,4729268600832.0,12.674793980656675,baseline
3037,13453,2240,20992216793088.0,13.322058302811596,baseline
3038,13455,15238,3058344919040.0,12.48548646341393,baseline
3041,13463,718,48454722125824.0,13.68533610735697,baseline
3042,13465,192,129208068079616.0,14.111289632955176,baseline
3044,13475,119,170198598418432.0,14.230955979358162,baseline
3046,13482,265,116946104221696.0,14.067985758909591,baseline
3051,13507,671,61239136878592.0,13.78702906100228,baseline
3055,13524,228,104807805222912.0,14.020393626531456,baseline
3056,13526,235,124389475483648.0,14.094783636522529,baseline
3059,13539,2198,17361199431680.0,13.239579725942184,baseline
3062,13550,971,18281220014080.0,13.2620051754078,baseline
3068,13576,1657,27635652493312.0,13.441469722976038,baseline
3069,13579,10523,3203979542528.0,12.505689734442296,baseline
3072,13594,202,158652518367232.0,14.200446970254973,baseline
3073,13598,2059,22282026090496.0,13.347954678418915,baseline
3074,13599,241,116610618621952.0,14.066738099299023,baseline
3075,13601,5,733527398154240.0,14.865416339917514,baseline
3081,13626,2702,12590970306560.0,13.100059199730346,baseline
3087,13649,2007,16805263310848.0,13.225445321539352,baseline
3088,13652,446,80648580628480.0,13.9065967284436,baseline
3089,13656,208,66639999533056.0,13.823734985355646,baseline
3092,13672,48,324151516594176.0,14.510748057859148,baseline
3093,13673,14082,3612653912064.0,12.557826358667358,baseline
3094,13675,608,68446524014592.0,13.835351397837242,baseline
3096,13682,4852,9032182005760.0,12.955792680389546,baseline
3097,13684,5,733527398154240.0,14.865416339917514,baseline
3099,13692,518,72347499364352.0,13.859423524659872,baseline
3100,13695,7754,4142633320448.0,12.617276494014291,baseline
3103,13707,620,68789261565952.0,13.837520647441265,baseline
3104,13709,703,55955853148160.0,13.747845521731092,baseline
3107,13720,274,104744823554048.0,14.02013256951459,baseline
3109,13731,84,158344471904256.0,14.19960290595621,baseline
3110,13735,1026,41776719069184.0,13.62093432970606,baseline
3112,13740,241,116610618621952.0,14.066738099299023,baseline
3115,13749,108,199525524307968.0,14.299998460709714,baseline
3116,13751,1198,35459849781248.0,13.54973689146475,baseline
3117,13754,1251,31752647081984.0,13.501779936405264,baseline
3118,13757,519,77486184464384.0,13.88922427610964,baseline
3119,13761,594,68042126000128.0,13.832777874836172,baseline
3121,13766,57,301115828600832.0,14.478733585447388,baseline
3123,13778,758,51911076085760.0,13.715260031638698,baseline
3125,13787,4791,9471464046592.0,12.976417115034138,baseline
3126,13789,70,258570536878080.0,14.412579037171405,baseline
3127,13790,0,1535789976518656.0,15.186331828797393,baseline
3128,13791,0,1535789976518656.0,15.186331828797393,baseline
3129,13793,128,167641163497472.0,14.224380666351609,baseline
3131,13797,21554,1931794448384.0,12.285960913652058,baseline
3132,13799,291,91769182093312.0,13.962696861006464,baseline
3141,13836,72,275153237835776.0,14.439574627690288,baseline
3142,13840,151,177005769261056.0,14.24798742182739,baseline
3144,13846,3765,9299910721536.0,12.968478779378628,baseline
3145,13848,191,156477503307776.0,14.194451908070404,baseline
3146,13850,1745,22983758315520.0,13.36142104620753,baseline
3147,13851,769,60123984691200.0,13.779047755548502,baseline
3148,13854,1983,23039655804928.0,13.362475986767796,baseline
3150,13859,142,146151143636992.0,14.164802218073827,baseline
3152,13864,308,100990426546176.0,14.004280206503156,baseline
3154,13871,854,35482318667776.0,13.550011991986011,baseline
3159,13889,856,36327932297216.0,13.560240679517968,baseline
3160,13893,18525,2472173633536.0,12.39307897023488,baseline
3165,13913,25,219906721185792.0,14.342238503254803,baseline
3166,13916,292,88006337757184.0,13.944513948898596,baseline
3168,13924,1905,21917803216896.0,13.34079702341681,baseline
3170,13932,123,71453248585728.0,13.85402197855433,baseline
3172,13940,111,180591530082304.0,14.256697377623238,baseline
3173,13942,214,138947200024576.0,14.142849799575943,baseline
3174,13944,106,201667337256960.0,14.304635564064275,baseline
3175,13948,674,58282802675712.0,13.765540427746718,baseline
3178,13959,1742,18214406848512.0,13.260415033024406,baseline
3183,13975,414,81897241706496.0,13.91326927499826,baseline
3184,13978,4408,8910781022208.0,12.949915771238866,baseline
3185,13981,1667,21985566392320.0,13.34213765839742,baseline
3188,13994,195,148659874299904.0,14.172193761247229,baseline
3193,14015,507,68217351438336.0,13.83389485376905,baseline
3197,14029,2495,9233530617856.0,12.965367793622502,baseline
3199,14035,2371,15167879380992.0,13.18092486638258,baseline
3200,14037,122,201308741042176.0,14.303862632831848,baseline
3203,14048,86,192014666694656.0,14.283334402772732,baseline
3208,14071,2029,25225804644352.0,13.40184502811127,baseline
3210,14080,7344,6028052660224.0,12.780177037594951,baseline
3211,14084,21292,2089932816384.0,12.320132325372931,baseline
3215,14100,1457,29019510669312.0,13.462690085034543,baseline
3216,14102,197,138800206446592.0,14.1423901120738,baseline
3219,14113,101,121944716345344.0,14.086162987825046,baseline
3222,14127,732,56478928994304.0,13.751886452628131,baseline
3223,14129,1848,24820431454208.0,13.394809326580646,baseline
3224,14131,2,1033314370584576.0,15.014232469282954,baseline
3225,14133,58,279208861368320.0,14.445929197555325,baseline
3227,14141,5124,6776628445184.0,12.831013674421206,baseline
3228,14143,17,416661488271360.0,14.619783360778436,baseline
3230,14147,44664,1263422930944.0,12.1015487550121,baseline
3231,14149,2976,15873864630272.0,13.200682672392915,baseline
3232,14151,4338,8174320484352.0,12.91245166076206,baseline
3233,14155,80,193627108147200.0,14.286966159246084,baseline
3234,14158,1276,30142787223552.0,13.479183407893744,baseline
3236,14167,2321,16928835895296.0,13.228627095047424,baseline
3239,14176,2447,16241252106240.0,13.210619507778864,baseline
3240,14177,293,100814081228800.0,14.003521196522817,baseline
3247,14205,6127,7755247648768.0,12.88959567072166,baseline
3249,14209,2017,17538259877888.0,13.24398650106418,baseline
3250,14210,73,205733010341888.0,14.313303980849447,baseline
3251,14212,491,74550289104896.0,13.872449331979723,baseline
3253,14220,154,187111844085760.0,14.272101278992713,baseline
3254,14221,26,278377265102848.0,14.444633763828053,baseline
3255,14222,373,80262427836416.0,13.904512292452532,baseline
3258,14231,400,67376317988864.0,13.828507273774644,baseline
3259,14233,40312,1384606728192.0,12.141326437639105,baseline
3260,14234,1547,26002459721728.0,13.41501443231875,baseline
3261,14235,6157,7528871100416.0,12.876729861776438,baseline
3262,14238,45,305942902079488.0,14.485640381953424,baseline
3264,14244,791,50164374962176.0,13.700395405395952,baseline
3269,14265,418,64368444178432.0,13.808673012113472,baseline
3273,14281,2551,15600938123264.0,13.1931507143485,baseline
3274,14284,122,201308741042176.0,14.303862632831848,baseline
3275,14286,1440,24354393948160.0,13.386577326753418,baseline
3277,14293,703,55955853148160.0,13.747845521731092,baseline
3278,14296,5275,7800161828864.0,12.892103613030685,baseline
3279,14297,1447,26775438491648.0,13.427736591845395,baseline
3280,14298,550,57694941609984.0,13.76113773816142,baseline
3281,14302,1915,22627049537536.0,13.354627927657518,baseline
3283,14308,62,174374598475776.0,14.241483220589254,baseline
3288,14334,976,37686224093184.0,13.576182626235944,baseline
3292,14352,14,437283203317760.0,14.640762795784122,baseline
3295,14362,285,131206410665984.0,14.117955054924138,baseline
3296,14364,475,74233073893376.0,13.870597444484936,baseline
3298,14371,315,87792570859520.0,13.943457766803316,baseline
3303,14393,342,63594288906240.0,13.80341811552461,baseline
3304,14395,1502,28631336222720.0,13.456841616991632,baseline
3305,14398,1703,11877530730496.0,13.07472616273406,baseline
3306,14399,18760,2785708343296.0,12.444935644920797,baseline
3307,14402,2122,22075341275136.0,13.343907426304542,baseline
3309,14407,657,62052332732416.0,13.792758112567595,baseline
3311,14412,1007,44479826362368.0,13.648163083205011,baseline
3312,14416,22,360359567294464.0,14.556736056763258,baseline
3313,14419,44061,1222272876544.0,12.087168174439736,baseline
3314,14421,450,82344773943296.0,13.91563604164045,baseline
3315,14424,119,170198598418432.0,14.230955979358162,baseline
3317,14429,233,146538932207616.0,14.165953022619735,baseline
3318,14432,3299,11989840560128.0,13.078813407926456,baseline
3319,14435,21,382146090893312.0,14.582229421392803,baseline
3321,14444,27753,1856401178624.0,12.268671835479452,baseline
3326,14464,1284,28726158950400.0,13.458277559226644,baseline
3327,14465,128,167641163497472.0,14.224380666351609,baseline
3329,14473,2,1033314370584576.0,15.014232469282954,baseline
3332,14485,1885,21734371622912.0,13.33714708852746,baseline
3333,14487,398,58272455327744.0,13.765463317606624,baseline
3334,14491,189,142160531816448.0,14.1527790394773,baseline
3335,14494,68,276792942264320.0,14.442155012176563,baseline
3336,14496,2185,16660467548160.0,13.22168718499014,baseline
3339,14510,3416,7655254917120.0,12.883959657118572,baseline
3340,14511,0,1535789976518656.0,15.186331828797393,baseline
3341,14512,187,118919146766336.0,14.075251784522123,baseline
3342,14514,579,68386394472448.0,13.834969707081504,baseline
3344,14518,982,37487003041792.0,13.573880721444796,baseline
3347,14529,4,841819696922624.0,14.925219083166256,baseline
3348,14531,342,63594288906240.0,13.80341811552461,baseline
3349,14535,43145,1299542048768.0,12.113790336359132,baseline
3353,14551,149,134479007973376.0,14.128654496733631,baseline
3356,14567,100,179395750789120.0,14.253812152026397,baseline
3357,14568,5435,8389620400128.0,12.923742311024254,baseline
3358,14570,739,56257197113344.0,13.75017809063523,baseline
3360,14576,93,235066697449472.0,14.371191105780005,baseline
3361,14577,178,91614747820032.0,13.961965390494417,baseline
3362,14578,93,235066697449472.0,14.371191105780005,baseline
3368,14605,50,338210588721152.0,14.529187200397084,baseline
3369,14607,7278,5576633352192.0,12.74637209180118,baseline
3370,14609,1683,19006465507328.0,13.278901361821664,baseline
3374,14627,37,197666877210624.0,14.2959339012316,baseline
3375,14628,7,581220677189632.0,14.764341056124303,baseline
3377,14632,144,177805841137664.0,14.24994602396933,baseline
3378,14635,1349,31281700143104.0,13.495290348694184,baseline
3379,14637,206,115317153988608.0,14.061893915520756,baseline
3382,14645,5,733527398154240.0,14.865416339917514,baseline
3383,14648,1117,30655123554304.0,13.486503070874091,baseline
3386,14660,14299,3036268199936.0,12.482340131059985,baseline
3387,14663,504,72348950593536.0,13.85943223614971,baseline
3388,14667,1567,28505767149568.0,13.454932733266515,baseline
3390,14674,480,72573740122112.0,13.860779505230354,baseline
3392,14679,8304,2894213677056.0,12.461530591517166,baseline
3400,14712,1016,42347417042944.0,13.626826925925135,baseline
3401,14714,2495,9233530617856.0,12.965367793622502,baseline
3405,14725,657,62052332732416.0,13.792758112567595,baseline
3406,14726,50,338210588721152.0,14.529187200397084,baseline
3408,14732,5,733527398154240.0,14.865416339917514,baseline
3409,14734,2547,17656465850368.0,13.246903778783825,baseline
3411,14742,164,162742719741952.0,14.211501569611247,baseline
3413,14749,1687,24665395298304.0,13.39208808004533,baseline
3414,14750,6,459285179924480.0,14.662082431960792,baseline
3415,14754,10056,5158881198080.0,12.712555526785428,baseline
3416,14758,1535,29114450837504.0,13.464108602773395,baseline
3417,14764,43,343380722712576.0,14.53577591035154,baseline
3422,14783,644,58801696800768.0,13.769389858398895,baseline
3423,14785,22,360359567294464.0,14.556736056763258,baseline
3429,14808,12,655181557530624.0,14.816361664125669,baseline
3432,14821,635,56298792026112.0,13.750499076520583,baseline
3433,14822,1173,36651493490688.0,13.564091676154485,baseline
3434,14825,2104,22701823492096.0,13.356060742688664,baseline
3435,14827,5753,6494490198016.0,12.812545065666454,baseline
3436,14829,11339,3909220040704.0,12.592090116524345,baseline
3437,14831,10,635853466501120.0,14.803357043286407,baseline
3440,14839,796,51777936293888.0,13.71414473682814,baseline
3441,14841,1905,21917803216896.0,13.34079702341681,baseline
3443,14851,202,158652518367232.0,14.200446970254973,baseline
3445,14856,24,367364893835264.0,14.565097651855222,baseline
3447,14862,9292,5164772622336.0,12.713051206583916,baseline
3448,14864,1931,23780065804288.0,13.376213052065667,baseline
3450,14867,1736,22078545723392.0,13.343970463753436,baseline
3452,14870,19,467371865145344.0,14.669662565180955,baseline
3454,14877,2376,19013828608000.0,13.279069574830318,baseline
3455,14879,3147,13731979329536.0,13.137733141019718,baseline
3457,14885,70,258570536878080.0,14.412579037171405,baseline
3458,14887,1533,27039268601856.0,13.431994939988757,baseline
3463,14904,145,155587975315456.0,14.191976029312148,baseline
3467,14918,118,192892568076288.0,14.28531549511078,baseline
3468,14919,1011,42055304740864.0,13.623820784304687,baseline
3469,14922,1761,15409655840768.0,13.18779293929438,baseline
3470,14924,886,41322236870656.0,13.616183822873923,baseline
3475,14945,2,1033314370584576.0,15.014232469282954,baseline
3478,14956,2046,12777496248320.0,13.106445762111395,baseline
3481,14967,18,407155215695872.0,14.609760002516866,baseline
3482,14970,3546,8462128381952.0,12.927479609880928,baseline
3485,14984,633,54819410673664.0,13.738934362422896,baseline
3489,14998,319,95636196163584.0,13.980622294147857,baseline
3491,15005,3286,10920175599616.0,13.038229622007098,baseline
3494,15016,206,115317153988608.0,14.061893915520756,baseline
3495,15018,57128,896752877568.0,11.952672778947,baseline
3498,15025,167,163859293798400.0,14.214471078802893,baseline
3499,15026,7239,6937303318528.0,12.84119068349811,baseline
3502,15042,657,62052332732416.0,13.792758112567595,baseline
3503,15043,2294,14331692449792.0,13.156297479874246,baseline
3504,15045,568,62956708560896.0,13.799042014598683,baseline
3506,15050,16073,2819362127872.0,12.45015086162399,baseline
3509,15063,3492,13315706191872.0,13.124364203978136,baseline
3510,15065,5230,10133013790720.0,13.005738633713255,baseline
3511,15066,5171,9006766620672.0,12.954568909644228,baseline
3512,15067,0,1535789976518656.0,15.186331828797393,baseline
3513,15069,11490,4457737224192.0,12.649114463999092,baseline
3514,15073,14866,2420420902912.0,12.383890894871916,baseline
3515,15076,1632,16514722824192.0,13.217871289081984,baseline
3516,15077,2343,20930908651520.0,13.32078808231744,baseline
3527,15124,2074,21113495093248.0,13.324560131652948,baseline
3528,15126,523,70654569218048.0,13.849140252837351,baseline
3530,15131,724,49248552878080.0,13.692393473690524,baseline
3534,15145,345,97338085343232.0,13.98828279934485,baseline
3536,15152,24,367364893835264.0,14.565097651855222,baseline
3541,15169,4501,8083361759232.0,12.907592015458524,baseline
3542,15170,164,162742719741952.0,14.211501569611247,baseline
3543,15175,142,146151143636992.0,14.164802218073827,baseline
3544,15179,1907,22051536502784.0,13.343438855546813,baseline
3546,15186,157,111486940741632.0,14.047223998361677,baseline
3551,15209,926,43106812559360.0,13.634545911068706,baseline
3555,15222,617,34264479432704.0,13.534844138131485,baseline
3556,15224,131,185050360446976.0,14.267289935364555,baseline
3558,15230,750,54375057719296.0,13.735399730967906,baseline
3561,15239,21,382146090893312.0,14.582229421392803,baseline
3564,15253,5070,7612696887296.0,12.881538537951007,baseline
3565,15255,2886,10775970185216.0,13.032456381117482,baseline
3567,15264,91,164138567335936.0,14.21521063841577,baseline
3571,15285,487,68941133119488.0,13.838478417213745,baseline
3573,15293,863,45554587402240.0,13.65853211749262,baseline
3574,15295,1970,11167593398272.0,13.047959593307256,baseline
3577,15306,419,79921825185792.0,13.902665393374416,baseline
3579,15311,3101,9830096961536.0,12.992557801621796,baseline
3581,15316,161,170170278477824.0,14.230883709566198,baseline
3584,15330,366,40676657987584.0,13.60934526388754,baseline
3585,15334,2857,16313183371264.0,13.212538717979074,baseline
3588,15345,219,66468171481088.0,13.822613731631124,baseline
3589,15348,133,198890708008960.0,14.29861449375943,baseline
3593,15362,6267,6263794565120.0,12.796837505643463,baseline
3594,15363,243,117173376778240.0,14.068828945882146,baseline
3595,15366,706,29493269889024.0,13.469722925011428,baseline
3597,15370,1,1307340129173504.0,15.116388592175756,baseline
3598,15373,24459,2153177284608.0,12.333079789487773,baseline
3599,15375,1067,35132205432832.0,13.545705413590635,baseline
3601,15380,2717,14828693356544.0,13.171102884471168,baseline
3603,15387,3032,11478355673088.0,13.059879677848322,baseline
3607,15404,405,77950888181760.0,13.891821067956416,baseline
3608,15406,256,125519060271104.0,14.098709679140052,baseline
3611,15419,3634,11540174471168.0,13.06221237478962,baseline
3612,15422,7583,6143862636544.0,12.788441497248416,baseline
3615,15434,19953,2476648693760.0,12.3938644074006,baseline
3618,15446,264,60795924774912.0,13.783874468958846,baseline
3619,15448,70,258570536878080.0,14.412579037171405,baseline
3620,15451,11311,4382775574528.0,12.641749232634451,baseline
3621,15453,172,112941214990336.0,14.052852455445842,baseline
3629,15480,1156,26604791136256.0,13.42495985379908,baseline
3631,15486,215,116181465825280.0,14.065136851532658,baseline
3632,15488,1477,27883904958464.0,13.445353593785995,baseline
3633,15491,110,164342309847040.0,14.215749386731398,baseline
3638,15512,548,75069074178048.0,13.875461059774146,baseline
3639,15513,629,56552216068096.0,13.752449627958,baseline
3641,15520,1141,34958068416512.0,13.543547427989097,baseline
3643,15527,15958,3022749171712.0,12.480402110836131,baseline
3648,15544,239,113186665660416.0,14.053795266329251,baseline
3650,15549,5336,9389218988032.0,12.972629468379552,baseline
3655,15564,2123,14105618415616.0,13.149392131157962,baseline
3660,15581,13,553877338324992.0,14.743413596521044,baseline
3663,15590,1448,25714881462272.0,13.41018452669717,baseline
3665,15596,291,91769182093312.0,13.962696861006464,baseline
3669,15613,310,87421039411200.0,13.94161596582173,baseline
3670,15615,1828,21543497236480.0,13.333316205332428,baseline
3671,15616,566,76039434797056.0,13.881038880084096,baseline
3674,15629,2528,21741252378624.0,13.337284557480723,baseline
3675,15630,12378,2374764331008.0,12.375620517194085,baseline
3676,15632,65,227894857039872.0,14.357734524458976,baseline
3677,15633,2248,17672085438464.0,13.247287802533124,baseline
3678,15635,97,228157068148736.0,14.358233927460835,baseline
3680,15642,2255,21215601229824.0,13.326655343766792,baseline
3682,15648,11285,1935870787584.0,12.286876366344275,baseline
3683,15650,2,1033314370584576.0,15.014232469282954,baseline
3684,15653,4779,9397586624512.0,12.973016337618004,baseline
3685,15655,641,54070911959040.0,13.732963694440407,baseline
3687,15661,11058,3989635072000.0,12.600933173013876,baseline
3688,15666,1103,34879821578240.0,13.54257425470709,baseline
3691,15679,48,324151516594176.0,14.510748057859148,baseline
3693,15688,1987,20840294907904.0,13.31890386030739,baseline
3695,15692,85,123098057670656.0,14.090251200375905,baseline
3697,15697,68,276792942264320.0,14.442155012176563,baseline
3699,15702,302,125426609422336.0,14.098389682422573,baseline
3700,15705,456,47788842811392.0,13.67932651437282,baseline
3706,15730,4803,5793764605952.0,12.762960846336703,baseline
3707,15734,19,467371865145344.0,14.669662565180955,baseline
3713,15755,245,116268908675072.0,14.065463596103577,baseline
3716,15760,241,116610618621952.0,14.066738099299023,baseline
3723,15792,2205,18063145566208.0,13.25679338180757,baseline
3725,15796,113,200451358195712.0,14.302009003240094,baseline
3728,15809,6042,6815259033600.0,12.833482367100288,baseline
3729,15812,220,128017598775296.0,14.107269676879309,baseline
3731,15817,3514,13301527347200.0,13.1239015116721,baseline
3732,15818,2565,18356220461056.0,13.26378326499806,baseline
3734,15823,963,42378647830528.0,13.627147095623746,baseline
3735,15826,4401,8764690792448.0,12.942736599322876,baseline
3738,15835,850,36240657219584.0,13.559196064949882,baseline
3739,15836,2014,24412074016768.0,13.387604678056029,baseline
3743,15850,278,120271566536704.0,14.080162967691026,baseline
3744,15851,74,205864174616576.0,14.313580775369577,baseline
3747,15862,1859,25785274466304.0,13.411371758529892,baseline
3751,15880,23038,2235877818368.0,12.349448067435148,baseline
3757,15901,352,94567856603136.0,13.975743545788117,baseline
3758,15904,51,316146536415232.0,14.499888428205248,baseline
3759,15905,80,193627108147200.0,14.286966159246084,baseline
3761,15910,1064,36202195451904.0,13.5587349087579,baseline
3763,15913,386,83476237778944.0,13.92156286745782,baseline
3764,15916,4340,7539485835264.0,12.877341729620234,baseline
3767,15923,263,103605214380032.0,14.015381613705411,baseline
3773,15949,557,65727797133312.0,13.817749077147573,baseline
3774,15951,13403,3122853576704.0,12.494551621655669,baseline
3776,15954,193,98666782130176.0,13.994170964567004,baseline
3777,15957,88,223381030961152.0,14.349046290987864,baseline
3778,15959,194,118452362674176.0,14.073543727668524,baseline
3779,15962,6210,6955172626432.0,12.842307913591394,baseline
3782,15972,2425,19250806784000.0,13.284448935117096,baseline
3783,15976,455,74523831435264.0,13.872295174839584,baseline
3784,15979,1605,25738524753920.0,13.410583650975797,baseline
3792,16012,14,437283203317760.0,14.640762795784122,baseline
3797,16031,1413,28413511335936.0,13.453524907062974,baseline
3799,16036,223,131011845292032.0,14.117310563689344,baseline
3805,16060,231,121593208504320.0,14.084909318427938,baseline
3806,16062,1389,30339399417856.0,13.48200697947996,baseline
3807,16065,12793,3801474662400.0,12.579952100171573,baseline
3808,16068,2130,16984646352896.0,13.230056508604648,baseline
3813,16087,1197,29773134823424.0,13.47382456406692,baseline
3816,16098,302,125426609422336.0,14.098389682422573,baseline
3817,16099,128,167641163497472.0,14.224380666351609,baseline
3818,16101,1746,21280245940224.0,13.32797664288358,baseline
3820,16105,11131,4027962097664.0,12.605085375274625,baseline
3821,16108,353,86192754262016.0,13.93547075867522,baseline
3823,16115,207,96327551680512.0,13.983750522134436,baseline
3824,16116,171,183455803506688.0,14.263531454936686,baseline
3825,16119,1944,25524835450880.0,13.406962951032986,baseline
3829,16138,661,46589586440192.0,13.668288855381904,baseline
3830,16139,213,116116789657600.0,14.064895020155996,baseline
3834,16154,3734,13069813022720.0,13.116269374590354,baseline
3836,16158,5,733527398154240.0,14.865416339917514,baseline
3837,16160,4033,10527898075136.0,13.022341671708684,baseline
3841,16174,3182,14760387018752.0,13.169097744878949,baseline
3843,16181,19,467371865145344.0,14.669662565180955,baseline
3844,16183,2419,20165412519936.0,13.304607110712563,baseline
3845,16184,411,84143316664320.0,13.92501962653793,baseline
3850,16201,2048,17463402037248.0,13.242128852318034,baseline
3851,16202,2471,16862411751424.0,13.22691968982778,baseline
3853,16210,419,79921825185792.0,13.902665393374416,baseline
3856,16223,502,61252621565952.0,13.787124680910242,baseline
3860,16237,193,98666782130176.0,13.994170964567004,baseline
3861,16239,111,180591530082304.0,14.256697377623238,baseline
3862,16242,724,49248552878080.0,13.692393473690524,baseline
3864,16247,6435,5749850243072.0,12.759656533480165,baseline
3865,16249,21,382146090893312.0,14.582229421392803,baseline
3868,16259,93,235066697449472.0,14.371191105780005,baseline
3871,16267,3576,11290149912576.0,13.052699708600988,baseline
3872,16268,306,108786647826432.0,14.036575594524384,baseline
3873,16271,446,80648580628480.0,13.9065967284436,baseline
3876,16284,185,136576881393664.0,14.135377191784158,baseline
3877,16285,2241,13877694693376.0,13.142317328863976,baseline
3881,16296,1583,26470147686400.0,13.422756364392004,baseline
3884,16305,806,45201494114304.0,13.655152790450169,baseline
3885,16306,34,367825831067648.0,14.565642224891787,baseline
3887,16311,11127,3899998339072.0,12.591064422069572,baseline
3891,16321,3097,13214222909440.0,13.121041628605433,baseline
3894,16332,1004,39399408533504.0,13.595489702217364,baseline
3895,16335,756,52550246072320.0,13.720574754000808,baseline
3896,16336,27,456104488206336.0,14.659064345851233,baseline
3897,16338,42,198878729076736.0,14.298588335972129,baseline
3899,16343,1018,30255922282496.0,13.480810395942845,baseline
3900,16345,3316,11556373921792.0,13.062821585572964,baseline
3903,16355,323,98153567092736.0,13.991906087334309,baseline
3904,16357,93,235066697449472.0,14.371191105780005,baseline
3905,16359,256,125519060271104.0,14.098709679140052,baseline
3906,16360,11006,3900674146304.0,12.591139671826044,baseline
3908,16367,0,1535789976518656.0,15.186331828797393,baseline
3910,16375,2,1033314370584576.0,15.014232469282954,baseline
3911,16376,26458,1973808922624.0,12.295305107874364,baseline
3917,16401,2605,9279173033984.0,12.967509273333013,baseline
3924,16426,16177,2632202584064.0,12.42031931114076,baseline
3926,16434,21126,2447040053248.0,12.388641077959155,baseline
3930,16449,546,71849518039040.0,13.856423859266522,baseline
3931,16451,9207,5144112005120.0,12.711310416112898,baseline
3932,16454,116,198077717676032.0,14.296835623268862,baseline
3934,16461,576,54804923547648.0,13.738819576249396,baseline
3943,16497,16976,2812222636032.0,12.44904969962401,baseline
3946,16505,2015,16880846766080.0,13.22739422763398,baseline
3947,16506,12,655181557530624.0,14.816361664125669,baseline
3949,16510,5087,8054108585984.0,12.90601748049562,baseline
3950,16512,11515,4285186703360.0,12.631969748656552,baseline
3951,16513,987,23991269982208.0,13.380053238033137,baseline
3954,16524,1994,22125488373760.0,13.34489286561566,baseline
3956,16530,360,96995049996288.0,13.986749571233757,baseline
3959,16539,222,126042232586240.0,14.10051608722885,baseline
3961,16542,3616,10545465917440.0,13.023065772402026,baseline
3966,16562,1526,23125160886272.0,13.364084762893322,baseline
3971,16578,24511,1704694644736.0,12.231646596828348,baseline
3972,16579,799,31951421440000.0,13.504490183615438,baseline
3975,16592,261,103206847774720.0,14.01370851368762,baseline
3977,16599,9227,5496780619776.0,12.740108404325754,baseline
3979,16605,11570,2917385895936.0,12.46499387903294,baseline
3984,16629,101,121944716345344.0,14.086162987825046,baseline
3990,16650,548,75069074178048.0,13.875461059774146,baseline
3992,16659,10308,3965183066112.0,12.598263242792823,baseline
3994,16663,107,187167024349184.0,14.272229335830058,baseline
3997,16672,3244,12167121207296.0,13.08518783446008,baseline
4001,16687,0,1535789976518656.0,15.186331828797393,baseline
4003,16692,1020,34816451936256.0,13.541784511094416,baseline
4004,16694,561,55063552720896.0,13.740864228802764,baseline
4005,16696,762,53261860077568.0,13.726416329345088,baseline
4008,16706,309,102281827581952.0,14.00979847944098,baseline
4010,16711,354,97267235160064.0,13.987966571146448,baseline
4015,16730,335,52758300327936.0,13.722290795780912,baseline
4016,16732,1251,31752647081984.0,13.501779936405264,baseline
4018,16740,52,275655178584064.0,14.440366155746386,baseline
4019,16742,5,733527398154240.0,14.865416339917514,baseline
4020,16745,2452,17822501568512.0,13.250968661606157,baseline
4022,16749,145,155587975315456.0,14.191976029312148,baseline
4027,16767,634,61869364609024.0,13.791475655890508,baseline
4028,16768,551,55684209049600.0,13.745732055229078,baseline
4030,16775,38749,1475512631296.0,12.168942931679876,baseline
4033,16790,49,324038740148224.0,14.510596934980796,baseline
4035,16795,8,398251614273536.0,14.600157544846471,baseline
4038,16805,493,65074223906816.0,13.813408997296108,baseline
4044,16829,219,66468171481088.0,13.822613731631124,baseline
4047,16841,86,192014666694656.0,14.283334402772732,baseline
4048,16844,34769,1472379486208.0,12.168019758048787,baseline
4051,16858,2179,18455172481024.0,13.266118108442916,baseline
4053,16862,3137,11735068049408.0,13.069485612332285,baseline
4056,16872,6346,5813033238528.0,12.764402806229748,baseline
4057,16873,2082,21988779229184.0,13.342201118913048,baseline
4058,16875,2564,17490747850752.0,13.24280837897618,baseline
4059,16876,7707,4265873244160.0,12.630007946711226,baseline
4060,16879,983,35174842630144.0,13.546232163107126,baseline
4064,16891,5613,6753719681024.0,12.82954303090542,baseline
4065,16893,99,137743803875328.0,14.139072072109837,baseline
4067,16898,1804,23994216480768.0,13.380106572829195,baseline
4068,16901,289,82948426563584.0,13.918808152370818,baseline
4071,16910,1015,42936641257472.0,13.632828068502706,baseline
4072,16914,861,43509939699712.0,13.638588481405783,baseline
4073,16916,581,40077640073216.0,13.602902140669704,baseline
4074,16917,109,188158054498304.0,14.274522813935697,baseline
4076,16920,45,305942902079488.0,14.485640381953424,baseline
4077,16922,2088,15136482918400.0,13.180024975126075,baseline
4078,16926,1544,25792408977408.0,13.41149190657131,baseline
4079,16927,5242,8527114928128.0,12.93080211642712,baseline
4082,16937,320,107388266872832.0,14.030956833405009,baseline
4084,16940,5378,8844639993856.0,12.94668016038156,baseline
4086,16944,206,115317153988608.0,14.061893915520756,baseline
4087,16945,3792,12543354470400.0,13.098413695439454,baseline
4092,16965,1107,28071425998848.0,13.448264474896664,baseline
4093,16966,250,78968426332160.0,13.897453483561131,baseline
4094,16968,212,80945520574464.0,13.90819282043196,baseline
4096,16976,1588,28259446161408.0,13.451163646139529,baseline
4098,16984,1060,33746575163392.0,13.52822970418592,baseline
4100,16991,2891,14580969373696.0,13.163786397757846,baseline
4102,16997,3545,11620017242112.0,13.065206772473292,baseline
4107,17012,1064,36202195451904.0,13.5587349087579,baseline
4108,17013,41,357260815499264.0,14.552985385232216,baseline
4109,17016,29,212362409803776.0,14.327077644897338,baseline
4110,17019,4624,10488586960896.0,13.020716983291615,baseline
4114,17036,544,61417117974528.0,13.788289433124216,baseline
4116,17045,196,138183509540864.0,14.140456218561187,baseline
4123,17071,739,56257197113344.0,13.75017809063523,baseline
4124,17073,1307,29913891471360.0,13.475872913686793,baseline
4127,17083,219,66468171481088.0,13.822613731631124,baseline
4131,17102,1336,26570152476672.0,13.424394046679277,baseline
4132,17106,1362,30152434122752.0,13.479322377285753,baseline
4133,17109,4014,10278041288704.0,13.011910357990164,baseline
4134,17110,280,87607643996160.0,13.94254200115118,baseline
4137,17123,3685,12051667746816.0,13.08104715007455,baseline
4138,17125,25,219906721185792.0,14.342238503254803,baseline
4141,17132,56,296168328265728.0,14.47153861395946,baseline
4145,17145,13811,3692010405888.0,12.5672629164095,baseline
4148,17153,22815,2218654171136.0,12.346089612609596,baseline
4151,17163,3052,13114507526144.0,13.117751986676746,baseline
4153,17171,35246,1434595491840.0,12.156729461748208,baseline
4154,17173,1,1307340129173504.0,15.116388592175756,baseline
4155,17175,911,46986132717568.0,13.671969701066,baseline
4159,17190,138,156064733462528.0,14.193304774984238,baseline
4160,17191,4276,11364246487040.0,13.0555406448679,baseline
4161,17193,807,30569505226752.0,13.4852884096443,baseline
4162,17195,902,26650678919168.0,13.425708277043366,baseline
4166,17205,266,86725086937088.0,13.938144743870438,baseline
4178,17248,437,84636801695744.0,13.92755924363093,baseline
4180,17252,5,733527398154240.0,14.865416339917514,baseline
4183,17262,310,87421039411200.0,13.94161596582173,baseline
4185,17268,168,173127850000384.0,14.238366935747166,baseline
4193,17298,22335,2369762361344.0,12.374704797347023,baseline
4195,17303,225,128242103091200.0,14.108030631565471,baseline
4196,17304,14,437283203317760.0,14.640762795784122,baseline
4198,17312,29290,1722889928704.0,12.236257532303828,baseline
4199,17313,6530,6800854220800.0,12.832563465659195,baseline
4208,17351,4161,11766052421632.0,13.070630778980442,baseline
4210,17356,25,219906721185792.0,14.342238503254803,baseline
4215,17378,312,90020350263296.0,13.954340698417177,baseline
4217,17382,438,58306320138240.0,13.765715632844694,baseline
4218,17384,2679,10801649811456.0,13.03349009338421,baseline
4220,17388,3614,8383875776512.0,12.923444834766672,baseline
4224,17402,769,60123984691200.0,13.779047755548502,baseline
4225,17403,8046,6457998180352.0,12.810097918311492,baseline
4229,17416,3204,11024927293440.0,13.042375734088909,baseline
4230,17417,6786,5943818977280.0,12.774065574244185,baseline
4232,17422,123,71453248585728.0,13.85402197855433,baseline
4233,17423,4132,7882572562432.0,12.896667977303704,baseline
4238,17437,1522,26302249697280.0,13.419992896373008,baseline
4241,17448,67,278848855867392.0,14.445368866896445,baseline
4245,17467,1345,31640327815168.0,13.500240974433131,baseline
4247,17471,487,68941133119488.0,13.838478417213745,baseline
4253,17493,0,1535789976518656.0,15.186331828797393,baseline
4255,17501,32,390393736724480.0,14.59150284145414,baseline
4256,17503,965,38872297766912.0,13.589640212820528,baseline
4260,17517,56,296168328265728.0,14.47153861395946,baseline
4261,17518,1581,19824688234496.0,13.2972063662745,baseline
4262,17519,205,93913033474048.0,13.972725868869531,baseline
4264,17526,17,416661488271360.0,14.619783360778436,baseline
4266,17532,33,369590794190848.0,14.56772114522689,baseline
4267,17533,205,93913033474048.0,13.972725868869531,baseline
4272,17553,217,144810090430464.0,14.160798824745036,baseline
4274,17559,24981,2022215909376.0,12.305827522790418,baseline
4276,17567,4240,11013084676096.0,13.04190897838826,baseline
4277,17571,2362,19941413617664.0,13.299755941567929,baseline
4281,17585,125,135592662794240.0,14.132236189573916,baseline
4285,17605,84,158344471904256.0,14.19960290595621,baseline
4286,17607,4005,11815580860416.0,13.072455076647406,baseline
4287,17609,67,278848855867392.0,14.445368866896445,baseline
4289,17614,93,235066697449472.0,14.371191105780005,baseline
4295,17635,2822,15779803168768.0,13.198101581683854,baseline
4297,17641,1516,26988263768064.0,13.431174946053249,baseline
4301,17653,297,98328016584704.0,13.992677278915956,baseline
4302,17655,517,62366234443776.0,13.79494952295672,baseline
4304,17660,40134,1139076235264.0,12.05655279119633,baseline
4307,17670,1370,25851468972032.0,13.412485226281856,baseline
4309,17672,48,324151516594176.0,14.510748057859148,baseline
4311,17683,5454,8227681468416.0,12.915277469801122,baseline
4316,17698,924,34439413366784.0,13.537055745170164,baseline
4319,17704,2888,13144055349248.0,13.118729379232724,baseline
4320,17705,893,22396308291584.0,13.350176437051749,baseline
4323,17713,120,203439883681792.0,14.308436098856747,baseline
4325,17719,3171,12953567887360.0,13.112389405511978,baseline
4327,17724,8025,6284411142144.0,12.798264589945829,baseline
4328,17726,125,135592662794240.0,14.132236189573916,baseline
4329,17727,4008,11752629600256.0,13.070135049000108,baseline
4330,17729,923,46932605009920.0,13.67147466054182,baseline
4333,17738,52,275655178584064.0,14.440366155746386,baseline
4334,17739,39,334133456797696.0,14.523919963740935,baseline
4335,17741,79,253893451710464.0,14.404651499917891,baseline
4337,17747,8482,4888129961984.0,12.689142744088464,baseline
4339,17755,2763,16784210001920.0,13.224900904721297,baseline
4340,17756,3151,12572395831296.0,13.099418045956854,baseline
4344,17769,6569,7269262557184.0,12.861490355344568,baseline
4345,17771,6,459285179924480.0,14.662082431960792,baseline
4348,17779,11621,3634493915136.0,12.560443946098657,baseline
4356,17809,411,84143316664320.0,13.92501962653793,baseline
4357,17810,4043,9489295081472.0,12.977233951774226,baseline
4360,17820,778,53514088742912.0,13.728468134503428,baseline
4361,17822,8040,4765947265024.0,12.678149232589584,baseline
4363,17826,8257,5365097299968.0,12.729577602621823,baseline
4364,17828,47,183143579516928.0,14.262791698161662,baseline
4365,17830,1503,25337404588032.0,13.403762126300208,baseline
4367,17837,132,179053478805504.0,14.252982763277869,baseline
4369,17840,0,1535789976518656.0,15.186331828797393,baseline
4371,17844,561,55063552720896.0,13.740864228802764,baseline
4372,17847,1176,36476414853120.0,13.562012146377295,baseline
4374,17851,375,94402114486272.0,13.974981722046326,baseline
4378,17863,5058,8749874413568.0,12.942001819663933,baseline
4379,17866,38,128062117117952.0,14.107420677287024,baseline
4383,17877,58,279208861368320.0,14.445929197555325,baseline
4392,17900,587,54796576882688.0,13.738753429152371,baseline
4393,17901,1015,42936641257472.0,13.632828068502706,baseline
4394,17902,175,148736479068160.0,14.172417496531809,baseline
4396,17905,85,123098057670656.0,14.090251200375905,baseline
4398,17912,82,135533791543296.0,14.132047587839036,baseline
4404,17934,43447,1045410086912.0,12.019286686185575,baseline
4406,17940,20,431286791438336.0,14.63476615767462,baseline
4409,17951,70,258570536878080.0,14.412579037171405,baseline
4411,17955,338,84481679556608.0,13.926762539362514,baseline
4413,17961,3524,11984403693568.0,13.07861642977262,baseline
4416,17972,192,129208068079616.0,14.111289632955176,baseline
4417,17975,400,67376317988864.0,13.828507273774644,baseline
4429,18024,471,79567700099072.0,13.900736804979298,baseline
4437,18058,1897,14417419829248.0,13.15888754511418,baseline
4438,18060,1787,21646186381312.0,13.335381393555847,baseline
4441,18067,705,49795741777920.0,13.697192206184996,baseline
4445,18078,75,134628685905920.0,14.129137606717835,baseline
4447,18083,2056,18015793971200.0,13.255653406603614,baseline
4454,18109,3314,12852341506048.0,13.108982256890506,baseline
4457,18123,292,88006337757184.0,13.944513948898596,baseline
4465,18143,147,187930807107584.0,14.273997978930446,baseline
4474,18175,8147,5390834073600.0,12.73165596472997,baseline
4478,18189,945,22963392872448.0,13.361036056065672,baseline
4479,18191,5773,8306387058688.0,12.9194121643775,baseline
4481,18196,354,97267235160064.0,13.987966571146448,baseline
4483,18203,10010,4910918664192.0,12.691162741302218,baseline
4484,18204,4820,4934367444992.0,12.693231486740792,baseline
4485,18205,14719,2931848904704.0,12.467141584814875,baseline
4487,18211,1207,33547559632896.0,13.525660933550784,baseline
4489,18217,3366,13486640857088.0,13.12990379260032,baseline
4493,18232,685,49596285845504.0,13.695449154369244,baseline
4495,18239,88,223381030961152.0,14.349046290987864,baseline
4498,18248,3227,10029214203904.0,13.00126690707054,baseline
4502,18261,1022,43654580273152.0,13.640029816953348,baseline
4503,18262,1276,30142787223552.0,13.479183407893744,baseline
4507,18278,4585,7634519326720.0,12.88278169884829,baseline
4510,18287,9,641211639529472.0,14.807001397240343,baseline
4513,18294,2179,18455172481024.0,13.266118108442916,baseline
4516,18307,4333,10811797929984.0,13.033897920238584,baseline
4517,18308,251,119521037778944.0,14.077444355385916,baseline
4522,18322,160,171195450261504.0,14.233492218562052,baseline
4527,18339,3271,14529095270400.0,13.162238571537786,baseline
4531,18355,8231,5326513897472.0,12.726443064481774,baseline
4538,18384,82,135533791543296.0,14.132047587839036,baseline
4540,18388,18101,2935043129344.0,12.46761448742298,baseline
4546,18409,5257,9051521941504.0,12.956721608511872,baseline
4551,18425,1715,30002506629120.0,13.477157540376938,baseline
4553,18429,30,389327343321088.0,14.590314906252068,baseline
4558,18441,104,157096716795904.0,14.19616710870438,baseline
4559,18442,887,42830399537152.0,13.631752125668369,baseline
4561,18448,915,43412803813376.0,13.637617835628028,baseline
4562,18450,249,113038212464640.0,14.053225281157548,baseline
4569,18476,13302,3584111149056.0,12.554381469369885,baseline
4572,18491,515,71033381978112.0,13.851462492406345,baseline
4574,18498,20,431286791438336.0,14.63476615767462,baseline
4576,18505,27463,2067241107456.0,12.31539113242364,baseline
4579,18513,230,134836362674176.0,14.129807028543086,baseline
4580,18514,2496,18093399080960.0,13.257520162406186,baseline
4581,18515,7194,5590279520256.0,12.747433523641304,baseline
4582,18517,327,99669908652032.0,13.998564060228068,baseline
4583,18520,8887,5893969674240.0,12.770407896979783,baseline
4585,18526,3256,12087044603904.0,13.082320124754986,baseline
4590,18543,19,467371865145344.0,14.669662565180955,baseline
4593,18550,3776,13100321341440.0,13.117281948717029,baseline
4595,18554,915,43412803813376.0,13.637617835628028,baseline
4598,18566,731,39293930176512.0,13.594325469092018,baseline
4599,18569,21,382146090893312.0,14.582229421392803,baseline
4600,18571,3366,13486640857088.0,13.12990379260032,baseline
4602,18576,600,63358732599296.0,13.801806481229209,baseline
4603,18578,284,109812230651904.0,14.040650713600575,baseline
4604,18580,117,221948206383104.0,14.34625163973729,baseline
4605,18581,3567,11649530462208.0,13.066308421346456,baseline
4607,18588,4122,8355153707008.0,12.921954443875295,baseline
4608,18591,857,45056484442112.0,13.653757302635166,baseline
4609,18592,266,86725086937088.0,13.938144743870438,baseline
4611,18597,3338,14494706171904.0,13.161209416019812,baseline
4614,18605,4783,7529492381696.0,12.8767656982114,baseline
4616,18610,7661,5133753647104.0,12.710435024391844,baseline
4619,18620,1946,15954661605376.0,13.202887597343292,baseline
4625,18645,733,64120023941120.0,13.806993675838912,baseline
4627,18649,60,290497797029888.0,14.463142843296431,baseline
4634,18674,1412,26058009083904.0,13.415941231142323,baseline
4642,18704,30,389327343321088.0,14.590314906252068,baseline
4643,18708,1894,22135596646400.0,13.345091232515315,baseline
4644,18709,243,117173376778240.0,14.068828945882146,baseline
4646,18717,393,83177100017664.0,13.920003774549215,baseline
4651,18732,11336,3668085833728.0,12.56443948966927,baseline
4654,18741,2301,8396630130688.0,12.924105023051364,baseline
4656,18744,9309,5026275131392.0,12.70124625759022,baseline
4660,18757,160,171195450261504.0,14.233492218562052,baseline
4661,18760,354,97267235160064.0,13.987966571146448,baseline
4662,18762,334,104113522081792.0,14.017507138579992,baseline
4664,18767,4619,6466127790080.0,12.81064428332196,baseline
4671,18788,866,43967274024960.0,13.6431295401565,baseline
4672,18789,336,101111641931776.0,14.0048011628674,baseline
4675,18797,9670,2296294146048.0,12.361027518666395,baseline
4682,18821,74,205864174616576.0,14.313580775369577,baseline
4688,18840,11,547336941993984.0,14.738254761430827,baseline
4691,18848,135,163210233643008.0,14.21274738649718,baseline
4692,18849,14356,3615950635008.0,12.558222492851456,baseline
4693,18851,4,841819696922624.0,14.925219083166256,baseline
4694,18852,1203,37577016999936.0,13.574922301259804,baseline
4704,18890,3729,12606683217920.0,13.100600839972854,baseline
4705,18891,4809,5673352953856.0,12.75383980298014,baseline
4706,18892,0,1535789976518656.0,15.186331828797393,baseline
4707,18893,1078,33770440753152.0,13.528536728844257,baseline
4709,18898,12140,2913005469696.0,12.464341300095075,baseline
4710,18901,3180,14084409917440.0,13.148738656435889,baseline
4711,18903,16221,2296792743936.0,12.361121807460616,baseline
4712,18905,367,99850288889856.0,13.999349325722385,baseline
4713,18907,6621,7275945656320.0,12.861889446679449,baseline
4714,18908,219,66468171481088.0,13.822613731631124,baseline
4723,18944,538,75706658717696.0,13.879134079198533,baseline
4725,18951,6818,5011785383936.0,12.699992465241516,baseline
4730,18970,4038,9795287384064.0,12.991017182289127,baseline
4734,18981,2887,14409562849280.0,13.1586508055867,baseline
4749,19043,1508,12506540015616.0,13.097137177002482,baseline
4754,19060,3280,15252703936512.0,13.183346840444278,baseline
4756,19067,9,641211639529472.0,14.807001397240343,baseline
4764,19103,1586,27962835468288.0,13.44658120733812,baseline
4766,19110,280,87607643996160.0,13.94254200115118,baseline
4767,19114,303,106752687210496.0,14.028378816024944,baseline
4770,19121,122,201308741042176.0,14.303862632831848,baseline
4771,19123,2366,18402575908864.0,13.264878617830536,baseline
4773,19128,117,221948206383104.0,14.34625163973729,baseline
4774,19132,151,177005769261056.0,14.24798742182739,baseline
4776,19137,2254,20865964048384.0,13.31943845476646,baseline
4779,19145,2957,11883756126208.0,13.074953730801695,baseline
4788,19174,165,82350293647360.0,13.915665152129948,baseline
4789,19176,437,84636801695744.0,13.92755924363093,baseline
4792,19186,69,269337868894208.0,14.43029741949233,baseline
4796,19201,444,57526712270848.0,13.759869554219668,baseline
4800,19217,1587,22334144512000.0,13.348969321892556,baseline
4807,19238,1185,39813663162368.0,13.600032137845677,baseline
4808,19240,2958,16279280812032.0,13.21163521466466,baseline
4811,19248,14302,2902477242368.0,12.46276882322448,baseline
4825,19297,6528,5228652396544.0,12.718389770672504,baseline
4836,19336,1363,23592098070528.0,13.372766564876084,baseline
4837,19337,455,74523831435264.0,13.872295174839584,baseline
4839,19340,5971,7182501281792.0,12.856275712168356,baseline
4841,19346,5985,8105523412992.0,12.908781064592874,baseline
4843,19352,3785,11584133922816.0,13.063863569709753,baseline
4844,19353,38027,1205611266048.0,12.08120729766724,baseline
4845,19355,574,73404623355904.0,13.86572341461256,baseline
4853,19384,109,188158054498304.0,14.274522813935697,baseline
4859,19406,101,121944716345344.0,14.086162987825046,baseline
4864,19422,45550,1062787153920.0,12.026446296382412,baseline
4865,19423,2039,23104170491904.0,13.363690380677458,baseline
4866,19424,2014,24412074016768.0,13.387604678056029,baseline
4870,19435,594,68042126000128.0,13.832777874836172,baseline
4873,19442,1117,30655123554304.0,13.486503070874091,baseline
4879,19459,147,187930807107584.0,14.273997978930446,baseline
4887,19485,5309,7714777858048.0,12.887323425355367,baseline
4890,19491,707,54530980970496.0,13.73664331038151,baseline
4891,19492,684,61184141164544.0,13.786638868268875,baseline
4894,19500,240,70644460945408.0,13.849078115580904,baseline
4896,19505,20,431286791438336.0,14.63476615767462,baseline
4898,19510,1148,34034721751040.0,13.531922204404935,baseline
4899,19511,67,278848855867392.0,14.445368866896445,baseline
4902,19519,5383,7349562507264.0,12.866261487882014,baseline
4905,19524,2785,18098025398272.0,13.25763119335454,baseline
4908,19535,84,158344471904256.0,14.19960290595621,baseline
4910,19541,3632,6203301167104.0,12.792622866452138,baseline
4921,19584,21,382146090893312.0,14.582229421392803,baseline
4929,19613,811,55779629465600.0,13.746475624996728,baseline
4931,19618,145,155587975315456.0,14.191976029312148,baseline
4932,19619,6914,6254892154880.0,12.79621982610869,baseline
4935,19627,9379,4671741100032.0,12.66947876690764,baseline
4938,19639,37,197666877210624.0,14.2959339012316,baseline
4939,19640,41,357260815499264.0,14.552985385232216,baseline
4940,19642,26,278377265102848.0,14.444633763828053,baseline
4950,19674,5138,7396056891392.0,12.8690002431473,baseline
4951,19675,1963,25916585541632.0,13.413577783537026,baseline
4953,19679,98,228585860235264.0,14.359049362490914,baseline
4955,19688,116,198077717676032.0,14.296835623268862,baseline
4956,19689,607,60780804308992.0,13.783766442776596,baseline
4962,19709,2125,16832335446016.0,13.226144377470204,baseline
4968,19731,455,74523831435264.0,13.872295174839584,baseline
4970,19735,5468,5853011247104.0,12.767379358652112,baseline
4972,19739,7718,5897519628288.0,12.77066939499095,baseline
4974,19746,9728,4716854509568.0,12.67365248072604,baseline
4976,19750,6215,5700701913088.0,12.755928332552005,baseline
4981,19764,7296,5354290675712.0,12.728701944630338,baseline
4985,19776,124,178725417123840.0,14.252186319330942,baseline
4988,19787,583,64927419072512.0,13.812428139591622,baseline
4991,19797,88,223381030961152.0,14.349046290987864,baseline
4998,19818,4,841819696922624.0,14.925219083166256,baseline
5006,19849,1518,25340875374592.0,13.403821613064729,baseline
5008,19853,260,66928957718528.0,13.825614061808873,baseline
5011,19866,1513,17632128401408.0,13.24630473982028,baseline
5015,19877,217,144810090430464.0,14.160798824745036,baseline
5017,19883,540,64589253312512.0,13.810160263887784,baseline
5018,19884,13746,3391079841792.0,12.53033801521055,baseline
5028,19912,282,80834186969088.0,13.907595074536232,baseline
5033,19924,221,122974577360896.0,14.089815338650387,baseline
5037,19937,354,97267235160064.0,13.987966571146448,baseline
5038,19939,165,82350293647360.0,13.915665152129948,baseline
5040,19946,2467,18016039337984.0,13.255659321453376,baseline
5048,19975,118,192892568076288.0,14.28531549511078,baseline
5053,19990,600,63358732599296.0,13.801806481229209,baseline
5055,19995,236,111531140317184.0,14.047396142538728,baseline
5058,20005,672,54302471094272.0,13.73481959309139,baseline
5062,20018,548,75069074178048.0,13.875461059774146,baseline
5066,20027,3203,7535037251584.0,12.877085403713345,baseline
5074,20056,4332,8619660148736.0,12.935490143036054,baseline
5078,20068,189,142160531816448.0,14.1527790394773,baseline
5079,20070,56,296168328265728.0,14.47153861395946,baseline
5080,20072,5015,7636977713152.0,12.882921523211056,baseline
5088,20095,53,184230525009920.0,14.265361589731892,baseline
5089,20096,290,60722771918848.0,13.783351588341688,baseline
5090,20097,1210,33522148442112.0,13.525331844882269,baseline
5094,20110,31754,1371452866560.0,12.137180886570771,baseline
5096,20114,239,113186665660416.0,14.053795266329251,baseline
5097,20115,7187,6563024601088.0,12.817104032185728,baseline
5103,20131,593,74121958391808.0,13.86994688538404,baseline
5104,20132,33276,1613386088448.0,12.207738307883805,baseline
5119,20178,242,109316430364672.0,14.038685441734156,baseline
5123,20190,340,114998093283328.0,14.060690639628444,baseline
5124,20192,18,407155215695872.0,14.609760002516866,baseline
5129,20206,21,382146090893312.0,14.582229421392803,baseline
5135,20229,197,138800206446592.0,14.1423901120738,baseline
5138,20238,3584,12462721073152.0,13.095612875231325,baseline
5139,20239,764,54687277514752.0,13.737886303521826,baseline
5141,20243,116,198077717676032.0,14.296835623268862,baseline
5142,20244,13766,3499630526464.0,12.544022196125162,baseline
5143,20245,96,214734724923392.0,14.331902280221906,baseline
5144,20246,137,173721042026496.0,14.23985242571552,baseline
5147,20255,399,61582495186944.0,13.789457281578663,baseline
5149,20260,4479,11037687414784.0,13.042878090765964,baseline
5150,20262,4989,7950018019328.0,12.90036811301947,baseline
5151,20263,1963,25916585541632.0,13.413577783537026,baseline
5154,20271,7876,6443828248576.0,12.809143956376332,baseline
5157,20286,332,99754541318144.0,13.998932676033132,baseline
5158,20288,8397,5878467526656.0,12.769264123446762,baseline
5164,20307,10618,4407492083712.0,12.644191540936582,baseline
5165,20308,7102,3125138161664.0,12.494869222167106,baseline
5169,20320,938,42465805467648.0,13.628039365953748,baseline
5175,20338,174,128181143076864.0,14.107824140159272,baseline
5201,20430,799,31951421440000.0,13.504490183615438,baseline
5204,20442,5490,8213247295488.0,12.914514899346122,baseline
5207,20451,716,60128938164224.0,13.77908353457076,baseline
5209,20459,54,314248664186880.0,14.497273440256166,baseline
5210,20462,1172,33123565830144.0,13.520137083456914,baseline
5217,20482,7239,6937303318528.0,12.84119068349811,baseline
5219,20485,1146,29901205798912.0,13.475688702078772,baseline
5220,20487,1228,32674223751168.0,13.514205278744123,baseline
5224,20496,2343,20930908651520.0,13.32078808231744,baseline
5225,20497,2,1033314370584576.0,15.014232469282954,baseline
5228,20508,128,167641163497472.0,14.224380666351609,baseline
5229,20509,90,239398222299136.0,14.37912092113914,baseline
5235,20528,6212,5568861831168.0,12.74576644275855,baseline
5237,20535,19,467371865145344.0,14.669662565180955,baseline
5241,20546,2976,15873864630272.0,13.200682672392915,baseline
5244,20558,420,64300743917568.0,13.808215997456506,baseline
5254,20595,93,235066697449472.0,14.371191105780005,baseline
5255,20596,1873,7673804226560.0,12.885010715319783,baseline
5260,20615,146,167491024191488.0,14.223991538247155,baseline
5262,20623,625,42342132219904.0,13.62677272397207,baseline
5264,20627,3645,11719130742784.0,13.06889539942842,baseline
5271,20649,2313,16031446728704.0,13.204972716236986,baseline
5279,20672,3091,9768193228800.0,12.989814241986332,baseline
5280,20676,10814,5037196050432.0,12.702188854166,baseline
5281,20678,1937,24658598428672.0,13.391968388075114,baseline
5299,20735,10,635853466501120.0,14.803357043286407,baseline
5301,20739,1808,11497894838272.0,13.060618332195933,baseline
5311,20773,12,655181557530624.0,14.816361664125669,baseline
5336,20857,47,183143579516928.0,14.262791698161662,baseline
5337,20860,775,48216322080768.0,13.683194079518282,baseline
5339,20864,3418,11865036947456.0,13.074269094938632,baseline
5346,20893,1697,25339753398272.0,13.403802384095536,baseline
5358,20934,1404,31474826870784.0,13.497963349923031,baseline
5362,20944,1629,23080543977472.0,13.363246040342894,baseline
5363,20947,1291,31427647242240.0,13.497311869787596,baseline
5365,20952,0,1535789976518656.0,15.186331828797393,baseline
5367,20957,1070,35917595148288.0,13.555307250913092,baseline
5370,20963,1974,20866920349696.0,13.319458358321604,baseline
5373,20973,225,128242103091200.0,14.108030631565471,baseline
5375,20978,627,62511038595072.0,13.79595671458608,baseline
5382,21000,84,158344471904256.0,14.19960290595621,baseline
5387,21015,4742,9392790437888.0,12.972794632920616,baseline
5392,21027,9529,4209190109184.0,12.624198541216078,baseline
5394,21031,144,177805841137664.0,14.24994602396933,baseline
5400,21050,1869,24295120044032.0,13.385519049286325,baseline
5403,21061,12807,3358408835072.0,12.526133563752014,baseline
5404,21063,2,1033314370584576.0,15.014232469282954,baseline
5409,21077,4423,8813558104064.0,12.945151271976307,baseline
5411,21081,2506,15525481545728.0,13.19104507934196,baseline
5412,21082,1537,25780482473984.0,13.411291040784189,baseline
5419,21106,3919,6356612939776.0,12.803225767630368,baseline
5424,21117,268,101358334115840.0,14.00585946404741,baseline
5425,21118,363,90174650318848.0,13.955084466877407,baseline
5430,21130,434,98583760076800.0,13.993805378532276,baseline
5434,21138,1,1307340129173504.0,15.116388592175756,baseline
5443,21164,22536,1700704157696.0,12.230628773427703,baseline
5446,21174,1617,21241257787392.0,13.32718022963874,baseline
5453,21194,1887,24873199992832.0,13.39573166182115,baseline
5455,21199,23190,2254691631104.0,12.353087152835856,baseline
5461,21217,411,84143316664320.0,13.92501962653793,baseline
5466,21238,209,136998895484928.0,14.13671706579338,baseline
5477,21269,1311,29406384881664.0,13.46844163714061,baseline
5479,21272,3629,11722414882816.0,13.069017087983074,baseline
5483,21286,51409,1106477711360.0,12.0439426700203,baseline
5488,21301,23169,2117681938432.0,12.325860732562472,baseline
5498,21327,3425,6954329571328.0,12.842255268403257,baseline
5504,21348,823,45521884413952.0,13.658220231718335,baseline
5506,21351,2249,13074347065344.0,13.116420009355856,baseline
5516,21375,331,72077663010816.0,13.857800696978211,baseline
5518,21380,14,437283203317760.0,14.640762795784122,baseline
5524,21401,53795,979708739584.0,11.99109698223096,baseline
5527,21409,113,200451358195712.0,14.302009003240094,baseline
5528,21411,929,41255304167424.0,13.615479793432677,baseline
5532,21425,2866,10838831267840.0,13.034982455514884,baseline
5539,21444,24,367364893835264.0,14.565097651855222,baseline
5541,21449,6000,8199570194432.0,12.913791088105835,baseline
5546,21462,1874,22557489102848.0,13.353290756239227,baseline
5549,21473,1856,24837718278144.0,13.395111696789312,baseline
5552,21481,1065,20960482689024.0,13.321401279588686,baseline
5559,21506,15,497315974479872.0,14.696632409598273,baseline
5561,21511,1726,28609909620736.0,13.456516485862668,baseline
5563,21515,720,65577833988096.0,13.816757067982133,baseline
5573,21544,17002,2759634976768.0,12.44085164073936,baseline
5576,21552,1218,30934896214016.0,13.4904486633088,baseline
5578,21555,1186,35239422328832.0,13.54702878051592,baseline
5580,21561,54,314248664186880.0,14.497273440256166,baseline
5582,21567,293,100814081228800.0,14.003521196522817,baseline
5584,21575,6937,6454540500992.0,12.809865330260578,baseline
5587,21581,3061,11308811419648.0,13.053416962041831,baseline
5588,21583,84,158344471904256.0,14.19960290595621,baseline
5594,21600,131,185050360446976.0,14.267289935364555,baseline
5600,21617,4177,9198640300032.0,12.9637236367114,baseline
5601,21620,2813,12571470987264.0,13.099386097437336,baseline
5604,21630,1592,27641860063232.0,13.441567264028407,baseline
5606,21635,4593,10383506014208.0,13.01634401878539,baseline
5607,21636,96,214734724923392.0,14.331902280221906,baseline
5611,21646,239,113186665660416.0,14.053795266329251,baseline
5616,21663,613,44262511083520.0,13.646036048515356,baseline
5618,21668,1604,27367651147776.0,13.437237525311708,baseline
5621,21677,378,51961936216064.0,13.71568532547038,baseline
5625,21689,151,177005769261056.0,14.24798742182739,baseline
5635,21718,218,121661835706368.0,14.085154365070611,baseline
5637,21722,265,116946104221696.0,14.067985758909591,baseline
5654,21785,51843,961256488960.0,11.982839284523411,baseline
5662,21808,80,193627108147200.0,14.286966159246084,baseline
5664,21811,837,36506404126720.0,13.562369057139469,baseline
5667,21818,45,305942902079488.0,14.485640381953424,baseline
5669,21827,117,221948206383104.0,14.34625163973729,baseline
5673,21840,523,70654569218048.0,13.849140252837351,baseline
5676,21846,1026,41776719069184.0,13.62093432970606,baseline
5677,21849,707,54530980970496.0,13.73664331038151,baseline
5680,21857,143,90142035410944.0,13.95492736023331,baseline
5684,21870,305,106751428919296.0,14.0283736969768,baseline
5687,21880,25923,2239827017728.0,12.350214478982783,baseline
5690,21889,418,64368444178432.0,13.808673012113472,baseline
5693,21899,2022,16418282143744.0,13.215327714627424,baseline
5699,21917,6978,7010299412480.0,12.845736567240689,baseline
5701,21920,38,128062117117952.0,14.107420677287024,baseline
5702,21924,10997,3910510837760.0,12.592233493848315,baseline
5703,21925,1989,20938043162624.0,13.320936090743698,baseline
5714,21960,1412,26058009083904.0,13.415941231142323,baseline
5718,21971,143,90142035410944.0,13.95492736023331,baseline
5721,21977,98,228585860235264.0,14.359049362490914,baseline
5725,21991,3049,16764996943872.0,13.224403478596354,baseline
5731,22009,20,431286791438336.0,14.63476615767462,baseline
5739,22035,98,228585860235264.0,14.359049362490914,baseline
5748,22060,271,98774273753088.0,13.99464384517519,baseline
5753,22069,4647,8017187700736.0,12.904022051545454,baseline
5758,22082,305,106751428919296.0,14.0283736969768,baseline
5761,22087,2885,15217003069440.0,13.182329128218775,baseline
5769,22108,5026,7382407053312.0,12.868197987775575,baseline
5773,22118,34543,1586006327296.0,12.200304915582,baseline
5775,22122,17973,2705891786752.0,12.432310424428568,baseline
5776,22123,1296,29842133221376.0,13.474829864818012,baseline
5777,22124,811,55779629465600.0,13.746475624996728,baseline
5804,22214,80,193627108147200.0,14.286966159246084,baseline
5816,22258,485,69490628886528.0,13.8419262420394,baseline
5817,22259,1149,31815402258432.0,13.50263741861461,baseline
5820,22266,5502,7066528251904.0,12.849206099602055,baseline
5827,22285,525,57845856862208.0,13.762272258597758,baseline
5829,22288,158,176244922515456.0,14.2461166141441,baseline
5831,22293,14971,3610728726528.0,12.557594861177456,baseline
5833,22297,570,52305344856064.0,13.718546069802118,baseline
5837,22306,1119,26606265434112.0,13.424983919452533,baseline
5844,22321,24,367364893835264.0,14.565097651855222,baseline
5851,22347,835,38440708079616.0,13.584791378794575,baseline
5870,22404,726,55012763893760.0,13.740463464867142,baseline
5873,22414,1809,23206601687040.0,13.36561154818439,baseline
5876,22423,867,48917316108288.0,13.689462621067932,baseline
5877,22424,193,98666782130176.0,13.994170964567004,baseline
5878,22425,133,198890708008960.0,14.29861449375943,baseline
5889,22469,152,163909508005888.0,14.214604146704874,baseline
5891,22473,8961,3539427393536.0,12.548933007804836,baseline
5892,22474,14686,2803294273536.0,12.44766868986328,baseline
5896,22481,5802,7408929210368.0,12.869755445275942,baseline
5903,22500,1264,29245994696704.0,13.466066396906156,baseline
5904,22501,470,47733666742272.0,13.678824796712158,baseline
5910,22518,9437,3950656094208.0,12.596669225862582,baseline
5920,22553,343,105406022025216.0,14.02286542356733,baseline
5923,22560,1782,26502519324672.0,13.423287159853702,baseline
5925,22563,579,68386394472448.0,13.834969707081504,baseline
5928,22570,3219,12990215618560.0,13.113616359785397,baseline
5943,22619,14051,3017085550592.0,12.479587624932453,baseline
5954,22653,3120,14093296599040.0,13.149012591925068,baseline
5962,22678,35,381228075188224.0,14.581184876358591,baseline
5982,22752,13688,3166744084480.0,12.500612967953863,baseline
5991,22780,185,136576881393664.0,14.135377191784158,baseline
6000,22814,56,296168328265728.0,14.47153861395946,baseline
6007,22835,9,641211639529472.0,14.807001397240343,baseline
6027,22899,15,497315974479872.0,14.696632409598273,baseline
6032,22910,754,54715698118656.0,13.7381119447652,baseline
6039,22940,2255,21215601229824.0,13.326655343766792,baseline
6048,22970,759,47164260614144.0,13.673613030469552,baseline
6054,22988,2769,16875923701760.0,13.2272675532126,baseline
6059,23000,271,98774273753088.0,13.99464384517519,baseline
6061,23006,3272,11987388989440.0,13.078724598364593,baseline
6073,23060,317,108471882088448.0,14.035317175636992,baseline
6077,23070,6914,6254892154880.0,12.79621982610869,baseline
6081,23083,288,106871897718784.0,14.028863521203665,baseline
6082,23085,2292,18884778262528.0,13.276111889882324,baseline
6092,23113,25,219906721185792.0,14.342238503254803,baseline
6108,23158,1366,30455067836416.0,13.483659571197425,baseline
6117,23188,629,56552216068096.0,13.752449627958,baseline
6120,23193,11,547336941993984.0,14.738254761430827,baseline
6121,23195,11255,4219977072640.0,12.625310091423051,baseline
6127,23218,1788,23117688733696.0,13.363944411912074,baseline
6142,23265,156,170201618317312.0,14.23096368514303,baseline
6156,23316,3931,9935448440832.0,12.997187473960537,baseline
6162,23337,1386,24027248721920.0,13.380704044074992,baseline
6166,23345,2030,23906933014528.0,13.37852386468535,baseline
6170,23350,273,80389464915968.0,13.90519913794437,baseline
6171,23351,64,279798244966400.0,14.446844986053598,baseline
6175,23364,318,58181103386624.0,13.764781953249615,baseline
6176,23366,23006,2354262835200.0,12.37185494682726,baseline
6184,23383,12627,2796285329408.0,12.446581484192755,baseline
6201,23435,31,390177377746944.0,14.591262085651834,baseline
6210,23460,69,269337868894208.0,14.43029741949233,baseline
6211,23462,2500,16207883272192.0,13.209726300275248,baseline
6213,23466,1258,28357582389248.0,13.452669202541903,baseline
6223,23498,344,93962635313152.0,13.972955188670811,baseline
6226,23507,38690,1190194446336.0,12.075617919436374,baseline
6250,23578,107,187167024349184.0,14.272229335830058,baseline
6253,23587,29,212362409803776.0,14.327077644897338,baseline
6255,23590,860,36740299489280.0,13.5651426921443,baseline
6267,23631,664,60311356833792.0,13.780399098970046,baseline
6274,23648,3329,13179396554752.0,13.11989552566459,baseline
6293,23708,58,279208861368320.0,14.445929197555325,baseline
6298,23723,60,290497797029888.0,14.463142843296431,baseline
6303,23735,93,235066697449472.0,14.371191105780005,baseline
6308,23750,575,73962927161344.0,13.86901409049232,baseline
6317,23775,1199,32238108409856.0,13.508369551394148,baseline
6326,23803,6568,4589534838784.0,12.661768670899695,baseline
6356,23890,191,156477503307776.0,14.194451908070404,baseline
6399,24029,226,114129838800896.0,14.057399203860903,baseline
6446,24186,6122,6380006146048.0,12.80482109709004,baseline
6449,24196,1215,30693943934976.0,13.487052695507408,baseline
6450,24197,83,128114512363520.0,14.10759832788998,baseline
6451,24198,1019,40530692014080.0,13.607784018874453,baseline
6468,24246,719,52121881804800.0,13.71702008706141,baseline
6469,24247,51,316146536415232.0,14.499888428205248,baseline
6479,24272,242,109316430364672.0,14.038685441734156,baseline
6483,24284,1426,29193161146368.0,13.465281124590335,baseline
6484,24285,8958,5161873309696.0,12.712807341243275,baseline
6512,24372,1541,27561291677696.0,13.440299567203311,baseline
6514,24377,87,78567408926720.0,13.895242430790525,baseline
6520,24392,6,459285179924480.0,14.662082431960792,baseline
6553,24489,6837,6577439899648.0,12.818056888476406,baseline
6555,24491,1176,36476414853120.0,13.562012146377295,baseline
6556,24492,4299,11875484958720.0,13.074651353926004,baseline
6567,24536,41,357260815499264.0,14.552985385232216,baseline
6576,24571,344,93962635313152.0,13.972955188670811,baseline
6597,24632,4768,9208350113792.0,12.96418182339294,baseline
6609,24671,57840,767809093632.0,11.88525325142662,baseline
6621,24708,298,100322039037952.0,14.00139635057926,baseline
6623,24713,8951,4726648209408.0,12.674553280238548,baseline
6638,24766,191,156477503307776.0,14.194451908070404,baseline
6639,24767,16,379204239622144.0,14.578873184241475,baseline
6640,24768,781,52605162094592.0,13.721028363149872,baseline
6643,24773,170,86061992640512.0,13.934811397321257,baseline
6644,24774,26,278377265102848.0,14.444633763828053,baseline
6649,24789,16890,2735872147456.0,12.437095798109574,baseline
6656,24807,2619,14509629505536.0,13.16165632313687,baseline
6662,24824,7573,6139519959040.0,12.788134415556453,baseline
6678,24866,624,47573284945920.0,13.677363140585983,baseline
6679,24867,802,48450024505344.0,13.685294001046907,baseline
6693,24899,164,162742719741952.0,14.211501569611247,baseline
6716,24958,882,45428653424640.0,13.657329863847082,baseline
6718,24962,359,39266109358080.0,13.594017871781636,baseline
6726,24982,530,71088553852928.0,13.851799679510531,baseline
6734,24999,48,324151516594176.0,14.510748057859148,baseline
6738,25012,60,290497797029888.0,14.463142843296431,baseline
6746,25035,2189,19022431125504.0,13.27926602032587,baseline
6783,25154,3492,13315706191872.0,13.124364203978136,baseline
6788,25164,3143,10488250368000.0,13.020703045972551,baseline
6801,25202,6279,8126128979968.0,12.909883711276612,baseline
6805,25209,8530,5164893208576.0,12.713061346299854,baseline
6806,25210,9891,4183130112000.0,12.62150137307808,baseline
6808,25218,1203,37577016999936.0,13.574922301259804,baseline
6830,25274,2419,20165412519936.0,13.304607110712563,baseline
6861,25361,7,581220677189632.0,14.764341056124303,baseline
6873,25391,90,239398222299136.0,14.37912092113914,baseline
6875,25394,3627,8875224858624.0,12.948179364952203,baseline
6881,25406,6601,6961686380544.0,12.842714454704224,baseline
6899,25455,1477,27883904958464.0,13.445353593785995,baseline
6904,25471,42,198878729076736.0,14.298588335972129,baseline
6909,25482,4068,11765202026496.0,13.070599389075923,baseline
6911,25486,7009,3957548122112.0,12.59742620440379,baseline
6968,25658,347,51592959098880.0,13.712590437418966,baseline
6998,25751,79986,505636618240.0,11.70383851805064,baseline
7010,25781,64617,827921399808.0,11.917989108222107,baseline
7013,25787,75,134628685905920.0,14.129137606717835,baseline
7035,25859,2524,11751160545280.0,13.070080759673443,baseline
7036,25860,4901,7729275469824.0,12.888138785741768,baseline
7039,25872,32,390393736724480.0,14.59150284145414,baseline
7041,25876,1044,41018615398400.0,13.612980996476438,baseline
7051,25902,4102,10739735592960.0,13.03099358937732,baseline
7055,25916,5483,7661985726464.0,12.88434133859933,baseline
7065,25948,16777,2951107575808.0,12.469985040990393,baseline
7068,25956,1779,13273441239040.0,13.122983531559058,baseline
7074,25973,1359,28568423759872.0,13.455886279190086,baseline
7079,25985,5046,3437693239296.0,12.536267120045933,baseline
7109,26071,27,456104488206336.0,14.659064345851233,baseline
7110,26072,1050,38198688350208.0,13.582048450554463,baseline
7146,26174,16349,2875118321664.0,12.458655722204217,baseline
7149,26183,22,360359567294464.0,14.556736056763258,baseline
7170,26247,203,165268915486720.0,14.21819117721292,baseline
7194,26317,3360,13231308406784.0,13.121602792467918,baseline
7202,26331,1119,26606265434112.0,13.424983919452533,baseline
7204,26334,12,655181557530624.0,14.816361664125669,baseline
7206,26337,14434,3462251937792.0,12.539358667009,baseline
7223,26383,1291,31427647242240.0,13.497311869787596,baseline
7249,26453,214,138947200024576.0,14.142849799575943,baseline
7257,26472,6,459285179924480.0,14.662082431960792,baseline
7270,26505,2972,12689573150720.0,13.103447013630976,baseline
7308,26625,1687,24665395298304.0,13.39208808004533,baseline
7321,26658,144,177805841137664.0,14.24994602396933,baseline
7359,26770,1727,21296257695744.0,13.328303293350478,baseline
7361,26774,8281,3242482204672.0,12.510877601276098,baseline
7430,26980,1219,32888129060864.0,13.517039168050786,baseline
7443,27022,1959,20446971953152.0,13.31062900127207,baseline
7453,27050,59,213580418908160.0,14.329561433984113,baseline
7456,27058,1813,25084137832448.0,13.399399178473397,baseline
7472,27109,78927,592412737536.0,11.772624387766331,baseline
7503,27202,2758,14792740831232.0,13.170048648479638,baseline
7543,27321,10654,3954792988672.0,12.59712375553777,baseline
7631,27563,9,641211639529472.0,14.807001397240343,baseline
7658,27631,82,135533791543296.0,14.132047587839036,baseline
7659,27632,1884,22378010640384.0,13.349821476012478,baseline
7761,27908,6088,5198242119680.0,12.715856503866826,baseline
7780,27964,1043,18720128761856.0,13.272308831601404,baseline
7796,28016,771,34327614193664.0,13.53564362053812,baseline
7946,28436,368,88182574022656.0,13.945382771599856,baseline
8090,28817,9559,4760791416832.0,12.677679154273656,baseline
8092,28819,432,71766454042624.0,13.855921488411973,baseline
8116,28880,1606,21371448983552.0,13.329833968314174,baseline
8183,29043,623,29950327390208.0,13.47640157407036,baseline
8211,29099,30700,1694970675200.0,12.22916218884648,baseline
8247,29209,1214,30524129148928.0,13.484643282405283,baseline
8372,29550,921,29774246313984.0,13.4738407768443,baseline
8475,29823,6,459285179924480.0,14.662082431960792,baseline
9834,33346,690,51297604599808.0,13.710097085708812,baseline
36,494,1,1307340129173504.0,15.116388592175756,properties_parent
40,537,128,167641163497472.0,14.224380666351609,properties_parent
65,747,8,398251614273536.0,14.600157544846471,properties_parent
77,846,332,99754541318144.0,13.998932676033132,properties_parent
80,867,473,81075552387072.0,13.90888991630696,properties_parent
99,983,25,219906721185792.0,14.342238503254803,properties_parent
101,1003,35,381228075188224.0,14.581184876358591,properties_parent
102,1017,56,296168328265728.0,14.47153861395946,properties_parent
103,1034,215,116181465825280.0,14.065136851532658,properties_parent
108,1065,191,156477503307776.0,14.194451908070404,properties_parent
111,1086,21,382146090893312.0,14.582229421392803,properties_parent
118,1134,312,90020350263296.0,13.954340698417177,properties_parent
124,1169,675,57136910434304.0,13.756916753064406,properties_parent
129,1205,130,164261326225408.0,14.215535324944792,properties_parent
130,1218,981,40483397042176.0,13.607276947872544,properties_parent
133,1234,1140,36408756535296.0,13.561205846770225,properties_parent
135,1251,56,296168328265728.0,14.47153861395946,properties_parent
139,1280,19,467371865145344.0,14.669662565180955,properties_parent
140,1288,1381,34546263261184.0,13.53840107825686,properties_parent
141,1301,106,201667337256960.0,14.304635564064275,properties_parent
142,1309,113,200451358195712.0,14.302009003240094,properties_parent
146,1336,455,74523831435264.0,13.872295174839584,properties_parent
147,1344,35,381228075188224.0,14.581184876358591,properties_parent
152,1377,147,187930807107584.0,14.273997978930446,properties_parent
155,1396,192,129208068079616.0,14.111289632955176,properties_parent
157,1411,160,171195450261504.0,14.233492218562052,properties_parent
160,1425,77,230889556541440.0,14.363404289612728,properties_parent
163,1441,54,314248664186880.0,14.497273440256166,properties_parent
169,1477,332,99754541318144.0,13.998932676033132,properties_parent
170,1482,130,164261326225408.0,14.215535324944792,properties_parent
179,1534,132,179053478805504.0,14.252982763277869,properties_parent
192,1617,70,258570536878080.0,14.412579037171405,properties_parent
193,1626,2,1033314370584576.0,15.014232469282954,properties_parent
194,1636,2,1033314370584576.0,15.014232469282954,properties_parent
198,1662,88,223381030961152.0,14.349046290987864,properties_parent
199,1672,756,52550246072320.0,13.720574754000808,properties_parent
200,1684,3122,16182326329344.0,13.209040954814808,properties_parent
201,1692,1921,12468602535936.0,13.09581778106946,properties_parent
203,1708,3,899670222045184.0,14.95408334611498,properties_parent
208,1733,412,81883476000768.0,13.913196270432948,properties_parent
210,1748,37,197666877210624.0,14.2959339012316,properties_parent
211,1759,2039,23104170491904.0,13.363690380677458,properties_parent
215,1780,313,106644214120448.0,14.027937298194024,properties_parent
217,1798,60,290497797029888.0,14.463142843296431,properties_parent
228,1852,2553,10643940835328.0,13.027102451846844,properties_parent
229,1860,214,138947200024576.0,14.142849799575943,properties_parent
235,1896,7810,6039436525568.0,12.780996421195312,properties_parent
241,1920,2,1033314370584576.0,15.014232469282954,properties_parent
242,1924,15850,3375513468928.0,12.52833984524424,properties_parent
243,1940,83,128114512363520.0,14.10759832788998,properties_parent
245,1951,4651,10005938962432.0,13.000257849300956,properties_parent
246,1965,8,398251614273536.0,14.600157544846471,properties_parent
249,1978,264,60795924774912.0,13.783874468958846,properties_parent
250,1988,39,334133456797696.0,14.523919963740935,properties_parent
254,2011,197,138800206446592.0,14.1423901120738,properties_parent
258,2033,4,841819696922624.0,14.925219083166256,properties_parent
264,2061,319,95636196163584.0,13.980622294147857,properties_parent
267,2079,360,96995049996288.0,13.986749571233757,properties_parent
268,2087,337,96431452979200.0,13.984218710535105,properties_parent
269,2097,14,437283203317760.0,14.640762795784122,properties_parent
275,2123,5171,9006766620672.0,12.954568909644228,properties_parent
277,2137,67,278848855867392.0,14.445368866896445,properties_parent
284,2165,414,81897241706496.0,13.91326927499826,properties_parent
286,2181,18,407155215695872.0,14.609760002516866,properties_parent
287,2186,943,38863686860800.0,13.589543998202757,properties_parent
288,2192,109,188158054498304.0,14.274522813935697,properties_parent
289,2201,323,98153567092736.0,13.991906087334309,properties_parent
290,2208,139,146933045788672.0,14.16711948122038,properties_parent
294,2230,230,134836362674176.0,14.129807028543086,properties_parent
295,2240,1797,22812601352192.0,13.358174811295342,properties_parent
302,2293,323,98153567092736.0,13.991906087334309,properties_parent
305,2310,1145,31172694376448.0,13.493774341649688,properties_parent
308,2328,14,437283203317760.0,14.640762795784122,properties_parent
309,2332,47,183143579516928.0,14.262791698161662,properties_parent
311,2341,24,367364893835264.0,14.565097651855222,properties_parent
312,2353,201,151025663082496.0,14.179050751188042,properties_parent
313,2359,48,324151516594176.0,14.510748057859148,properties_parent
314,2366,467,73059776069632.0,13.863678336752544,properties_parent
315,2376,1251,31752647081984.0,13.501779936405264,properties_parent
317,2388,1451,25961900802048.0,13.414336486187658,properties_parent
319,2395,330,62948298981376.0,13.798983998892124,properties_parent
320,2401,339,30564960698368.0,13.485223841693184,properties_parent
321,2412,25,219906721185792.0,14.342238503254803,properties_parent
322,2419,464,80022396207104.0,13.90321155184105,properties_parent
323,2426,191,156477503307776.0,14.194451908070404,properties_parent
324,2436,357,94136631820288.0,13.973758655325671,properties_parent
325,2445,1121,34540905037824.0,13.538333712727198,properties_parent
326,2451,1093,21094633308160.0,13.3241719803637,properties_parent
328,2459,590,67743256674304.0,13.830866070987122,properties_parent
329,2469,605,61406233755648.0,13.788212461503669,properties_parent
332,2478,2,1033314370584576.0,15.014232469282954,properties_parent
334,2490,831,48571189559296.0,13.68637873992994,properties_parent
336,2500,53,184230525009920.0,14.265361589731892,properties_parent
337,2509,2323,20626481872896.0,13.314425159457262,properties_parent
339,2521,439,67240577728512.0,13.8276314362253,properties_parent
346,2562,110,164342309847040.0,14.215749386731398,properties_parent
347,2570,101,121944716345344.0,14.086162987825046,properties_parent
348,2575,600,63358732599296.0,13.801806481229209,properties_parent
350,2585,202,158652518367232.0,14.200446970254973,properties_parent
351,2595,957,45228916473856.0,13.655416183698565,properties_parent
352,2604,2071,20833110065152.0,13.318754108320794,properties_parent
354,2612,79,253893451710464.0,14.404651499917891,properties_parent
358,2641,51,316146536415232.0,14.499888428205248,properties_parent
360,2657,4,841819696922624.0,14.925219083166256,properties_parent
361,2664,237,74851809230848.0,13.874202302066884,properties_parent
366,2688,0,1535789976518656.0,15.186331828797393,properties_parent
367,2696,43,343380722712576.0,14.53577591035154,properties_parent
370,2713,541,71958049849344.0,13.857079384924416,properties_parent
371,2719,12162,4136569929728.0,12.616640370580058,properties_parent
373,2737,440,72182579331072.0,13.858432396831793,properties_parent
374,2744,30,389327343321088.0,14.590314906252068,properties_parent
375,2752,2889,14872389615616.0,13.172380754231275,properties_parent
376,2757,17,416661488271360.0,14.619783360778436,properties_parent
379,2778,2018,20020386070528.0,13.301472448102505,properties_parent
383,2795,383,92625600249856.0,13.966731035393382,properties_parent
389,2828,5605,8357128175616.0,12.922057063114387,properties_parent
391,2834,243,117173376778240.0,14.068828945882146,properties_parent
392,2841,9603,5296648355840.0,12.7240011411086,properties_parent
393,2849,0,1535789976518656.0,15.186331828797393,properties_parent
395,2863,1121,34540905037824.0,13.538333712727198,properties_parent
402,2899,8,398251614273536.0,14.600157544846471,properties_parent
403,2908,4394,11126504947712.0,13.046358765386294,properties_parent
404,2915,1439,27253027110912.0,13.43541474824753,properties_parent
405,2922,304,64784951148544.0,13.811474135621111,properties_parent
406,2931,474,66994992840704.0,13.8260423450454,properties_parent
409,2948,57,301115828600832.0,14.478733585447388,properties_parent
410,2954,778,53514088742912.0,13.728468134503428,properties_parent
413,2969,534,63930919550976.0,13.80571095115751,properties_parent
414,2974,397,89933930823680.0,13.953923575930144,properties_parent
415,2979,2958,16279280812032.0,13.21163521466466,properties_parent
416,2986,135,163210233643008.0,14.21274738649718,properties_parent
417,2991,1211,21409839448064.0,13.330613410541458,properties_parent
418,2994,217,144810090430464.0,14.160798824745036,properties_parent
420,3001,207,96327551680512.0,13.983750522134436,properties_parent
421,3009,3061,11308811419648.0,13.053416962041831,properties_parent
422,3018,39,334133456797696.0,14.523919963740935,properties_parent
424,3024,54,314248664186880.0,14.497273440256166,properties_parent
426,3035,340,114998093283328.0,14.060690639628444,properties_parent
428,3045,16,379204239622144.0,14.578873184241475,properties_parent
429,3051,3861,11366758875136.0,13.055636647334447,properties_parent
430,3056,1533,27039268601856.0,13.431994939988757,properties_parent
431,3064,1085,41799745798144.0,13.62117364065544,properties_parent
432,3069,350,93156901126144.0,13.96921503325251,properties_parent
433,3076,22,360359567294464.0,14.556736056763258,properties_parent
434,3082,4378,10484561477632.0,13.020550270583207,properties_parent
436,3089,21,382146090893312.0,14.582229421392803,properties_parent
444,3147,80,193627108147200.0,14.286966159246084,properties_parent
446,3153,2,1033314370584576.0,15.014232469282954,properties_parent
447,3156,58,279208861368320.0,14.445929197555325,properties_parent
448,3162,39,334133456797696.0,14.523919963740935,properties_parent
449,3168,732,56478928994304.0,13.751886452628131,properties_parent
450,3174,145,155587975315456.0,14.191976029312148,properties_parent
451,3184,1802,17505071398912.0,13.243163886485814,properties_parent
452,3190,6241,8060378021888.0,12.906355410163677,properties_parent
455,3201,795,52661088944128.0,13.721489835353722,properties_parent
457,3210,926,43106812559360.0,13.634545911068706,properties_parent
458,3220,449,65302595371008.0,13.814930442115935,properties_parent
459,3228,769,60123984691200.0,13.779047755548502,properties_parent
460,3231,20,431286791438336.0,14.63476615767462,properties_parent
461,3235,2208,16360019066880.0,13.213783805486646,properties_parent
464,3255,449,65302595371008.0,13.814930442115935,properties_parent
465,3264,58,279208861368320.0,14.445929197555325,properties_parent
467,3273,190,106295365468160.0,14.026514329476427,properties_parent
468,3278,46,176415714574336.0,14.246537268148105,properties_parent
471,3291,783,54372062986240.0,13.735375811326948,properties_parent
473,3304,20,431286791438336.0,14.63476615767462,properties_parent
476,3321,473,81075552387072.0,13.90888991630696,properties_parent
479,3334,127,201790498799616.0,14.304900713853124,properties_parent
481,3344,31,390177377746944.0,14.591262085651834,properties_parent
482,3350,421,50628604723200.0,13.704395958803694,properties_parent
483,3355,577,63530560651264.0,13.802982687960412,properties_parent
485,3364,2275,10886938886144.0,13.036905785014008,properties_parent
486,3373,2344,14210261057536.0,13.152602056450052,properties_parent
488,3383,353,86192754262016.0,13.93547075867522,properties_parent
489,3390,3486,12300929990656.0,13.08993794676802,properties_parent
491,3399,7,581220677189632.0,14.764341056124303,properties_parent
492,3406,232,138538993582080.0,14.141572028375624,properties_parent
496,3426,109,188158054498304.0,14.274522813935697,properties_parent
497,3432,27,456104488206336.0,14.659064345851233,properties_parent
498,3439,350,93156901126144.0,13.96921503325251,properties_parent
499,3447,84,158344471904256.0,14.19960290595621,properties_parent
501,3464,2786,4700521889792.0,12.672146079483356,properties_parent
502,3475,661,46589586440192.0,13.668288855381904,properties_parent
503,3481,334,104113522081792.0,14.017507138579992,properties_parent
504,3489,58,279208861368320.0,14.445929197555325,properties_parent
505,3495,132,179053478805504.0,14.252982763277869,properties_parent
506,3504,2382,17989472616448.0,13.255018431654404,properties_parent
507,3507,221,122974577360896.0,14.089815338650387,properties_parent
508,3512,865,47775798525952.0,13.679207954597096,properties_parent
509,3516,35,381228075188224.0,14.581184876358591,properties_parent
510,3524,2079,20420856119296.0,13.310073945394976,properties_parent
511,3526,119,170198598418432.0,14.230955979358162,properties_parent
513,3533,2927,15771018199040.0,13.19785973289452,properties_parent
515,3538,33,369590794190848.0,14.56772114522689,properties_parent
516,3545,457,66661625364480.0,13.823875898556722,properties_parent
518,3560,1042,39596536627200.0,13.597657201342832,properties_parent
519,3566,367,99850288889856.0,13.999349325722385,properties_parent
520,3572,11,547336941993984.0,14.738254761430827,properties_parent
521,3576,223,131011845292032.0,14.117310563689344,properties_parent
522,3582,1,1307340129173504.0,15.116388592175756,properties_parent
524,3590,806,45201494114304.0,13.655152790450169,properties_parent
529,3621,132,179053478805504.0,14.252982763277869,properties_parent
532,3628,12770,3957052932096.0,12.597371859708398,properties_parent
534,3637,2136,20792054120448.0,13.31789739693646,properties_parent
537,3655,24,367364893835264.0,14.565097651855222,properties_parent
538,3660,1986,21508319608832.0,13.332606481372164,properties_parent
541,3669,2072,20792584699904.0,13.317908479284966,properties_parent
542,3676,400,67376317988864.0,13.828507273774644,properties_parent
544,3685,4,841819696922624.0,14.925219083166256,properties_parent
545,3693,108,199525524307968.0,14.299998460709714,properties_parent
549,3716,520,58895720513536.0,13.77008373918645,properties_parent
550,3722,47,183143579516928.0,14.262791698161662,properties_parent
551,3728,2036,21378533163008.0,13.329977903816378,properties_parent
552,3734,91,164138567335936.0,14.21521063841577,properties_parent
554,3742,968,38998793781248.0,13.591051174661136,properties_parent
555,3750,71,276122960920576.0,14.441102521766004,properties_parent
557,3757,100,179395750789120.0,14.253812152026397,properties_parent
558,3763,968,38998793781248.0,13.591051174661136,properties_parent
560,3771,10,635853466501120.0,14.803357043286407,properties_parent
561,3775,252,118042587561984.0,14.0720387209192,properties_parent
563,3778,99,137743803875328.0,14.139072072109837,properties_parent
564,3786,174,128181143076864.0,14.107824140159272,properties_parent
566,3796,7333,5003180244992.0,12.699246149094751,properties_parent
568,3809,857,45056484442112.0,13.653757302635166,properties_parent
573,3825,7,581220677189632.0,14.764341056124303,properties_parent
574,3828,3,899670222045184.0,14.95408334611498,properties_parent
578,3842,280,87607643996160.0,13.94254200115118,properties_parent
580,3856,73,205733010341888.0,14.313303980849447,properties_parent
581,3866,2051,17799982350336.0,13.250419571682182,properties_parent
582,3870,3,899670222045184.0,14.95408334611498,properties_parent
583,3875,264,60795924774912.0,13.783874468958846,properties_parent
587,3890,46,176415714574336.0,14.246537268148105,properties_parent
590,3901,19868,2410542006272.0,12.382114703930696,properties_parent
591,3910,1568,29379719593984.0,13.4680476464792,properties_parent
592,3913,2458,17073396776960.0,13.23231993322566,properties_parent
594,3918,1831,21163868684288.0,13.325595058196155,properties_parent
596,3928,0,1535789976518656.0,15.186331828797393,properties_parent
599,3940,75,134628685905920.0,14.129137606717835,properties_parent
600,3944,5,733527398154240.0,14.865416339917514,properties_parent
601,3950,315,87792570859520.0,13.943457766803316,properties_parent
603,3960,1310,31058701582336.0,13.492183295970344,properties_parent
604,3965,5,733527398154240.0,14.865416339917514,properties_parent
605,3969,311,85799353712640.0,13.933484016518973,properties_parent
606,3975,2467,18016039337984.0,13.255659321453376,properties_parent
607,3982,1507,28647563984896.0,13.457087698104562,properties_parent
608,3989,424,75413711749120.0,13.877450316633473,properties_parent
609,3994,7,581220677189632.0,14.764341056124303,properties_parent
612,4008,272,126265109512192.0,14.101283359742256,properties_parent
613,4014,1417,29106238390272.0,13.46398608204797,properties_parent
614,4018,1306,34307722706944.0,13.535391891223416,properties_parent
617,4036,144,177805841137664.0,14.24994602396933,properties_parent
618,4040,289,82948426563584.0,13.918808152370818,properties_parent
621,4054,1132,35268874731520.0,13.547391603537989,properties_parent
622,4058,797,34029176881152.0,13.531851444238418,properties_parent
623,4066,1,1307340129173504.0,15.116388592175756,properties_parent
624,4073,16,379204239622144.0,14.578873184241475,properties_parent
627,4089,150,88344214110208.0,13.946178111711578,properties_parent
628,4094,178,91614747820032.0,13.961965390494417,properties_parent
629,4098,15,497315974479872.0,14.696632409598273,properties_parent
630,4106,295,115490999500800.0,14.062548139903948,properties_parent
633,4126,824,22897445830656.0,13.359787040264878,properties_parent
635,4136,360,96995049996288.0,13.986749571233757,properties_parent
636,4140,10842,4746088808448.0,12.676335860442226,properties_parent
637,4145,4522,7754560307200.0,12.889557177833648,properties_parent
639,4160,221,122974577360896.0,14.089815338650387,properties_parent
640,4162,225,128242103091200.0,14.108030631565471,properties_parent
641,4166,1504,27701498871808.0,13.442503268492034,properties_parent
642,4170,2,1033314370584576.0,15.014232469282954,properties_parent
644,4185,2030,23906933014528.0,13.37852386468535,properties_parent
645,4188,680,52192434192384.0,13.717607552300327,properties_parent
646,4193,495,79554680979456.0,13.90066573852362,properties_parent
647,4199,115,127064946507776.0,14.104025757966165,properties_parent
648,4204,223,131011845292032.0,14.117310563689344,properties_parent
649,4209,917,44073725460480.0,13.64417976207212,properties_parent
651,4218,0,1535789976518656.0,15.186331828797393,properties_parent
652,4223,11477,4250421952512.0,12.628432045944736,properties_parent
653,4227,35,381228075188224.0,14.581184876358591,properties_parent
654,4230,3547,13336510988288.0,13.125042227127562,properties_parent
655,4234,408,82125034356736.0,13.914475564253532,properties_parent
656,4240,46,176415714574336.0,14.246537268148105,properties_parent
657,4244,25,219906721185792.0,14.342238503254803,properties_parent
658,4250,145,155587975315456.0,14.191976029312148,properties_parent
659,4257,2,1033314370584576.0,15.014232469282954,properties_parent
660,4260,980,42988763873280.0,13.633354957312129,properties_parent
661,4266,0,1535789976518656.0,15.186331828797393,properties_parent
662,4274,351,97704793341952.0,13.989915870483305,properties_parent
663,4279,6352,7987564904448.0,12.902414400121586,properties_parent
666,4304,1494,15812613111808.0,13.199003645154413,properties_parent
668,4308,262,116867452633088.0,14.067693577800224,properties_parent
669,4313,159,169744321740800.0,14.229795255247776,properties_parent
670,4321,2514,9527186423808.0,12.9789646633848,properties_parent
671,4325,353,86192754262016.0,13.93547075867522,properties_parent
674,4338,0,1535789976518656.0,15.186331828797393,properties_parent
675,4343,5619,6668961185792.0,12.824058189776515,properties_parent
676,4346,311,85799353712640.0,13.933484016518973,properties_parent
677,4351,99,137743803875328.0,14.139072072109837,properties_parent
678,4359,342,63594288906240.0,13.80341811552461,properties_parent
679,4362,340,114998093283328.0,14.060690639628444,properties_parent
681,4367,217,144810090430464.0,14.160798824745036,properties_parent
682,4371,11,547336941993984.0,14.738254761430827,properties_parent
683,4380,45,305942902079488.0,14.485640381953424,properties_parent
684,4384,1036,26848679428096.0,13.42892292946965,properties_parent
685,4389,496,49817002704896.0,13.69737759417835,properties_parent
688,4398,9639,4770714615808.0,12.67858343783606,properties_parent
689,4401,677,50944049938432.0,13.707093467443425,properties_parent
691,4407,3809,12658882379776.0,13.10239536462906,properties_parent
692,4410,3402,12136801632256.0,13.084104253751615,properties_parent
693,4416,90,239398222299136.0,14.37912092113914,properties_parent
694,4420,2,1033314370584576.0,15.014232469282954,properties_parent
696,4434,30,389327343321088.0,14.590314906252068,properties_parent
697,4437,3,899670222045184.0,14.95408334611498,properties_parent
698,4444,1335,31823870558208.0,13.502752999315732,properties_parent
699,4454,1066,40706693398528.0,13.60966582610585,properties_parent
700,4459,660,56467705036800.0,13.751800137478204,properties_parent
701,4464,41,357260815499264.0,14.552985385232216,properties_parent
702,4468,378,51961936216064.0,13.71568532547038,properties_parent
703,4471,46,176415714574336.0,14.246537268148105,properties_parent
704,4475,190,106295365468160.0,14.026514329476427,properties_parent
705,4483,554,70259662913536.0,13.84670606183599,properties_parent
707,4487,6,459285179924480.0,14.662082431960792,properties_parent
708,4494,642,40866697707520.0,13.61136954533711,properties_parent
709,4503,616,52349397630976.0,13.718911688745552,properties_parent
710,4512,318,58181103386624.0,13.764781953249615,properties_parent
713,4521,1030,37313014923264.0,13.571860341821226,properties_parent
715,4536,138,156064733462528.0,14.193304774984238,properties_parent
717,4551,131,185050360446976.0,14.267289935364555,properties_parent
718,4558,6246,6339519053824.0,12.802056311479028,properties_parent
720,4566,347,51592959098880.0,13.712590437418966,properties_parent
721,4571,12572,3089179869184.0,12.489843196070908,properties_parent
722,4575,375,94402114486272.0,13.974981722046326,properties_parent
723,4579,644,58801696800768.0,13.769389858398895,properties_parent
724,4583,83,128114512363520.0,14.10759832788998,properties_parent
725,4586,68,276792942264320.0,14.442155012176563,properties_parent
727,4591,8,398251614273536.0,14.600157544846471,properties_parent
728,4598,490,70984920989696.0,13.851166103275734,properties_parent
730,4604,139,146933045788672.0,14.16711948122038,properties_parent
732,4612,118,192892568076288.0,14.28531549511078,properties_parent
733,4615,176,137337300320256.0,14.137788506087608,properties_parent
734,4619,1066,40706693398528.0,13.60966582610585,properties_parent
736,4626,3,899670222045184.0,14.95408334611498,properties_parent
737,4631,1303,32452477190144.0,13.511247853338192,properties_parent
738,4636,0,1535789976518656.0,15.186331828797393,properties_parent
739,4645,2032,14476172591104.0,13.160653752311076,properties_parent
740,4653,3253,14721379991552.0,13.167948522951534,properties_parent
741,4656,877,48391908229120.0,13.684772747899844,properties_parent
744,4681,185,136576881393664.0,14.135377191784158,properties_parent
745,4689,86,192014666694656.0,14.283334402772732,properties_parent
746,4690,2627,15364548198400.0,13.186519794151351,properties_parent
748,4700,2180,21220162535424.0,13.326748706048235,properties_parent
749,4702,0,1535789976518656.0,15.186331828797393,properties_parent
750,4705,1280,29936356163584.0,13.476198937144144,properties_parent
751,4710,175,148736479068160.0,14.172417496531809,properties_parent
752,4718,3988,11500716556288.0,13.060724900070744,properties_parent
753,4722,133,198890708008960.0,14.29861449375943,properties_parent
754,4725,250,78968426332160.0,13.897453483561131,properties_parent
755,4729,76,236042040901632.0,14.372989361044429,properties_parent
757,4738,255,107881324085248.0,14.032946268142254,properties_parent
758,4743,308,100990426546176.0,14.004280206503156,properties_parent
759,4746,2184,19356259975168.0,13.286821446512771,properties_parent
760,4750,594,68042126000128.0,13.832777874836172,properties_parent
761,4753,15,497315974479872.0,14.696632409598273,properties_parent
762,4758,603,62055935639552.0,13.7927833280139,properties_parent
763,4762,109,188158054498304.0,14.274522813935697,properties_parent
764,4767,447,82554036158464.0,13.91673831125718,properties_parent
765,4774,23,392225506721792.0,14.593535832749234,properties_parent
766,4777,225,128242103091200.0,14.108030631565471,properties_parent
767,4781,504,72348950593536.0,13.85943223614971,properties_parent
768,4787,3172,13766915784704.0,13.138836655746188,properties_parent
770,4802,12440,4164171333632.0,12.61952859012768,properties_parent
771,4804,335,52758300327936.0,13.722290795780912,properties_parent
773,4811,17,416661488271360.0,14.619783360778436,properties_parent
774,4815,51,316146536415232.0,14.499888428205248,properties_parent
775,4820,5336,9389218988032.0,12.972629468379552,properties_parent
776,4826,635,56298792026112.0,13.750499076520583,properties_parent
777,4829,14340,3610367754240.0,12.557551441657068,properties_parent
778,4833,209,136998895484928.0,14.13671706579338,properties_parent
779,4840,1853,25921962639360.0,13.41366788034576,properties_parent
780,4844,597,66684287188992.0,13.824023513211596,properties_parent
781,4851,209,136998895484928.0,14.13671706579338,properties_parent
782,4857,779,52454708215808.0,13.719784475568206,properties_parent
785,4878,4,841819696922624.0,14.925219083166256,properties_parent
787,4883,901,44662182117376.0,13.649939938134969,properties_parent
788,4886,21,382146090893312.0,14.582229421392803,properties_parent
789,4888,26,278377265102848.0,14.444633763828053,properties_parent
791,4903,1859,25785274466304.0,13.411371758529892,properties_parent
792,4908,2138,19700627013632.0,13.294480048711188,properties_parent
793,4912,58,279208861368320.0,14.445929197555325,properties_parent
795,4922,175,148736479068160.0,14.172417496531809,properties_parent
796,4931,83,128114512363520.0,14.10759832788998,properties_parent
797,4936,575,73962927161344.0,13.86901409049232,properties_parent
798,4940,1148,34034721751040.0,13.531922204404935,properties_parent
799,4947,1887,24873199992832.0,13.39573166182115,properties_parent
800,4955,151,177005769261056.0,14.24798742182739,properties_parent
801,4962,15426,3480118362112.0,12.541594014963232,properties_parent
802,4965,399,61582495186944.0,13.789457281578663,properties_parent
803,4970,1963,25916585541632.0,13.413577783537026,properties_parent
804,4975,1349,31281700143104.0,13.495290348694184,properties_parent
805,4983,346,41210869710848.0,13.615011779936784,properties_parent
806,4987,2177,21089774206976.0,13.324071930086127,properties_parent
807,4993,298,100322039037952.0,14.00139635057926,properties_parent
808,4996,4,841819696922624.0,14.925219083166256,properties_parent
809,4999,78,260628933509120.0,14.416022626901675,properties_parent
810,5002,68,276792942264320.0,14.442155012176563,properties_parent
812,5006,1124,38539488133120.0,13.58590594222297,properties_parent
814,5016,2126,18991305195520.0,13.278554813064211,properties_parent
815,5019,4177,9198640300032.0,12.9637236367114,properties_parent
816,5023,1,1307340129173504.0,15.116388592175756,properties_parent
817,5029,59,213580418908160.0,14.329561433984113,properties_parent
818,5034,426,84509076750336.0,13.926903357125804,properties_parent
819,5038,1055,37720340561920.0,13.576575605154764,properties_parent
820,5041,1066,40706693398528.0,13.60966582610585,properties_parent
821,5042,0,1535789976518656.0,15.186331828797393,properties_parent
822,5046,2954,13334193635328.0,13.124966757534995,properties_parent
823,5047,3135,7024994680832.0,12.846645999739229,properties_parent
824,5052,7187,6563024601088.0,12.817104032185728,properties_parent
826,5067,2145,13190578569216.0,13.120263845122349,properties_parent
827,5073,167,163859293798400.0,14.214471078802893,properties_parent
828,5079,2681,12201187344384.0,13.086402095594666,properties_parent
829,5086,191,156477503307776.0,14.194451908070404,properties_parent
831,5099,3037,13833814933504.0,13.140941961461529,properties_parent
832,5105,71,276122960920576.0,14.441102521766004,properties_parent
833,5111,6374,7734688219136.0,12.888442812225716,properties_parent
836,5123,69,269337868894208.0,14.43029741949233,properties_parent
837,5128,3498,11669949382656.0,13.067068972336642,properties_parent
839,5143,275,100861292314624.0,14.003724528383044,properties_parent
840,5149,6082,6346453286912.0,12.802531087772934,properties_parent
841,5151,719,52121881804800.0,13.71702008706141,properties_parent
842,5159,11149,4499827064832.0,12.653195823501484,properties_parent
843,5165,81,272367582445568.0,14.43515541600576,properties_parent
847,5185,309,102281827581952.0,14.00979847944098,properties_parent
848,5191,71,276122960920576.0,14.441102521766004,properties_parent
849,5196,8522,5819681734656.0,12.764899234707944,properties_parent
850,5197,49,324038740148224.0,14.510596934980796,properties_parent
851,5201,1437,13160667938816.0,13.119277931434524,properties_parent
852,5209,2151,17852350332928.0,13.251695400808227,properties_parent
853,5217,7285,6757963792384.0,12.829815860595144,properties_parent
854,5218,56,296168328265728.0,14.47153861395946,properties_parent
855,5222,601,72005806194688.0,13.857367517218025,properties_parent
856,5226,293,100814081228800.0,14.003521196522817,properties_parent
857,5228,469,79334874284032.0,13.899464137881631,properties_parent
858,5233,275,100861292314624.0,14.003724528383044,properties_parent
859,5240,1208,33857629847552.0,13.529656552705063,properties_parent
860,5247,117,221948206383104.0,14.34625163973729,properties_parent
861,5257,11680,3938927247360.0,12.59537795939206,properties_parent
862,5259,95,183994033373184.0,14.264803739775209,properties_parent
863,5264,5,733527398154240.0,14.865416339917514,properties_parent
864,5266,806,45201494114304.0,13.655152790450169,properties_parent
865,5276,5982,7385485672448.0,12.868379059963306,properties_parent
866,5281,6000,8199570194432.0,12.913791088105835,properties_parent
867,5285,207,96327551680512.0,13.983750522134436,properties_parent
868,5289,168,173127850000384.0,14.238366935747166,properties_parent
869,5300,8,398251614273536.0,14.600157544846471,properties_parent
870,5302,89,103673405374464.0,14.015667364099745,properties_parent
871,5305,285,131206410665984.0,14.117955054924138,properties_parent
872,5309,37,197666877210624.0,14.2959339012316,properties_parent
873,5310,2715,9734858997760.0,12.988329665466914,properties_parent
874,5317,633,54819410673664.0,13.738934362422896,properties_parent
875,5318,1577,20618376380416.0,13.314254463237098,properties_parent
876,5324,5045,8914172116992.0,12.950081015294046,properties_parent
877,5329,64,279798244966400.0,14.446844986053598,properties_parent
879,5345,223,131011845292032.0,14.117310563689344,properties_parent
880,5346,13,553877338324992.0,14.743413596521044,properties_parent
881,5350,23373,2254336163840.0,12.353018677998888,properties_parent
882,5354,211,129321414950912.0,14.111670447733609,properties_parent
883,5360,99,137743803875328.0,14.139072072109837,properties_parent
885,5375,944,41599903989760.0,13.619092328300647,properties_parent
886,5378,5,733527398154240.0,14.865416339917514,properties_parent
887,5385,630,73435887697920.0,13.865908349019634,properties_parent
888,5386,68,276792942264320.0,14.442155012176563,properties_parent
889,5389,734,54984578170880.0,13.740240897595,properties_parent
890,5398,43,343380722712576.0,14.53577591035154,properties_parent
891,5401,174,128181143076864.0,14.107824140159272,properties_parent
892,5403,454,64366418329600.0,13.808659343477768,properties_parent
893,5406,2,1033314370584576.0,15.014232469282954,properties_parent
894,5412,35,381228075188224.0,14.581184876358591,properties_parent
896,5427,618,61449854517248.0,13.78852085902994,properties_parent
897,5429,548,75069074178048.0,13.875461059774146,properties_parent
899,5438,46,176415714574336.0,14.246537268148105,properties_parent
900,5443,239,113186665660416.0,14.053795266329251,properties_parent
901,5445,18,407155215695872.0,14.609760002516866,properties_parent
902,5447,0,1535789976518656.0,15.186331828797393,properties_parent
903,5448,754,54715698118656.0,13.7381119447652,properties_parent
904,5454,48,324151516594176.0,14.510748057859148,properties_parent
905,5458,29,212362409803776.0,14.327077644897338,properties_parent
906,5461,88,223381030961152.0,14.349046290987864,properties_parent
907,5466,1586,27962835468288.0,13.44658120733812,properties_parent
908,5471,248,105788097953792.0,14.02443680868444,properties_parent
910,5484,6035,7341642612736.0,12.865793239457751,properties_parent
911,5489,2264,19677424123904.0,13.293968246433106,properties_parent
912,5492,13,553877338324992.0,14.743413596521044,properties_parent
913,5494,3430,13386115973120.0,13.126654583275272,properties_parent
914,5497,635,56298792026112.0,13.750499076520583,properties_parent
915,5499,59,213580418908160.0,14.329561433984113,properties_parent
916,5507,2099,21272591335424.0,13.32782039700789,properties_parent
917,5510,16374,3124904067072.0,12.494836689270246,properties_parent
918,5514,1664,24091436253184.0,13.381862691996636,properties_parent
919,5517,73,205733010341888.0,14.313303980849447,properties_parent
920,5519,277,111711847710720.0,14.048099235089907,properties_parent
921,5522,0,1535789976518656.0,15.186331828797393,properties_parent
922,5523,0,1535789976518656.0,15.186331828797393,properties_parent
923,5525,1503,25337404588032.0,13.403762126300208,properties_parent
924,5530,29,212362409803776.0,14.327077644897338,properties_parent
925,5534,1019,40530692014080.0,13.607784018874453,properties_parent
926,5538,457,66661625364480.0,13.823875898556722,properties_parent
928,5549,953,42904617746432.0,13.632504037030138,properties_parent
929,5555,1436,17782032826368.0,13.249981407635843,properties_parent
930,5558,421,50628604723200.0,13.704395958803694,properties_parent
931,5562,13,553877338324992.0,14.743413596521044,properties_parent
933,5573,285,131206410665984.0,14.117955054924138,properties_parent
934,5574,1922,22694770769920.0,13.355925800479987,properties_parent
936,5584,109,188158054498304.0,14.274522813935697,properties_parent
937,5587,128,167641163497472.0,14.224380666351609,properties_parent
938,5591,346,41210869710848.0,13.615011779936784,properties_parent
939,5594,4505,10473940451328.0,13.020110100429209,properties_parent
940,5599,90,239398222299136.0,14.37912092113914,properties_parent
941,5600,484,65879643521024.0,13.818751240508782,properties_parent
942,5604,2860,15977879175168.0,13.20351913269715,properties_parent
943,5610,140,160620351586304.0,14.20580057221075,properties_parent
944,5613,340,114998093283328.0,14.060690639628444,properties_parent
945,5615,912,46594971926528.0,13.668339054407186,properties_parent
947,5626,126,188105843802112.0,14.274402287796992,properties_parent
948,5629,696,55055063449600.0,13.740797267487508,properties_parent
949,5634,479,74532631085056.0,13.872346452580745,properties_parent
950,5639,3,899670222045184.0,14.95408334611498,properties_parent
951,5646,79,253893451710464.0,14.404651499917891,properties_parent
952,5650,36,374207984697344.0,14.573113050061371,properties_parent
954,5664,185,136576881393664.0,14.135377191784158,properties_parent
955,5672,226,114129838800896.0,14.057399203860903,properties_parent
956,5673,4989,7950018019328.0,12.90036811301947,properties_parent
957,5680,1950,25195477729280.0,13.401322597390068,properties_parent
958,5681,581,40077640073216.0,13.602902140669704,properties_parent
959,5682,1694,28702209474560.0,13.457915329684347,properties_parent
961,5695,110,164342309847040.0,14.215749386731398,properties_parent
962,5699,3430,13386115973120.0,13.126654583275272,properties_parent
963,5703,15850,3375513468928.0,12.52833984524424,properties_parent
964,5708,1327,26937300877312.0,13.43035407717704,properties_parent
965,5710,18214,2659910942720.0,12.424867096130033,properties_parent
966,5714,391,45155579068416.0,13.654711415977104,properties_parent
967,5717,54,314248664186880.0,14.497273440256166,properties_parent
968,5720,408,82125034356736.0,13.914475564253532,properties_parent
969,5722,11962,3642075381760.0,12.561348930350611,properties_parent
971,5734,339,30564960698368.0,13.485223841693184,properties_parent
972,5737,82,135533791543296.0,14.132047587839036,properties_parent
973,5740,116,198077717676032.0,14.296835623268862,properties_parent
975,5756,5,733527398154240.0,14.865416339917514,properties_parent
976,5761,67,278848855867392.0,14.445368866896445,properties_parent
977,5765,21,382146090893312.0,14.582229421392803,properties_parent
978,5769,9123,5047437492224.0,12.703070949319434,properties_parent
979,5771,584,73260012142592.0,13.86486698631133,properties_parent
980,5772,1899,23190789160960.0,13.365315527526253,properties_parent
981,5779,1888,23854361608192.0,13.377567798436369,properties_parent
982,5784,426,84509076750336.0,13.926903357125804,properties_parent
983,5787,746,40137098526720.0,13.603545974544607,properties_parent
984,5796,58,279208861368320.0,14.445929197555325,properties_parent
985,5799,29099,1890710323200.0,12.276624995438052,properties_parent
987,5810,341,95518411718656.0,13.980087092391258,properties_parent
989,5824,20523,2535116767232.0,12.403997967691692,properties_parent
990,5826,11,547336941993984.0,14.738254761430827,properties_parent
991,5827,963,42378647830528.0,13.627147095623746,properties_parent
992,5831,91,164138567335936.0,14.21521063841577,properties_parent
995,5856,175,148736479068160.0,14.172417496531809,properties_parent
996,5862,44,332506201063424.0,14.521799749075257,properties_parent
997,5867,355,98771396460544.0,13.994631194001684,properties_parent
998,5871,83,128114512363520.0,14.10759832788998,properties_parent
999,5876,1368,29254274252800.0,13.466189328496514,properties_parent
1001,5885,166,154801711087616.0,14.189775756810716,properties_parent
1002,5890,1319,25120647151616.0,13.400030823391411,properties_parent
1004,5898,1216,30019755704320.0,13.477407153706803,properties_parent
1005,5901,29515,1768240185344.0,12.24754125620011,properties_parent
1006,5902,168,173127850000384.0,14.238366935747166,properties_parent
1007,5909,263,103605214380032.0,14.015381613705411,properties_parent
1008,5912,2036,21378533163008.0,13.329977903816378,properties_parent
1009,5918,5472,7156217151488.0,12.854683510523357,properties_parent
1010,5922,133,198890708008960.0,14.29861449375943,properties_parent
1011,5924,6544,4555336581120.0,12.658520471303037,properties_parent
1012,5927,2968,11012402053120.0,13.041882058720564,properties_parent
1013,5931,273,80389464915968.0,13.90519913794437,properties_parent
1014,5934,114,179024269672448.0,14.252911910702474,properties_parent
1015,5937,52,275655178584064.0,14.440366155746386,properties_parent
1016,5939,62,174374598475776.0,14.241483220589254,properties_parent
1019,5961,91,164138567335936.0,14.21521063841577,properties_parent
1022,5976,207,96327551680512.0,13.983750522134436,properties_parent
1024,5993,106,201667337256960.0,14.304635564064275,properties_parent
1025,5998,713,33215723077632.0,13.521343711096623,properties_parent
1026,6005,977,25847698292736.0,13.412421875736738,properties_parent
1027,6006,64,279798244966400.0,14.446844986053598,properties_parent
1028,6012,3479,13545981870080.0,13.131810490011707,properties_parent
1029,6015,3,899670222045184.0,14.95408334611498,properties_parent
1030,6021,80,193627108147200.0,14.286966159246084,properties_parent
1032,6031,1200,31722641031168.0,13.501369336827027,properties_parent
1033,6037,2613,17560154144768.0,13.244528323866684,properties_parent
1034,6042,470,47733666742272.0,13.678824796712158,properties_parent
1035,6044,62,174374598475776.0,14.241483220589254,properties_parent
1037,6053,26,278377265102848.0,14.444633763828053,properties_parent
1038,6057,236,111531140317184.0,14.047396142538728,properties_parent
1039,6062,13,553877338324992.0,14.743413596521044,properties_parent
1040,6064,4192,11434509467648.0,13.058217538416914,properties_parent
1041,6068,100,179395750789120.0,14.253812152026397,properties_parent
1042,6075,3047,11065621479424.0,13.043975810265533,properties_parent
1043,6077,3,899670222045184.0,14.95408334611498,properties_parent
1044,6078,1249,29251824779264.0,13.466152963301823,properties_parent
1045,6081,449,65302595371008.0,13.814930442115935,properties_parent
1047,6092,480,72573740122112.0,13.860779505230354,properties_parent
1048,6095,1,1307340129173504.0,15.116388592175756,properties_parent
1049,6099,1791,16921507397632.0,13.228439048142356,properties_parent
1050,6102,641,54070911959040.0,13.732963694440407,properties_parent
1051,6106,93,235066697449472.0,14.371191105780005,properties_parent
1052,6109,149,134479007973376.0,14.128654496733631,properties_parent
1053,6110,16800,2453734424576.0,12.389827555871571,properties_parent
1054,6111,769,60123984691200.0,13.779047755548502,properties_parent
1055,6112,188,164069612978176.0,14.215028153643514,properties_parent
1056,6116,357,94136631820288.0,13.973758655325671,properties_parent
1057,6118,446,80648580628480.0,13.9065967284436,properties_parent
1058,6120,1,1307340129173504.0,15.116388592175756,properties_parent
1059,6124,760,51850631970816.0,13.714754054066727,properties_parent
1061,6135,385,66410315251712.0,13.822235541852368,properties_parent
1062,6139,12548,3018601267200.0,12.479805750024983,properties_parent
1063,6141,494,67602269339648.0,13.82996127501182,properties_parent
1064,6144,6715,7360561020928.0,12.866910917463532,properties_parent
1065,6146,360,96995049996288.0,13.986749571233757,properties_parent
1066,6148,243,117173376778240.0,14.068828945882146,properties_parent
1067,6152,2524,11751160545280.0,13.070080759673443,properties_parent
1068,6154,329,98934898819072.0,13.995349513953755,properties_parent
1069,6158,3431,12198816514048.0,13.086317699006726,properties_parent
1071,6167,308,100990426546176.0,14.004280206503156,properties_parent
1072,6169,1731,22341369200640.0,13.34910978552359,properties_parent
1073,6174,2316,21794685714432.0,13.338350610748885,properties_parent
1074,6179,325,43680027115520.0,13.64028289929643,properties_parent
1075,6180,422,87033871597568.0,13.939688303022058,properties_parent
1076,6184,6,459285179924480.0,14.662082431960792,properties_parent
1077,6187,3340,10130463653888.0,13.005629322726223,properties_parent
1078,6188,158,176244922515456.0,14.2461166141441,properties_parent
1079,6192,116,198077717676032.0,14.296835623268862,properties_parent
1080,6197,778,53514088742912.0,13.728468134503428,properties_parent
1082,6206,2053,20440856657920.0,13.31049909273525,properties_parent
1083,6212,735,33370952171520.0,13.52336859853185,properties_parent
1084,6216,549,50785257783296.0,13.705737661249543,properties_parent
1085,6218,191,156477503307776.0,14.194451908070404,properties_parent
1086,6222,0,1535789976518656.0,15.186331828797393,properties_parent
1087,6229,80,193627108147200.0,14.286966159246084,properties_parent
1088,6233,3753,12264870510592.0,13.088662967395056,properties_parent
1089,6236,150,88344214110208.0,13.946178111711578,properties_parent
1090,6241,91,164138567335936.0,14.21521063841577,properties_parent
1091,6247,36,374207984697344.0,14.573113050061371,properties_parent
1092,6253,898,48686457421824.0,13.687408175077296,properties_parent
1093,6258,68,276792942264320.0,14.442155012176563,properties_parent
1094,6260,133,198890708008960.0,14.29861449375943,properties_parent
1095,6264,31,390177377746944.0,14.591262085651834,properties_parent
1096,6270,1128,21550652719104.0,13.333460428464834,properties_parent
1098,6279,39,334133456797696.0,14.523919963740935,properties_parent
1099,6284,811,55779629465600.0,13.746475624996728,properties_parent
1100,6288,31,390177377746944.0,14.591262085651834,properties_parent
1101,6294,15,497315974479872.0,14.696632409598273,properties_parent
1102,6297,76,236042040901632.0,14.372989361044429,properties_parent
1103,6301,2359,15641430982656.0,13.194276482703517,properties_parent
1104,6306,1950,25195477729280.0,13.401322597390068,properties_parent
1105,6308,283,102168363270144.0,14.009316436070272,properties_parent
1106,6310,357,94136631820288.0,13.973758655325671,properties_parent
1107,6312,14699,2921400369152.0,12.465591079807565,properties_parent
1108,6316,435,70737238949888.0,13.849648104217357,properties_parent
1109,6318,96,214734724923392.0,14.331902280221906,properties_parent
1111,6330,1655,25557184020480.0,13.407513000044288,properties_parent
1112,6334,7580,5817279971328.0,12.76471996582293,properties_parent
1113,6339,62,174374598475776.0,14.241483220589254,properties_parent
1114,6343,8,398251614273536.0,14.600157544846471,properties_parent
1115,6348,142,146151143636992.0,14.164802218073827,properties_parent
1116,6351,624,47573284945920.0,13.677363140585983,properties_parent
1117,6352,110,164342309847040.0,14.215749386731398,properties_parent
1118,6353,82,135533791543296.0,14.132047587839036,properties_parent
1119,6354,2923,5871566323712.0,12.76875397092467,properties_parent
1120,6356,1990,21178095763456.0,13.325886907773253,properties_parent
1122,6366,78,260628933509120.0,14.416022626901675,properties_parent
1123,6372,14655,3206208552960.0,12.505991768315663,properties_parent
1124,6374,140,160620351586304.0,14.20580057221075,properties_parent
1125,6376,506,65639645446144.0,13.817166226537072,properties_parent
1127,6386,1234,37203946242048.0,13.57058900816816,properties_parent
1128,6390,1877,22764811452416.0,13.35726405765258,properties_parent
1129,6393,1,1307340129173504.0,15.116388592175756,properties_parent
1130,6396,244,124116803780608.0,14.093830583232482,properties_parent
1131,6402,1947,24587314135040.0,13.39071108994085,properties_parent
1132,6405,12,655181557530624.0,14.816361664125669,properties_parent
1133,6409,1722,17315285434368.0,13.23842965508555,properties_parent
1134,6415,2877,14483978190848.0,13.160887862209494,properties_parent
1137,6434,16,379204239622144.0,14.578873184241475,properties_parent
1140,6454,3617,11670667657216.0,13.067095701936587,properties_parent
1141,6456,3205,15079406829568.0,13.17838425826372,properties_parent
1142,6461,697,55324035776512.0,13.742913853496914,properties_parent
1143,6468,577,63530560651264.0,13.802982687960412,properties_parent
1144,6473,886,41322236870656.0,13.616183822873923,properties_parent
1145,6474,304,64784951148544.0,13.811474135621111,properties_parent
1146,6478,35,381228075188224.0,14.581184876358591,properties_parent
1147,6485,631,42157649952768.0,13.624876393452327,properties_parent
1148,6488,22927,2306770993152.0,12.36300448167018,properties_parent
1149,6492,23,392225506721792.0,14.593535832749234,properties_parent
1150,6497,279,118847877152768.0,14.074991428814956,properties_parent
1152,6510,14,437283203317760.0,14.640762795784122,properties_parent
1153,6516,125,135592662794240.0,14.132236189573916,properties_parent
1154,6519,2317,15737217351680.0,13.196927943039157,properties_parent
1155,6522,334,104113522081792.0,14.017507138579992,properties_parent
1157,6534,454,64366418329600.0,13.808659343477768,properties_parent
1159,6545,4,841819696922624.0,14.925219083166256,properties_parent
1160,6550,1308,30149049319424.0,13.47927362221953,properties_parent
1161,6554,25604,1993445081088.0,12.299604275459174,properties_parent
1163,6568,54,314248664186880.0,14.497273440256166,properties_parent
1164,6578,2064,18599823540224.0,13.269508824009824,properties_parent
1167,6592,1171,30931744194560.0,13.490404409906684,properties_parent
1168,6595,794,29630346035200.0,13.47173672337679,properties_parent
1169,6600,168,173127850000384.0,14.238366935747166,properties_parent
1170,6604,68,276792942264320.0,14.442155012176563,properties_parent
1171,6609,374,88938211442688.0,13.949088391490458,properties_parent
1173,6622,1150,30220459442176.0,13.480301062639835,properties_parent
1174,6629,6344,7270199984128.0,12.86154635732516,properties_parent
1175,6631,969,42965829419008.0,13.63312319989718,properties_parent
1176,6634,5552,7810079260672.0,12.892655441341809,properties_parent
1177,6638,4416,11025877303296.0,13.042413155311944,properties_parent
1178,6643,1128,21550652719104.0,13.333460428464834,properties_parent
1179,6650,771,34327614193664.0,13.53564362053812,properties_parent
1181,6658,16499,3095241424896.0,12.490694529094734,properties_parent
1184,6673,72,275153237835776.0,14.439574627690288,properties_parent
1185,6677,505,44539989458944.0,13.648750109915737,properties_parent
1187,6685,5,733527398154240.0,14.865416339917514,properties_parent
1189,6692,3054,11729834606592.0,13.069291888505058,properties_parent
1192,6711,2012,21222660243456.0,13.326799821442826,properties_parent
1194,6721,949,27251877871616.0,13.43539643399545,properties_parent
1195,6726,413,42628699652096.0,13.629702085109423,properties_parent
1196,6727,824,22897445830656.0,13.359787040264878,properties_parent
1198,6735,1,1307340129173504.0,15.116388592175756,properties_parent
1199,6736,19681,2793316286464.0,12.446120113534525,properties_parent
1200,6743,4,841819696922624.0,14.925219083166256,properties_parent
1201,6744,7094,6631261732864.0,12.821596169654628,properties_parent
1202,6748,84,158344471904256.0,14.19960290595621,properties_parent
1203,6751,1404,31474826870784.0,13.497963349923031,properties_parent
1204,6754,145,155587975315456.0,14.191976029312148,properties_parent
1205,6758,8095,3847935229952.0,12.585227753201748,properties_parent
1207,6769,2299,21601661747200.0,13.33448716133056,properties_parent
1209,6776,46,176415714574336.0,14.246537268148105,properties_parent
1210,6779,112,152773211455488.0,14.184047208055036,properties_parent
1211,6785,549,50785257783296.0,13.705737661249543,properties_parent
1212,6787,75,134628685905920.0,14.129137606717835,properties_parent
1213,6792,1093,21094633308160.0,13.3241719803637,properties_parent
1214,6794,0,1535789976518656.0,15.186331828797393,properties_parent
1216,6808,675,57136910434304.0,13.756916753064406,properties_parent
1217,6810,4358,9448625012736.0,12.97536861350094,properties_parent
1219,6820,238,67912647835648.0,13.831950663436754,properties_parent
1221,6832,86,192014666694656.0,14.283334402772732,properties_parent
1222,6834,18,407155215695872.0,14.609760002516866,properties_parent
1223,6837,5336,9389218988032.0,12.972629468379552,properties_parent
1224,6838,552,53652412694528.0,13.729589256523033,properties_parent
1225,6844,63754,826855063552.0,11.917429390307104,properties_parent
1226,6847,25,219906721185792.0,14.342238503254803,properties_parent
1227,6855,4124,10595285860352.0,13.025112678451128,properties_parent
1228,6857,773,31473314824192.0,13.497942485971413,properties_parent
1230,6869,3712,7991060856832.0,12.902604438098102,properties_parent
1231,6877,114,179024269672448.0,14.252911910702474,properties_parent
1232,6884,716,60128938164224.0,13.77908353457076,properties_parent
1234,6895,90,239398222299136.0,14.37912092113914,properties_parent
1235,6900,489,63187059736576.0,13.80062814694668,properties_parent
1237,6908,254,110979648061440.0,14.04524334324606,properties_parent
1238,6912,568,62956708560896.0,13.799042014598683,properties_parent
1239,6916,640,60992931233792.0,13.785279505436252,properties_parent
1240,6919,757,51282584797184.0,13.709969906816204,properties_parent
1241,6921,254,110979648061440.0,14.04524334324606,properties_parent
1242,6929,130,164261326225408.0,14.215535324944792,properties_parent
1243,6931,53,184230525009920.0,14.265361589731892,properties_parent
1244,6934,354,97267235160064.0,13.987966571146448,properties_parent
1246,6944,181,117365014528000.0,14.069538656862113,properties_parent
1247,6945,20,431286791438336.0,14.63476615767462,properties_parent
1250,6960,100,179395750789120.0,14.253812152026397,properties_parent
1252,6969,665,41173720760320.0,13.614620114815333,properties_parent
1256,6989,556,66434201812992.0,13.822391721453853,properties_parent
1257,6996,131,185050360446976.0,14.267289935364555,properties_parent
1259,7008,184,107746024226816.0,14.032401253884174,properties_parent
1261,7021,69,269337868894208.0,14.43029741949233,properties_parent
1262,7022,37139,1390538784768.0,12.143183106667143,properties_parent
1263,7025,436,73994627710976.0,13.869200189458352,properties_parent
1264,7026,32,390393736724480.0,14.59150284145414,properties_parent
1265,7030,266,86725086937088.0,13.938144743870438,properties_parent
1266,7034,671,61239136878592.0,13.78702906100228,properties_parent
1267,7036,297,98328016584704.0,13.992677278915956,properties_parent
1269,7046,55,242969403719680.0,14.385551587868612,properties_parent
1270,7050,295,115490999500800.0,14.062548139903948,properties_parent
1271,7057,675,57136910434304.0,13.756916753064406,properties_parent
1272,7059,3496,13412765532160.0,13.12751833277534,properties_parent
1273,7062,504,72348950593536.0,13.85943223614971,properties_parent
1274,7067,331,72077663010816.0,13.857800696978211,properties_parent
1275,7072,601,72005806194688.0,13.857367517218025,properties_parent
1276,7078,223,131011845292032.0,14.117310563689344,properties_parent
1277,7080,227,121109320040448.0,14.083177565821742,properties_parent
1278,7082,5241,7651139780608.0,12.88372613627218,properties_parent
1279,7085,8535,5181511565312.0,12.714456471851774,properties_parent
1280,7090,23150,2423485104128.0,12.38444035469014,properties_parent
1281,7096,610,60040820031488.0,13.778446615162142,properties_parent
1283,7109,512,60769173504000.0,13.78368332973068,properties_parent
1285,7120,1301,34176961085440.0,13.533733443917244,properties_parent
1286,7127,1053,38896008167424.0,13.589905032692874,properties_parent
1287,7130,1208,33857629847552.0,13.529656552705063,properties_parent
1289,7137,199,122852950933504.0,14.08938559271472,properties_parent
1290,7146,2190,19734210805760.0,13.295219763133012,properties_parent
1291,7148,1516,26988263768064.0,13.431174946053249,properties_parent
1292,7154,930,44939018764288.0,13.652623585441644,properties_parent
1293,7159,5,733527398154240.0,14.865416339917514,properties_parent
1294,7162,130,164261326225408.0,14.215535324944792,properties_parent
1295,7164,1198,35459849781248.0,13.54973689146475,properties_parent
1296,7169,56,296168328265728.0,14.47153861395946,properties_parent
1297,7172,299,108280252727296.0,14.03454926074773,properties_parent
1299,7184,1305,28292933484544.0,13.451677978567004,properties_parent
1301,7191,51,316146536415232.0,14.499888428205248,properties_parent
1302,7193,63,282241997471744.0,14.45062163703409,properties_parent
1304,7202,174,128181143076864.0,14.107824140159272,properties_parent
1305,7206,95,183994033373184.0,14.264803739775209,properties_parent
1307,7216,13824,2617857802240.0,12.41794605268849,properties_parent
1308,7221,69,269337868894208.0,14.43029741949233,properties_parent
1309,7223,3892,10812484747264.0,13.0339255078316,properties_parent
1310,7228,76,236042040901632.0,14.372989361044429,properties_parent
1311,7232,12,655181557530624.0,14.816361664125669,properties_parent
1312,7237,2002,9859669950464.0,12.993862377305174,properties_parent
1314,7243,4684,8291951312896.0,12.9186567434215,properties_parent
1315,7246,367,99850288889856.0,13.999349325722385,properties_parent
1316,7248,4,841819696922624.0,14.925219083166256,properties_parent
1319,7262,0,1535789976518656.0,15.186331828797393,properties_parent
1320,7264,27,456104488206336.0,14.659064345851233,properties_parent
1321,7268,887,42830399537152.0,13.631752125668369,properties_parent
1322,7272,426,84509076750336.0,13.926903357125804,properties_parent
1323,7274,67,278848855867392.0,14.445368866896445,properties_parent
1324,7282,579,68386394472448.0,13.834969707081504,properties_parent
1325,7286,2378,14510351974400.0,13.161677947150745,properties_parent
1327,7295,7205,7050400628736.0,12.848213795843291,properties_parent
1328,7298,22,360359567294464.0,14.556736056763258,properties_parent
1329,7304,3339,11578425475072.0,13.063649504643534,properties_parent
1330,7307,1789,22208229408768.0,13.346513935016093,properties_parent
1331,7309,24,367364893835264.0,14.565097651855222,properties_parent
1333,7317,764,54687277514752.0,13.737886303521826,properties_parent
1335,7325,1070,35917595148288.0,13.555307250913092,properties_parent
1336,7327,4489,7501618085888.0,12.875154950055514,properties_parent
1338,7334,7,581220677189632.0,14.764341056124303,properties_parent
1339,7341,424,75413711749120.0,13.877450316633473,properties_parent
1340,7343,964,38233001951232.0,13.582438398978248,properties_parent
1341,7345,1101,39715017326592.0,13.598954756356433,properties_parent
1342,7348,3352,12401555537920.0,13.093476162514262,properties_parent
1345,7363,772,59624812183552.0,13.775427024035166,properties_parent
1347,7372,2442,18385997922304.0,13.264487206703569,properties_parent
1348,7377,15611,2752199262208.0,12.439679874092752,properties_parent
1349,7378,1957,21479039172608.0,13.332014850055105,properties_parent
1350,7380,456,47788842811392.0,13.67932651437282,properties_parent
1351,7381,69,269337868894208.0,14.43029741949233,properties_parent
1352,7382,1447,26775438491648.0,13.427736591845395,properties_parent
1353,7386,398,58272455327744.0,13.765463317606624,properties_parent
1354,7390,2152,20014851686400.0,13.301352376253927,properties_parent
1355,7392,59,213580418908160.0,14.329561433984113,properties_parent
1356,7393,7077,7248274784256.0,12.860234649214012,properties_parent
1357,7395,2057,20998067847168.0,13.322179334642575,properties_parent
1360,7409,479,74532631085056.0,13.872346452580745,properties_parent
1362,7422,70,258570536878080.0,14.412579037171405,properties_parent
1364,7431,2943,12896780156928.0,13.110481296762558,properties_parent
1365,7432,4113,12037731123200.0,13.080544638622044,properties_parent
1366,7434,217,144810090430464.0,14.160798824745036,properties_parent
1369,7451,498,59842421063680.0,13.777009155600505,properties_parent
1371,7463,394,76312400101376.0,13.882595112765458,properties_parent
1372,7468,4,841819696922624.0,14.925219083166256,properties_parent
1374,7479,938,42465805467648.0,13.628039365953748,properties_parent
1375,7483,651,60349009100800.0,13.780670143603416,properties_parent
1376,7488,297,98328016584704.0,13.992677278915956,properties_parent
1377,7489,57,301115828600832.0,14.478733585447388,properties_parent
1378,7493,2874,11544142282752.0,13.062361670842996,properties_parent
1379,7496,1832,22081435598848.0,13.344027305125564,properties_parent
1380,7501,2582,11968683442176.0,13.078046380544713,properties_parent
1381,7505,2505,17371399979008.0,13.239834820096926,properties_parent
1382,7509,1022,43654580273152.0,13.640029816953348,properties_parent
1383,7512,266,86725086937088.0,13.938144743870438,properties_parent
1384,7515,8611,4839035633664.0,12.684758820175718,properties_parent
1385,7517,1263,25946312671232.0,13.41407564733588,properties_parent
1387,7526,323,98153567092736.0,13.991906087334309,properties_parent
1388,7528,18,407155215695872.0,14.609760002516866,properties_parent
1389,7529,545,49718398812160.0,13.696517133681578,properties_parent
1391,7540,1711,21040728113152.0,13.323060764476605,properties_parent
1392,7542,54,314248664186880.0,14.497273440256166,properties_parent
1394,7551,93,235066697449472.0,14.371191105780005,properties_parent
1395,7553,85,123098057670656.0,14.090251200375905,properties_parent
1396,7554,14419,2697552723968.0,12.43096994177185,properties_parent
1399,7565,3794,13215493783552.0,13.121083394744728,properties_parent
1400,7569,768,39426872836096.0,13.59579233213572,properties_parent
1401,7571,387,88921576833024.0,13.949007155374336,properties_parent
1402,7574,15,497315974479872.0,14.696632409598273,properties_parent
1403,7577,946,50929000775680.0,13.706965155424845,properties_parent
1404,7580,5,733527398154240.0,14.865416339917514,properties_parent
1406,7586,407,75625037561856.0,13.878665603368333,properties_parent
1408,7595,159,169744321740800.0,14.229795255247776,properties_parent
1409,7599,381,49719699046400.0,13.69652849119078,properties_parent
1410,7603,378,51961936216064.0,13.71568532547038,properties_parent
1411,7604,48,324151516594176.0,14.510748057859148,properties_parent
1412,7606,331,72077663010816.0,13.857800696978211,properties_parent
1413,7608,2288,17636851187712.0,13.24642105053112,properties_parent
1414,7617,2772,16033075167232.0,13.205016828659415,properties_parent
1415,7621,59,213580418908160.0,14.329561433984113,properties_parent
1416,7623,12540,3746074460160.0,12.57357640553127,properties_parent
1417,7626,23,392225506721792.0,14.593535832749234,properties_parent
1418,7631,156,170201618317312.0,14.23096368514303,properties_parent
1419,7633,24,367364893835264.0,14.565097651855222,properties_parent
1420,7636,359,39266109358080.0,13.594017871781636,properties_parent
1421,7639,18,407155215695872.0,14.609760002516866,properties_parent
1422,7642,149,134479007973376.0,14.128654496733631,properties_parent
1423,7646,355,98771396460544.0,13.994631194001684,properties_parent
1424,7648,418,64368444178432.0,13.808673012113472,properties_parent
1426,7658,1673,20915698008064.0,13.32047236262892,properties_parent
1427,7661,698,56846442299392.0,13.754703289813715,properties_parent
1428,7666,1291,31427647242240.0,13.497311869787596,properties_parent
1429,7667,2296,14739847512064.0,13.168492990645712,properties_parent
1430,7671,726,55012763893760.0,13.740463464867142,properties_parent
1431,7673,226,114129838800896.0,14.057399203860903,properties_parent
1432,7678,19,467371865145344.0,14.669662565180955,properties_parent
1433,7679,359,39266109358080.0,13.594017871781636,properties_parent
1434,7681,31,390177377746944.0,14.591262085651834,properties_parent
1436,7691,0,1535789976518656.0,15.186331828797393,properties_parent
1437,7692,844,42405965332480.0,13.62742695396891,properties_parent
1440,7711,4081,10338823045120.0,13.014471102190932,properties_parent
1441,7716,888,40212709244928.0,13.604363333746674,properties_parent
1442,7720,7917,5851715731456.0,12.76728322051912,properties_parent
1443,7722,7,581220677189632.0,14.764341056124303,properties_parent
1446,7740,412,81883476000768.0,13.913196270432948,properties_parent
1448,7748,477,69018333478912.0,13.838964468579777,properties_parent
1450,7758,287,90832199745536.0,13.958239831922388,properties_parent
1453,7777,4335,9506914304000.0,12.978039579166335,properties_parent
1454,7780,107,187167024349184.0,14.272229335830058,properties_parent
1455,7785,1926,13806901133312.0,13.140096215021666,properties_parent
1456,7788,2659,13939937116160.0,13.144260814639589,properties_parent
1457,7791,10,635853466501120.0,14.803357043286407,properties_parent
1458,7792,583,64927419072512.0,13.812428139591622,properties_parent
1459,7796,1644,24726915252224.0,13.393169940360549,properties_parent
1460,7798,3175,11259734917120.0,13.051528166235826,properties_parent
1461,7803,2488,17229857947648.0,13.236281696902068,properties_parent
1462,7806,1063,37444019814400.0,13.573382466388164,properties_parent
1464,7812,5435,8389620400128.0,12.923742311024254,properties_parent
1465,7815,346,41210869710848.0,13.615011779936784,properties_parent
1466,7816,5,733527398154240.0,14.865416339917514,properties_parent
1468,7825,763,26339595780096.0,13.420609105788223,properties_parent
1469,7829,505,44539989458944.0,13.648750109915737,properties_parent
1470,7835,1269,33591172005888.0,13.526225156768438,properties_parent
1471,7837,129,112128929300480.0,14.04971767517024,properties_parent
1472,7841,4113,12037731123200.0,13.080544638622044,properties_parent
1473,7843,620,68789261565952.0,13.837520647441265,properties_parent
1474,7849,4714,8635374632960.0,12.93628118353613,properties_parent
1475,7850,36,374207984697344.0,14.573113050061371,properties_parent
1476,7853,10269,4083273957376.0,12.61100851883686,properties_parent
1482,7890,483,47938524938240.0,13.68068466672228,properties_parent
1483,7891,58,279208861368320.0,14.445929197555325,properties_parent
1486,7901,675,57136910434304.0,13.756916753064406,properties_parent
1490,7935,180,142675005145088.0,14.154347896882348,properties_parent
1491,7939,157,111486940741632.0,14.047223998361677,properties_parent
1492,7943,338,84481679556608.0,13.926762539362514,properties_parent
1493,7944,30,389327343321088.0,14.590314906252068,properties_parent
1494,7949,117,221948206383104.0,14.34625163973729,properties_parent
1495,7952,125,135592662794240.0,14.132236189573916,properties_parent
1497,7960,7593,5877479768064.0,12.769191142835975,properties_parent
1499,7971,346,41210869710848.0,13.615011779936784,properties_parent
1501,7978,348,104674971615232.0,14.019842851795415,properties_parent
1502,7983,90,239398222299136.0,14.37912092113914,properties_parent
1503,7986,36,374207984697344.0,14.573113050061371,properties_parent
1504,7990,2194,19173444943872.0,13.282700150734092,properties_parent
1507,8013,263,103605214380032.0,14.015381613705411,properties_parent
1508,8015,2376,19013828608000.0,13.279069574830318,properties_parent
1509,8018,39,334133456797696.0,14.523919963740935,properties_parent
1511,8028,133,198890708008960.0,14.29861449375943,properties_parent
1512,8031,1234,37203946242048.0,13.57058900816816,properties_parent
1513,8033,507,68217351438336.0,13.83389485376905,properties_parent
1515,8042,52,275655178584064.0,14.440366155746386,properties_parent
1516,8044,617,34264479432704.0,13.534844138131485,properties_parent
1517,8046,31,390177377746944.0,14.591262085651834,properties_parent
1518,8047,5636,8685391183872.0,12.938789383539724,properties_parent
1519,8048,1687,24665395298304.0,13.39208808004533,properties_parent
1520,8052,655,58219737120768.0,13.765070240139934,properties_parent
1521,8054,531,47580234907648.0,13.677426581855164,properties_parent
1523,8064,57,301115828600832.0,14.478733585447388,properties_parent
1526,8079,377,84586503602176.0,13.92730107369279,properties_parent
1527,8084,766,46798802518016.0,13.670234740542684,properties_parent
1529,8095,1258,28357582389248.0,13.452669202541903,properties_parent
1530,8098,8884,4011602477056.0,12.60331789080537,properties_parent
1531,8104,2228,11552919912448.0,13.062691762721563,properties_parent
1533,8111,34570,1520884908032.0,12.18209635034635,properties_parent
1534,8114,813,49752859213824.0,13.696818043978332,properties_parent
1536,8122,6858,6893940506624.0,12.838467531210544,properties_parent
1538,8132,107,187167024349184.0,14.272229335830058,properties_parent
1539,8133,43,343380722712576.0,14.53577591035154,properties_parent
1540,8136,32,390393736724480.0,14.59150284145414,properties_parent
1541,8139,163,176176588914688.0,14.24594819703475,properties_parent
1542,8141,3960,11835522678784.0,13.073187441943965,properties_parent
1543,8143,732,56478928994304.0,13.751886452628131,properties_parent
1544,8145,55,242969403719680.0,14.385551587868612,properties_parent
1545,8152,542,64965050368000.0,13.812679779498154,properties_parent
1546,8157,2809,16447781732352.0,13.216107334118194,properties_parent
1547,8158,705,49795741777920.0,13.697192206184996,properties_parent
1548,8163,847,39639377248256.0,13.598126822912873,properties_parent
1549,8168,2343,20930908651520.0,13.32078808231744,properties_parent
1550,8172,184,107746024226816.0,14.032401253884174,properties_parent
1551,8175,3007,16226940092416.0,13.21023663281045,properties_parent
1553,8188,6546,5253615321088.0,12.720458269811871,properties_parent
1554,8190,8,398251614273536.0,14.600157544846471,properties_parent
1555,8192,10016,4835350413312.0,12.684427952473497,properties_parent
1556,8195,0,1535789976518656.0,15.186331828797393,properties_parent
1557,8197,5882,8081769496576.0,12.907506459594297,properties_parent
1558,8200,120,203439883681792.0,14.308436098856747,properties_parent
1559,8204,1794,23621932154880.0,13.373315417828028,properties_parent
1560,8208,6,459285179924480.0,14.662082431960792,properties_parent
1562,8215,2047,20460978831360.0,13.310926406056982,properties_parent
1564,8223,45,305942902079488.0,14.485640381953424,properties_parent
1565,8227,316,45303621222400.0,13.656132917554787,properties_parent
1567,8233,398,58272455327744.0,13.765463317606624,properties_parent
1568,8239,477,69018333478912.0,13.838964468579777,properties_parent
1569,8243,1791,16921507397632.0,13.228439048142356,properties_parent
1571,8253,21135,2652942893056.0,12.423727901509812,properties_parent
1572,8254,5606,7873362919424.0,12.896160270528847,properties_parent
1573,8256,123,71453248585728.0,13.85402197855433,properties_parent
1575,8265,8,398251614273536.0,14.600157544846471,properties_parent
1579,8288,1,1307340129173504.0,15.116388592175756,properties_parent
1581,8297,2225,19869063970816.0,13.29817740803157,properties_parent
1582,8303,46,176415714574336.0,14.246537268148105,properties_parent
1583,8304,615,53642568663040.0,13.729509565776777,properties_parent
1584,8308,55,242969403719680.0,14.385551587868612,properties_parent
1585,8313,1257,35927489511424.0,13.555426871270123,properties_parent
1586,8316,1884,22378010640384.0,13.349821476012478,properties_parent
1587,8319,3349,14986502995968.0,13.175700304847386,properties_parent
1588,8320,362,91775339331584.0,13.962725998946246,properties_parent
1589,8326,3657,12048412966912.0,13.080929844827525,properties_parent
1590,8330,3293,6266538688512.0,12.797027725271583,properties_parent
1591,8335,0,1535789976518656.0,15.186331828797393,properties_parent
1593,8347,54,314248664186880.0,14.497273440256166,properties_parent
1594,8353,107,187167024349184.0,14.272229335830058,properties_parent
1595,8358,714,52639110791168.0,13.72130854432644,properties_parent
1603,8390,363,90174650318848.0,13.955084466877407,properties_parent
1604,8394,234,160051117424640.0,14.204258710592995,properties_parent
1608,8413,191,156477503307776.0,14.194451908070404,properties_parent
1609,8419,3961,9645792952320.0,12.9843379355218,properties_parent
1613,8438,697,55324035776512.0,13.742913853496914,properties_parent
1615,8447,11523,3880721842176.0,12.588912515005584,properties_parent
1616,8449,148,122913483128832.0,14.089599525907348,properties_parent
1617,8450,2134,24733357703168.0,13.393283078470937,properties_parent
1618,8454,35,381228075188224.0,14.581184876358591,properties_parent
1619,8459,1041,28719477424128.0,13.458176533276308,properties_parent
1620,8461,4852,9032182005760.0,12.955792680389546,properties_parent
1621,8466,525,57845856862208.0,13.762272258597758,properties_parent
1622,8471,11,547336941993984.0,14.738254761430827,properties_parent
1623,8475,549,50785257783296.0,13.705737661249543,properties_parent
1626,8488,2442,18385997922304.0,13.264487206703569,properties_parent
1627,8492,10892,3250184781824.0,12.511908052500496,properties_parent
1628,8495,137,173721042026496.0,14.23985242571552,properties_parent
1629,8496,313,106644214120448.0,14.027937298194024,properties_parent
1630,8498,1505,26499977576448.0,13.42324550644892,properties_parent
1631,8501,251,119521037778944.0,14.077444355385916,properties_parent
1632,8504,207,96327551680512.0,13.983750522134436,properties_parent
1633,8506,174,128181143076864.0,14.107824140159272,properties_parent
1634,8510,79,253893451710464.0,14.404651499917891,properties_parent
1635,8512,7546,5541938593792.0,12.743661709370242,properties_parent
1636,8516,77,230889556541440.0,14.363404289612728,properties_parent
1637,8519,438,58306320138240.0,13.765715632844694,properties_parent
1638,8523,4010,9689474531328.0,12.986300225520065,properties_parent
1642,8541,65,227894857039872.0,14.357734524458976,properties_parent
1643,8545,883,48145580949504.0,13.682556431495474,properties_parent
1644,8547,8169,5880002117632.0,12.769377482483575,properties_parent
1645,8549,68,276792942264320.0,14.442155012176563,properties_parent
1646,8550,835,38440708079616.0,13.584791378794575,properties_parent
1651,8572,337,96431452979200.0,13.984218710535105,properties_parent
1652,8574,5274,6556790292480.0,12.81669129373588,properties_parent
1654,8582,20697,2298395230208.0,12.361424711706263,properties_parent
1656,8590,282,80834186969088.0,13.907595074536232,properties_parent
1658,8600,816,45387591188480.0,13.656937134465458,properties_parent
1659,8605,398,58272455327744.0,13.765463317606624,properties_parent
1661,8613,4,841819696922624.0,14.925219083166256,properties_parent
1662,8618,53,184230525009920.0,14.265361589731892,properties_parent
1663,8621,19,467371865145344.0,14.669662565180955,properties_parent
1664,8623,2735,16947292930048.0,13.22910033620078,properties_parent
1665,8624,1071,41625778651136.0,13.61936237049585,properties_parent
1666,8626,1230,29698849505280.0,13.47273962564091,properties_parent
1667,8627,1540,19932582510592.0,13.299563570523862,properties_parent
1669,8636,2680,16915016712192.0,13.228272431211153,properties_parent
1670,8638,8973,5195608621056.0,12.715636428752507,properties_parent
1671,8640,7,581220677189632.0,14.764341056124303,properties_parent
1672,8643,256,125519060271104.0,14.098709679140052,properties_parent
1673,8645,3691,13817374310400.0,13.140425522716598,properties_parent
1675,8652,1462,28310146908160.0,13.45194212302945,properties_parent
1676,8654,102,98802778243072.0,13.994769156719933,properties_parent
1678,8660,599,63776908902400.0,13.804663466315493,properties_parent
1679,8663,406,88225624358912.0,13.945594740476844,properties_parent
1680,8666,473,81075552387072.0,13.90888991630696,properties_parent
1681,8670,6,459285179924480.0,14.662082431960792,properties_parent
1682,8674,8432,5487038300160.0,12.739337991632215,properties_parent
1683,8678,18,407155215695872.0,14.609760002516866,properties_parent
1684,8683,155,178474010542080.0,14.251574982913551,properties_parent
1685,8686,13981,1751333208064.0,12.24336878266618,properties_parent
1686,8690,802,48450024505344.0,13.685294001046907,properties_parent
1689,8702,603,62055935639552.0,13.7927833280139,properties_parent
1692,8716,4464,10051870785536.0,13.002246897201738,properties_parent
1695,8732,739,56257197113344.0,13.75017809063523,properties_parent
1696,8734,3820,11085796081664.0,13.044766885674214,properties_parent
1697,8736,109,188158054498304.0,14.274522813935697,properties_parent
1698,8741,521,66945118371840.0,13.82571891381303,properties_parent
1700,8748,336,101111641931776.0,14.0048011628674,properties_parent
1701,8750,370,105982210342912.0,14.025232972828052,properties_parent
1703,8760,1179,36900337352704.0,13.567030336612936,properties_parent
1704,8762,424,75413711749120.0,13.877450316633473,properties_parent
1705,8763,7285,6757963792384.0,12.829815860595144,properties_parent
1706,8766,750,54375057719296.0,13.735399730967906,properties_parent
1707,8767,92,207364997251072.0,14.31673545029975,properties_parent
1708,8774,77,230889556541440.0,14.363404289612728,properties_parent
1709,8776,1063,37444019814400.0,13.573382466388164,properties_parent
1710,8777,3790,12035218735104.0,13.080453987804685,properties_parent
1711,8782,2057,20998067847168.0,13.322179334642575,properties_parent
1712,8787,181,117365014528000.0,14.069538656862113,properties_parent
1713,8791,677,50944049938432.0,13.707093467443425,properties_parent
1715,8796,1362,30152434122752.0,13.479322377285753,properties_parent
1716,8798,16928,2774662905856.0,12.443210228172488,properties_parent
1717,8800,20,431286791438336.0,14.63476615767462,properties_parent
1720,8815,238,67912647835648.0,13.831950663436754,properties_parent
1721,8818,1441,29624721473536.0,13.471654275876388,properties_parent
1724,8832,189,142160531816448.0,14.1527790394773,properties_parent
1725,8833,15,497315974479872.0,14.696632409598273,properties_parent
1726,8836,151,177005769261056.0,14.24798742182739,properties_parent
1727,8837,90,239398222299136.0,14.37912092113914,properties_parent
1728,8839,17,416661488271360.0,14.619783360778436,properties_parent
1730,8846,10,635853466501120.0,14.803357043286407,properties_parent
1731,8851,523,70654569218048.0,13.849140252837351,properties_parent
1732,8852,64,279798244966400.0,14.446844986053598,properties_parent
1733,8856,241,116610618621952.0,14.066738099299023,properties_parent
1734,8860,4,841819696922624.0,14.925219083166256,properties_parent
1735,8866,922,37289203859456.0,13.571583111086271,properties_parent
1736,8868,3514,13301527347200.0,13.1239015116721,properties_parent
1737,8870,644,58801696800768.0,13.769389858398895,properties_parent
1738,8874,1695,24266189832192.0,13.385001590721846,properties_parent
1739,8878,426,84509076750336.0,13.926903357125804,properties_parent
1740,8881,30,389327343321088.0,14.590314906252068,properties_parent
1742,8891,1018,30255922282496.0,13.480810395942845,properties_parent
1743,8892,728,58706783895552.0,13.768688289291433,properties_parent
1744,8894,88,223381030961152.0,14.349046290987864,properties_parent
1745,8898,1240,27727627288576.0,13.442912707674996,properties_parent
1747,8909,134,174660482236416.0,14.242194654908252,properties_parent
1749,8918,17344,2660044374016.0,12.424888881454203,properties_parent
1750,8921,6109,7997538959360.0,12.902956364391512,properties_parent
1751,8922,1822,21864581693440.0,13.33974117296976,properties_parent
1752,8924,239,113186665660416.0,14.053795266329251,properties_parent
1753,8927,31,390177377746944.0,14.591262085651834,properties_parent
1755,8935,62,174374598475776.0,14.241483220589254,properties_parent
1756,8936,30,389327343321088.0,14.590314906252068,properties_parent
1757,8941,422,87033871597568.0,13.939688303022058,properties_parent
1758,8943,947,37698773450752.0,13.57632722043827,properties_parent
1759,8946,695,44723809026048.0,13.650538784336064,properties_parent
1761,8955,9172,5245378232320.0,12.719776809648156,properties_parent
1762,8958,860,36740299489280.0,13.5651426921443,properties_parent
1763,8959,2774,13585793155072.0,13.133084998132324,properties_parent
1764,8961,3625,9301388165120.0,12.968547768711158,properties_parent
1765,8962,350,93156901126144.0,13.96921503325251,properties_parent
1767,8969,716,60128938164224.0,13.77908353457076,properties_parent
1768,8973,705,49795741777920.0,13.697192206184996,properties_parent
1771,8989,2,1033314370584576.0,15.014232469282954,properties_parent
1772,8991,28,471019466784768.0,14.673038856476026,properties_parent
1773,8998,162,137401439617024.0,14.13799128304707,properties_parent
1775,9006,422,87033871597568.0,13.939688303022058,properties_parent
1776,9007,84,158344471904256.0,14.19960290595621,properties_parent
1778,9015,2847,15279969009664.0,13.184122473418626,properties_parent
1779,9018,11165,3396438065152.0,12.531023699536796,properties_parent
1780,9020,1429,29145876660224.0,13.46457712271849,properties_parent
1781,9022,883,48145580949504.0,13.682556431495474,properties_parent
1782,9024,3261,12210560565248.0,13.086735602094404,properties_parent
1783,9027,581,40077640073216.0,13.602902140669704,properties_parent
1784,9030,20366,2216576155648.0,12.34568265709239,properties_parent
1785,9031,1411,17374604427264.0,13.239914925664335,properties_parent
1787,9038,2602,13041033805824.0,13.115312020718626,properties_parent
1789,9046,1308,30149049319424.0,13.47927362221953,properties_parent
1790,9048,336,101111641931776.0,14.0048011628674,properties_parent
1792,9063,187,118919146766336.0,14.075251784522123,properties_parent
1796,9084,839,34658307801088.0,13.539807354379324,properties_parent
1797,9087,264,60795924774912.0,13.783874468958846,properties_parent
1800,9101,1900,21789644161024.0,13.338250137994509,properties_parent
1802,9111,370,105982210342912.0,14.025232972828052,properties_parent
1804,9120,9922,4717738983424.0,12.67373390916627,properties_parent
1805,9122,1478,27932839903232.0,13.44611509222101,properties_parent
1806,9124,2519,13883790065664.0,13.142508038158912,properties_parent
1808,9133,2803,16913621057536.0,13.22823659618166,properties_parent
1810,9140,3433,12845508984832.0,13.10875131723798,properties_parent
1813,9156,436,73994627710976.0,13.869200189458352,properties_parent
1814,9158,289,82948426563584.0,13.918808152370818,properties_parent
1815,9163,6538,4006539427840.0,12.602769420934308,properties_parent
1816,9164,4,841819696922624.0,14.925219083166256,properties_parent
1818,9174,1039,17952361414656.0,13.254121582825332,properties_parent
1819,9176,206,115317153988608.0,14.061893915520756,properties_parent
1820,9179,72,275153237835776.0,14.439574627690288,properties_parent
1821,9180,541,71958049849344.0,13.857079384924416,properties_parent
1822,9182,46,176415714574336.0,14.246537268148105,properties_parent
1823,9187,2876,14513621434368.0,13.161775790985487,properties_parent
1825,9194,61,255725188153344.0,14.40777350681889,properties_parent
1826,9197,5,733527398154240.0,14.865416339917514,properties_parent
1827,9199,600,63358732599296.0,13.801806481229209,properties_parent
1828,9204,5,733527398154240.0,14.865416339917514,properties_parent
1829,9206,4,841819696922624.0,14.925219083166256,properties_parent
1830,9209,6985,4858683326464.0,12.686518594051476,properties_parent
1831,9212,184,107746024226816.0,14.032401253884174,properties_parent
1832,9217,502,61252621565952.0,13.787124680910242,properties_parent
1834,9226,696,55055063449600.0,13.740797267487508,properties_parent
1836,9237,6,459285179924480.0,14.662082431960792,properties_parent
1837,9241,0,1535789976518656.0,15.186331828797393,properties_parent
1838,9245,467,73059776069632.0,13.863678336752544,properties_parent
1839,9248,611,68188641427456.0,13.833712037761885,properties_parent
1840,9251,46,176415714574336.0,14.246537268148105,properties_parent
1842,9258,280,87607643996160.0,13.94254200115118,properties_parent
1843,9261,794,29630346035200.0,13.47173672337679,properties_parent
1846,9279,726,55012763893760.0,13.740463464867142,properties_parent
1847,9283,84,158344471904256.0,14.19960290595621,properties_parent
1848,9285,35,381228075188224.0,14.581184876358591,properties_parent
1852,9300,0,1535789976518656.0,15.186331828797393,properties_parent
1853,9301,28,471019466784768.0,14.673038856476026,properties_parent
1855,9309,145,155587975315456.0,14.191976029312148,properties_parent
1856,9316,20786,2400601767936.0,12.380320121601253,properties_parent
1857,9319,3,899670222045184.0,14.95408334611498,properties_parent
1859,9327,4350,8611589259264.0,12.93508330741606,properties_parent
1860,9332,777,51981146128384.0,13.715845850996953,properties_parent
1861,9335,887,42830399537152.0,13.631752125668369,properties_parent
1862,9337,424,75413711749120.0,13.877450316633473,properties_parent
1864,9344,4577,8613186764800.0,12.935163864381227,properties_parent
1865,9346,153,140163564961792.0,14.146635134939482,properties_parent
1866,9347,10534,4472145707008.0,12.650515944860182,properties_parent
1867,9353,171,183455803506688.0,14.263531454936686,properties_parent
1869,9362,39,334133456797696.0,14.523919963740935,properties_parent
1871,9372,183,182627713679360.0,14.261566682205684,properties_parent
1872,9373,3109,11831488806912.0,13.07303939720137,properties_parent
1876,9392,430,67993501433856.0,13.832467406437347,properties_parent
1877,9394,5251,8621193166848.0,12.935567376024036,properties_parent
1878,9395,5636,8685391183872.0,12.938789383539724,properties_parent
1879,9400,358,79309163200512.0,13.899323367614166,properties_parent
1880,9403,219,66468171481088.0,13.822613731631124,properties_parent
1881,9405,1473,27973226856448.0,13.446742567376765,properties_parent
1882,9408,126,188105843802112.0,14.274402287796992,properties_parent
1884,9417,2,1033314370584576.0,15.014232469282954,properties_parent
1888,9436,377,84586503602176.0,13.92730107369279,properties_parent
1889,9437,9947,4858718978048.0,12.686521780764492,properties_parent
1890,9442,28,471019466784768.0,14.673038856476026,properties_parent
1891,9443,4078,7254855647232.0,12.860628775528506,properties_parent
1893,9452,136,127507051315200.0,14.105534202515887,properties_parent
1895,9461,46,176415714574336.0,14.246537268148105,properties_parent
1896,9463,5288,5586804015104.0,12.747163436591636,properties_parent
1898,9473,4864,9465461997568.0,12.9761418161971,properties_parent
1899,9478,3435,14558664065024.0,13.163121524990265,properties_parent
1900,9479,184,107746024226816.0,14.032401253884174,properties_parent
1903,9490,1788,23117688733696.0,13.363944411912074,properties_parent
1905,9499,229,144828495036416.0,14.160854017797469,properties_parent
1906,9501,5164,8314699120640.0,12.91984653826871,properties_parent
1907,9504,115,127064946507776.0,14.104025757966165,properties_parent
1908,9506,16,379204239622144.0,14.578873184241475,properties_parent
1909,9509,639,61046635102208.0,13.785661730577091,properties_parent
1910,9512,731,39293930176512.0,13.594325469092018,properties_parent
1912,9524,675,57136910434304.0,13.756916753064406,properties_parent
1914,9531,10,635853466501120.0,14.803357043286407,properties_parent
1915,9533,4,841819696922624.0,14.925219083166256,properties_parent
1916,9536,28,471019466784768.0,14.673038856476026,properties_parent
1918,9547,151,177005769261056.0,14.24798742182739,properties_parent
1919,9551,5480,8214641901568.0,12.914588636114024,properties_parent
1920,9554,176,137337300320256.0,14.137788506087608,properties_parent
1921,9559,1256,29992079589376.0,13.47700657989352,properties_parent
1922,9567,1064,36202195451904.0,13.5587349087579,properties_parent
1923,9568,72,275153237835776.0,14.439574627690288,properties_parent
1926,9583,761,58473605758976.0,13.766959875313992,properties_parent
1927,9584,43,343380722712576.0,14.53577591035154,properties_parent
1929,9591,1,1307340129173504.0,15.116388592175756,properties_parent
1930,9593,4836,8243479838720.0,12.916110580110976,properties_parent
1931,9595,36,374207984697344.0,14.573113050061371,properties_parent
1932,9598,9,641211639529472.0,14.807001397240343,properties_parent
1933,9601,456,47788842811392.0,13.67932651437282,properties_parent
1934,9604,83,128114512363520.0,14.10759832788998,properties_parent
1936,9608,5480,8214641901568.0,12.914588636114024,properties_parent
1937,9612,8004,2854695469056.0,12.4555597857298,properties_parent
1938,9617,1042,39596536627200.0,13.597657201342832,properties_parent
1940,9626,10,635853466501120.0,14.803357043286407,properties_parent
1941,9627,4263,10996130250752.0,13.041239875482802,properties_parent
1942,9631,1522,26302249697280.0,13.419992896373008,properties_parent
1944,9640,55,242969403719680.0,14.385551587868612,properties_parent
1945,9642,399,61582495186944.0,13.789457281578663,properties_parent
1946,9644,44,332506201063424.0,14.521799749075257,properties_parent
1947,9645,20,431286791438336.0,14.63476615767462,properties_parent
1948,9650,233,146538932207616.0,14.165953022619735,properties_parent
1949,9655,309,102281827581952.0,14.00979847944098,properties_parent
1950,9656,715,47572056014848.0,13.677351921581923,properties_parent
1951,9659,430,67993501433856.0,13.832467406437347,properties_parent
1952,9661,139,146933045788672.0,14.16711948122038,properties_parent
1954,9667,35980,1409661796352.0,12.149114929962987,properties_parent
1956,9673,249,113038212464640.0,14.053225281157548,properties_parent
1962,9708,2025,22568004222976.0,13.353493154413483,properties_parent
1965,9721,407,75625037561856.0,13.878665603368333,properties_parent
1967,9731,991,36802236776448.0,13.565874215144914,properties_parent
1970,9740,1216,30019755704320.0,13.477407153706803,properties_parent
1971,9741,405,77950888181760.0,13.891821067956416,properties_parent
1973,9747,5,733527398154240.0,14.865416339917514,properties_parent
1976,9760,8532,4950088744960.0,12.694612985014569,properties_parent
1977,9762,75,134628685905920.0,14.129137606717835,properties_parent
1978,9765,7498,6368819937280.0,12.804058970450876,properties_parent
1979,9768,10401,4460404801536.0,12.649374274652873,properties_parent
1982,9785,75,134628685905920.0,14.129137606717835,properties_parent
1987,9817,1048,34086227804160.0,13.53257894213579,properties_parent
1988,9818,12739,3794737561600.0,12.579181746110272,properties_parent
1989,9820,2260,21507724017664.0,13.332594455070536,properties_parent
1990,9821,551,55684209049600.0,13.745732055229078,properties_parent
1991,9822,843,38889406332928.0,13.589831313466272,properties_parent
1992,9825,2318,16561760894976.0,13.21910651036642,properties_parent
1993,9827,5435,8389620400128.0,12.923742311024254,properties_parent
1995,9835,319,95636196163584.0,13.980622294147857,properties_parent
1997,9843,2581,18481261051904.0,13.266731601580954,properties_parent
1999,9853,150,88344214110208.0,13.946178111711578,properties_parent
2001,9862,4046,10475932745728.0,13.02019270164199,properties_parent
2002,9864,568,62956708560896.0,13.799042014598683,properties_parent
2005,9882,1139,35410260525056.0,13.549129122018716,properties_parent
2007,9888,61662,890547208192.0,11.949656946498711,properties_parent
2011,9915,3023,9574306283520.0,12.981107316514947,properties_parent
2012,9920,424,75413711749120.0,13.877450316633473,properties_parent
2013,9924,2054,22546013487104.0,13.353069762462006,properties_parent
2014,9926,107,187167024349184.0,14.272229335830058,properties_parent
2016,9940,1646,25289102983168.0,13.402933424980256,properties_parent
2018,9952,2365,17084703571968.0,13.232607447976726,properties_parent
2019,9958,783,54372062986240.0,13.735375811326948,properties_parent
2020,9960,371,79526629474304.0,13.900512576420692,properties_parent
2021,9964,481,56581853020160.0,13.752677166225473,properties_parent
2022,9969,1184,34884101865472.0,13.542627546008278,properties_parent
2023,9971,2529,17889549615104.0,13.252599406965516,properties_parent
2024,9974,14001,3644823175168.0,12.561676463816802,properties_parent
2025,9978,1060,33746575163392.0,13.52822970418592,properties_parent
2026,9980,2150,21033320972288.0,13.322907849294582,properties_parent
2028,9984,381,49719699046400.0,13.69652849119078,properties_parent
2029,9987,11637,3751791558656.0,12.574238701924475,properties_parent
2031,9994,801,42187903467520.0,13.625187943606322,properties_parent
2032,9997,530,71088553852928.0,13.851799679510531,properties_parent
2036,10015,6794,5431018651648.0,12.734881294284785,properties_parent
2042,10048,54,314248664186880.0,14.497273440256166,properties_parent
2043,10050,2935,13169447665664.0,13.119567560779211,properties_parent
2044,10055,7435,6351255240704.0,12.802859566274249,properties_parent
2045,10058,308,100990426546176.0,14.004280206503156,properties_parent
2051,10083,261,103206847774720.0,14.01370851368762,properties_parent
2052,10086,0,1535789976518656.0,15.186331828797393,properties_parent
2053,10089,5,733527398154240.0,14.865416339917514,properties_parent
2055,10099,27551,1836076105728.0,12.26389067883292,properties_parent
2057,10104,722,49357130825728.0,13.693349905831289,properties_parent
2058,10105,16472,3147749130240.0,12.498000112602549,properties_parent
2060,10116,60,290497797029888.0,14.463142843296431,properties_parent
2062,10122,1649,26776988286976.0,13.427761728616955,properties_parent
2063,10125,458,69916229107712.0,13.844577996830647,properties_parent
2064,10126,605,61406233755648.0,13.788212461503669,properties_parent
2065,10128,833,25827265740800.0,13.412078431084751,properties_parent
2066,10131,77,230889556541440.0,14.363404289612728,properties_parent
2067,10136,1748,23363588194304.0,13.368539542777487,properties_parent
2068,10137,6697,5436702457856.0,12.7353355654006,properties_parent
2069,10141,437,84636801695744.0,13.92755924363093,properties_parent
2070,10145,372,95095382605824.0,13.978159430107814,properties_parent
2072,10152,3211,13532490891264.0,13.131377743439057,properties_parent
2074,10160,2691,16641920335872.0,13.221203438730727,properties_parent
2075,10164,95,183994033373184.0,14.264803739775209,properties_parent
2076,10165,1884,22378010640384.0,13.349821476012478,properties_parent
2077,10168,320,107388266872832.0,14.030956833405009,properties_parent
2078,10172,1476,22847502155776.0,13.358838726976556,properties_parent
2079,10174,793,33260883148800.0,13.52193377649981,properties_parent
2080,10176,237,74851809230848.0,13.874202302066884,properties_parent
2081,10179,207,96327551680512.0,13.983750522134436,properties_parent
2082,10182,962,34999956930560.0,13.544067509926515,properties_parent
2087,10216,898,48686457421824.0,13.687408175077296,properties_parent
2089,10223,38,128062117117952.0,14.107420677287024,properties_parent
2090,10227,327,99669908652032.0,13.998564060228068,properties_parent
2091,10229,7561,5935467593728.0,12.773454938181365,properties_parent
2092,10232,15,497315974479872.0,14.696632409598273,properties_parent
2093,10237,1382,25363210043392.0,13.404204218291206,properties_parent
2094,10238,3383,13868498681856.0,13.142029449575393,properties_parent
2097,10251,27,456104488206336.0,14.659064345851233,properties_parent
2098,10255,18,407155215695872.0,14.609760002516866,properties_parent
2099,10258,5343,8125443211264.0,12.90984705936864,properties_parent
2100,10261,51,316146536415232.0,14.499888428205248,properties_parent
2102,10267,8408,6334255202304.0,12.801695556781343,properties_parent
2103,10269,1682,24637930995712.0,13.391604234544618,properties_parent
2104,10270,703,55955853148160.0,13.747845521731092,properties_parent
2105,10271,624,47573284945920.0,13.677363140585983,properties_parent
2107,10276,8547,3501029588992.0,12.544195781225373,properties_parent
2108,10278,873,49302953000960.0,13.692872932129449,properties_parent
2111,10293,719,52121881804800.0,13.71702008706141,properties_parent
2112,10296,1502,28631336222720.0,13.456841616991632,properties_parent
2113,10301,1010,43189637480448.0,13.63537955873836,properties_parent
2114,10304,1274,22666945757184.0,13.355393005342108,properties_parent
2115,10306,11,547336941993984.0,14.738254761430827,properties_parent
2117,10315,812,24729859653632.0,13.39322165166958,properties_parent
2118,10320,394,76312400101376.0,13.882595112765458,properties_parent
2119,10321,202,158652518367232.0,14.200446970254973,properties_parent
2120,10323,4157,9742687666176.0,12.988678780038216,properties_parent
2122,10330,2813,12571470987264.0,13.099386097437336,properties_parent
2123,10331,2244,21134307229696.0,13.324988016477729,properties_parent
2125,10340,2529,17889549615104.0,13.252599406965516,properties_parent
2126,10342,44921,1212044410880.0,12.083518533235184,properties_parent
2127,10347,1839,20663026843648.0,13.315193939894554,properties_parent
2128,10349,606,66377327050752.0,13.822019759815856,properties_parent
2129,10351,317,108471882088448.0,14.035317175636992,properties_parent
2131,10358,1265,35933109878784.0,13.555494805424765,properties_parent
2134,10369,3734,13069813022720.0,13.116269374590354,properties_parent
2135,10372,370,105982210342912.0,14.025232972828052,properties_parent
2136,10375,293,100814081228800.0,14.003521196522817,properties_parent
2137,10381,1326,32969087516672.0,13.51810692736887,properties_parent
2138,10382,22468,2043072086016.0,12.31028369017952,properties_parent
2139,10386,3386,13819412742144.0,13.14048958802622,properties_parent
2140,10387,189,142160531816448.0,14.1527790394773,properties_parent
2141,10390,46,176415714574336.0,14.246537268148105,properties_parent
2143,10397,81,272367582445568.0,14.43515541600576,properties_parent
2146,10407,3024,11935994085376.0,13.0768585949234,properties_parent
2148,10412,115,127064946507776.0,14.104025757966165,properties_parent
2149,10414,6742,5023572426752.0,12.701012668029207,properties_parent
2152,10428,1848,24820431454208.0,13.394809326580646,properties_parent
2153,10431,78,260628933509120.0,14.416022626901675,properties_parent
2154,10435,340,114998093283328.0,14.060690639628444,properties_parent
2155,10437,18656,2461002366976.0,12.3911120314046,properties_parent
2156,10438,2454,14265810419712.0,13.154296448324786,properties_parent
2158,10449,489,63187059736576.0,13.80062814694668,properties_parent
2159,10451,15193,2653903650816.0,12.42388515188241,properties_parent
2160,10452,254,110979648061440.0,14.04524334324606,properties_parent
2161,10453,0,1535789976518656.0,15.186331828797393,properties_parent
2163,10460,180,142675005145088.0,14.154347896882348,properties_parent
2165,10464,1358,30948630462464.0,13.490641435399606,properties_parent
2166,10466,416,90803720421376.0,13.958103642853386,properties_parent
2167,10469,1130,39711770935296.0,13.598919254736447,properties_parent
2168,10474,7941,4906357358592.0,12.69075917721982,properties_parent
2170,10478,2,1033314370584576.0,15.014232469282954,properties_parent
2171,10480,69,269337868894208.0,14.43029741949233,properties_parent
2172,10483,24,367364893835264.0,14.565097651855222,properties_parent
2173,10485,1295,17417087483904.0,13.240975533253645,properties_parent
2174,10490,35,381228075188224.0,14.581184876358591,properties_parent
2175,10491,946,50929000775680.0,13.706965155424845,properties_parent
2177,10502,795,52661088944128.0,13.721489835353722,properties_parent
2178,10506,6595,6665866838016.0,12.82385663364307,properties_parent
2180,10513,10,635853466501120.0,14.803357043286407,properties_parent
2182,10522,442,78141225697280.0,13.89288021914101,properties_parent
2183,10525,4869,8808959049728.0,12.944924591082993,properties_parent
2186,10539,2,1033314370584576.0,15.014232469282954,properties_parent
2187,10541,2,1033314370584576.0,15.014232469282954,properties_parent
2189,10553,18241,2018280341504.0,12.304981490103165,properties_parent
2190,10555,307,100631763222528.0,14.00273508226059,properties_parent
2191,10559,2104,22701823492096.0,13.356060742688664,properties_parent
2192,10561,87,78567408926720.0,13.895242430790525,properties_parent
2197,10590,102,98802778243072.0,13.994769156719933,properties_parent
2199,10596,2,1033314370584576.0,15.014232469282954,properties_parent
2200,10599,72,275153237835776.0,14.439574627690288,properties_parent
2201,10601,1321,24956794568704.0,13.397188804146593,properties_parent
2204,10615,218,121661835706368.0,14.085154365070611,properties_parent
2206,10622,866,43967274024960.0,13.6431295401565,properties_parent
2209,10633,99,137743803875328.0,14.139072072109837,properties_parent
2210,10636,5,733527398154240.0,14.865416339917514,properties_parent
2211,10638,1628,14546756435968.0,13.162766167273997,properties_parent
2212,10642,510,77027050782720.0,13.886643269881056,properties_parent
2214,10655,353,86192754262016.0,13.93547075867522,properties_parent
2215,10658,7440,6952322072576.0,12.842129882989312,properties_parent
2216,10661,928,41442772779008.0,13.61744880470864,properties_parent
2218,10667,327,99669908652032.0,13.998564060228068,properties_parent
2219,10670,2560,17716310179840.0,13.248373275372805,properties_parent
2220,10674,93,235066697449472.0,14.371191105780005,properties_parent
2222,10683,9611,4836120592384.0,12.68449712179046,properties_parent
2223,10686,33,369590794190848.0,14.56772114522689,properties_parent
2225,10692,2653,7268410589184.0,12.861439452425255,properties_parent
2226,10693,40,235068089958400.0,14.371193678484511,properties_parent
2229,10708,2600,15371288444928.0,13.186710272253814,properties_parent
2231,10714,50,338210588721152.0,14.529187200397084,properties_parent
2232,10719,3,899670222045184.0,14.95408334611498,properties_parent
2233,10720,240,70644460945408.0,13.849078115580904,properties_parent
2234,10723,30,389327343321088.0,14.590314906252068,properties_parent
2235,10724,365,96600407932928.0,13.984978960397331,properties_parent
2237,10732,46,176415714574336.0,14.246537268148105,properties_parent
2239,10743,52,275655178584064.0,14.440366155746386,properties_parent
2240,10745,4155,8781599604736.0,12.94357363165041,properties_parent
2242,10750,180,142675005145088.0,14.154347896882348,properties_parent
2246,10764,308,100990426546176.0,14.004280206503156,properties_parent
2247,10766,3243,8124430811136.0,12.90979294451347,properties_parent
2250,10779,7872,6210549972992.0,12.79313006066928,properties_parent
2251,10783,435,70737238949888.0,13.849648104217357,properties_parent
2253,10788,161,170170278477824.0,14.230883709566198,properties_parent
2254,10790,19,467371865145344.0,14.669662565180955,properties_parent
2255,10791,1203,37577016999936.0,13.574922301259804,properties_parent
2256,10792,3756,11476305707008.0,13.059802108508984,properties_parent
2257,10795,1719,21550073905152.0,13.333448763895577,properties_parent
2260,10806,0,1535789976518656.0,15.186331828797393,properties_parent
2261,10808,72,275153237835776.0,14.439574627690288,properties_parent
2262,10811,258,114313599647744.0,14.058097900567022,properties_parent
2266,10830,5901,6180921409536.0,12.791053221569202,properties_parent
2268,10837,1,1307340129173504.0,15.116388592175756,properties_parent
2270,10842,618,61449854517248.0,13.78852085902994,properties_parent
2272,10852,6340,4081474076672.0,12.610817042439248,properties_parent
2274,10861,7077,7248274784256.0,12.860234649214012,properties_parent
2277,10874,161,170170278477824.0,14.230883709566198,properties_parent
2279,10882,16755,2809657819136.0,12.448653431538558,properties_parent
2282,10898,412,81883476000768.0,13.913196270432948,properties_parent
2284,10905,1568,29379719593984.0,13.4680476464792,properties_parent
2286,10910,502,61252621565952.0,13.787124680910242,properties_parent
2287,10913,5,733527398154240.0,14.865416339917514,properties_parent
2289,10918,4567,10449785454592.0,13.019107374002738,properties_parent
2290,10919,259,112847262580736.0,14.052491028540052,properties_parent
2291,10921,9077,4486921191424.0,12.6519484416235,properties_parent
2292,10923,1875,24767551766528.0,13.39388307938212,properties_parent
2293,10925,13,553877338324992.0,14.743413596521044,properties_parent
2294,10928,411,84143316664320.0,13.92501962653793,properties_parent
2295,10930,85,123098057670656.0,14.090251200375905,properties_parent
2296,10934,31,390177377746944.0,14.591262085651834,properties_parent
2297,10938,408,82125034356736.0,13.914475564253532,properties_parent
2298,10942,356,95938353823744.0,13.981992262270406,properties_parent
2300,10949,265,116946104221696.0,14.067985758909591,properties_parent
2301,10950,101,121944716345344.0,14.086162987825046,properties_parent
2302,10952,6187,7739406811136.0,12.88870767534404,properties_parent
2303,10955,21,382146090893312.0,14.582229421392803,properties_parent
2304,10958,2901,15494228738048.0,13.190169963076348,properties_parent
2305,10961,4161,11766052421632.0,13.070630778980442,properties_parent
2307,10967,115,127064946507776.0,14.104025757966165,properties_parent
2308,10968,8939,4274898862080.0,12.630925844406846,properties_parent
2310,10976,507,68217351438336.0,13.83389485376905,properties_parent
2311,10978,782,49241841991680.0,13.692334290235314,properties_parent
2315,10994,2601,15617415446528.0,13.193609163332276,properties_parent
2316,10996,49,324038740148224.0,14.510596934980796,properties_parent
2317,10999,1587,22334144512000.0,13.348969321892556,properties_parent
2318,11000,1393,23691681333248.0,13.37459588249741,properties_parent
2320,11005,64,279798244966400.0,14.446844986053598,properties_parent
2321,11008,1697,25339753398272.0,13.403802384095536,properties_parent
2322,11010,12623,3738577928192.0,12.572706437659184,properties_parent
2323,11012,3646,9733089001472.0,12.988250694676257,properties_parent
2325,11021,4844,6443161878528.0,12.809099042733632,properties_parent
2326,11022,9272,4012285362176.0,12.60339181338406,properties_parent
2327,11023,67,278848855867392.0,14.445368866896445,properties_parent
2329,11031,223,131011845292032.0,14.117310563689344,properties_parent
2331,11040,166,154801711087616.0,14.189775756810716,properties_parent
2332,11045,1493,33249468350464.0,13.521784705449477,properties_parent
2334,11051,239,113186665660416.0,14.053795266329251,properties_parent
2336,11056,527,70330672480256.0,13.847144770023505,properties_parent
2337,11057,133,198890708008960.0,14.29861449375943,properties_parent
2339,11061,723,42922057662464.0,13.632680533658156,properties_parent
2342,11072,217,144810090430464.0,14.160798824745036,properties_parent
2343,11074,821,45085274144768.0,13.654034714782885,properties_parent
2346,11086,602,64531443220480.0,13.80977137804191,properties_parent
2347,11087,5,733527398154240.0,14.865416339917514,properties_parent
2348,11088,852,25859515744256.0,13.412620387846518,properties_parent
2350,11093,676,59100150890496.0,13.77158858969388,properties_parent
2351,11094,17,416661488271360.0,14.619783360778436,properties_parent
2357,11120,37,197666877210624.0,14.2959339012316,properties_parent
2358,11124,80,193627108147200.0,14.286966159246084,properties_parent
2362,11141,1944,25524835450880.0,13.406962951032986,properties_parent
2363,11143,179,150488372740096.0,14.177502946110009,properties_parent
2365,11150,80,193627108147200.0,14.286966159246084,properties_parent
2366,11155,2343,20930908651520.0,13.32078808231744,properties_parent
2367,11156,211,129321414950912.0,14.111670447733609,properties_parent
2368,11158,3072,5178029244416.0,12.714164498909328,properties_parent
2369,11159,34,367825831067648.0,14.565642224891787,properties_parent
2373,11176,771,34327614193664.0,13.53564362053812,properties_parent
2375,11182,4524,9033645817856.0,12.955863059175776,properties_parent
2377,11194,1065,20960482689024.0,13.321401279588686,properties_parent
2378,11197,218,121661835706368.0,14.085154365070611,properties_parent
2379,11200,30,389327343321088.0,14.590314906252068,properties_parent
2380,11202,90,239398222299136.0,14.37912092113914,properties_parent
2381,11206,523,70654569218048.0,13.849140252837351,properties_parent
2382,11209,588,64427017633792.0,13.809068028053392,properties_parent
2384,11217,4398,11067552956416.0,13.044051608683343,properties_parent
2386,11223,1039,17952361414656.0,13.254121582825332,properties_parent
2388,11229,1143,21088054542336.0,13.324036516178564,properties_parent
2389,11230,231,121593208504320.0,14.084909318427938,properties_parent
2390,11235,1739,16907610619904.0,13.22808223752614,properties_parent
2391,11239,39750,1269997895680.0,12.103803001353342,properties_parent
2393,11245,66,243409721753600.0,14.386337919907303,properties_parent
2394,11249,14814,3143330430976.0,12.497390037017128,properties_parent
2395,11251,1692,10293136588800.0,13.012547735854486,properties_parent
2398,11261,376,86114236891136.0,13.935074957401708,properties_parent
2399,11263,24,367364893835264.0,14.565097651855222,properties_parent
2400,11264,17357,2701609402368.0,12.431622559098123,properties_parent
2401,11265,39,334133456797696.0,14.523919963740935,properties_parent
2403,11269,3382,13388370411520.0,13.126727719330631,properties_parent
2404,11270,44,332506201063424.0,14.521799749075257,properties_parent
2406,11277,142,146151143636992.0,14.164802218073827,properties_parent
2407,11280,4,841819696922624.0,14.925219083166256,properties_parent
2408,11282,387,88921576833024.0,13.949007155374336,properties_parent
2409,11283,4531,6238405918720.0,12.79507362988325,properties_parent
2412,11292,94,141371298021376.0,14.15036124555552,properties_parent
2413,11294,94,141371298021376.0,14.15036124555552,properties_parent
2414,11298,328,86779596111872.0,13.938417624511867,properties_parent
2417,11309,341,95518411718656.0,13.980087092391258,properties_parent
2419,11315,464,80022396207104.0,13.90321155184105,properties_parent
2420,11318,211,129321414950912.0,14.111670447733609,properties_parent
2421,11321,9,641211639529472.0,14.807001397240343,properties_parent
2422,11326,175,148736479068160.0,14.172417496531809,properties_parent
2424,11333,148,122913483128832.0,14.089599525907348,properties_parent
2425,11336,231,121593208504320.0,14.084909318427938,properties_parent
2426,11338,176,137337300320256.0,14.137788506087608,properties_parent
2427,11340,297,98328016584704.0,13.992677278915956,properties_parent
2428,11343,74,205864174616576.0,14.313580775369577,properties_parent
2429,11345,147,187930807107584.0,14.273997978930446,properties_parent
2430,11347,390,71213359562752.0,13.852561474537506,properties_parent
2431,11350,62,174374598475776.0,14.241483220589254,properties_parent
2433,11358,3730,10941682941952.0,13.0390841260368,properties_parent
2434,11360,1121,34540905037824.0,13.538333712727198,properties_parent
2436,11367,161,170170278477824.0,14.230883709566198,properties_parent
2438,11374,1642,14803855736832.0,13.170374844255884,properties_parent
2439,11376,124,178725417123840.0,14.252186319330942,properties_parent
2440,11378,2884,11485962043392.0,13.060167376774276,properties_parent
2441,11379,440,72182579331072.0,13.858432396831793,properties_parent
2444,11389,1,1307340129173504.0,15.116388592175756,properties_parent
2447,11402,55,242969403719680.0,14.385551587868612,properties_parent
2449,11412,193,98666782130176.0,13.994170964567004,properties_parent
2450,11414,156,170201618317312.0,14.23096368514303,properties_parent
2452,11426,3430,13386115973120.0,13.126654583275272,properties_parent
2453,11429,198,133830543409152.0,14.1265552413859,properties_parent
2454,11434,1001,38597696684032.0,13.586561388939597,properties_parent
2455,11435,1833,20685145505792.0,13.315658580205682,properties_parent
2457,11442,3022,13873717444608.0,13.142192845310037,properties_parent
2458,11444,407,75625037561856.0,13.878665603368333,properties_parent
2461,11458,1096,37118684430336.0,13.569592575446327,properties_parent
2463,11465,160,171195450261504.0,14.233492218562052,properties_parent
2465,11474,82,135533791543296.0,14.132047587839036,properties_parent
2468,11489,1512,30098759614464.0,13.47854859846117,properties_parent
2469,11493,762,53261860077568.0,13.726416329345088,properties_parent
2470,11498,5119,9190134251520.0,12.963321855702592,properties_parent
2472,11509,6334,7792403415040.0,12.891671428006932,properties_parent
2474,11514,12936,3925902360576.0,12.593939494247593,properties_parent
2476,11526,707,54530980970496.0,13.73664331038151,properties_parent
2477,11528,37,197666877210624.0,14.2959339012316,properties_parent
2478,11531,40,235068089958400.0,14.371193678484511,properties_parent
2479,11533,88,223381030961152.0,14.349046290987864,properties_parent
2480,11535,93,235066697449472.0,14.371191105780005,properties_parent
2481,11538,479,74532631085056.0,13.872346452580745,properties_parent
2486,11559,4,841819696922624.0,14.925219083166256,properties_parent
2489,11567,919,41157715296256.0,13.614451258661624,properties_parent
2490,11570,698,56846442299392.0,13.754703289813715,properties_parent
2491,11572,126,188105843802112.0,14.274402287796992,properties_parent
2492,11574,207,96327551680512.0,13.983750522134436,properties_parent
2493,11577,5227,1637608456192.0,12.214210072246072,properties_parent
2497,11593,56,296168328265728.0,14.47153861395946,properties_parent
2498,11595,594,68042126000128.0,13.832777874836172,properties_parent
2499,11600,5050,9466995015680.0,12.976212148463818,properties_parent
2500,11604,25,219906721185792.0,14.342238503254803,properties_parent
2502,11614,194,118452362674176.0,14.073543727668524,properties_parent
2508,11641,1856,24837718278144.0,13.395111696789312,properties_parent
2510,11650,16288,2978580529152.0,12.474009346215482,properties_parent
2511,11652,169,152895567691776.0,14.184394895779198,properties_parent
2514,11665,4053,6660045144064.0,12.823477172976824,properties_parent
2516,11673,218,121661835706368.0,14.085154365070611,properties_parent
2517,11674,96,214734724923392.0,14.331902280221906,properties_parent
2520,11687,1024,38744426020864.0,13.588209231422884,properties_parent
2521,11690,2907,14072091246592.0,13.148358642521243,properties_parent
2522,11692,126,188105843802112.0,14.274402287796992,properties_parent
2523,11693,74,205864174616576.0,14.313580775369577,properties_parent
2525,11702,7727,5018087325696.0,12.70053821471831,properties_parent
2526,11706,886,41322236870656.0,13.616183822873923,properties_parent
2527,11708,545,49718398812160.0,13.696517133681578,properties_parent
2528,11709,4776,10271374442496.0,13.011628561693929,properties_parent
2529,11712,6324,7240805253120.0,12.859786866962304,properties_parent
2530,11714,6308,5947876966400.0,12.7743619764326,properties_parent
2534,11728,16766,2763770036224.0,12.441501904058947,properties_parent
2535,11730,6358,6303403474944.0,12.79957510679777,properties_parent
2536,11732,554,70259662913536.0,13.84670606183599,properties_parent
2540,11750,15,497315974479872.0,14.696632409598273,properties_parent
2541,11751,6855,6446177058816.0,12.809302230219242,properties_parent
2542,11752,499,50880686587904.0,13.70655296308309,properties_parent
2543,11755,7159,6128110403584.0,12.787326580912309,properties_parent
2545,11761,68,276792942264320.0,14.442155012176563,properties_parent
2546,11762,465,72803009167360.0,13.86214933038132,properties_parent
2548,11767,14854,3008754876416.0,12.478386807163051,properties_parent
2549,11773,80,193627108147200.0,14.286966159246084,properties_parent
2554,11797,639,61046635102208.0,13.785661730577091,properties_parent
2557,11807,12542,3865750274048.0,12.587233795345425,properties_parent
2561,11825,2097,15193193054208.0,13.181649056291567,properties_parent
2563,11834,124,178725417123840.0,14.252186319330942,properties_parent
2565,11843,3275,13886980882432.0,13.142607837629642,properties_parent
2568,11855,5,733527398154240.0,14.865416339917514,properties_parent
2569,11858,354,97267235160064.0,13.987966571146448,properties_parent
2571,11865,296,79690131832832.0,13.901404545287091,properties_parent
2572,11868,1678,24684470992896.0,13.392423824392171,properties_parent
2573,11871,3097,13214222909440.0,13.121041628605433,properties_parent
2574,11872,33,369590794190848.0,14.56772114522689,properties_parent
2581,11910,758,51911076085760.0,13.715260031638698,properties_parent
2582,11911,52,275655178584064.0,14.440366155746386,properties_parent
2584,11916,4776,10271374442496.0,13.011628561693929,properties_parent
2586,11925,642,40866697707520.0,13.61136954533711,properties_parent
2587,11928,716,60128938164224.0,13.77908353457076,properties_parent
2589,11936,7513,6031525543936.0,12.780427171430244,properties_parent
2590,11939,214,138947200024576.0,14.142849799575943,properties_parent
2591,11940,5,733527398154240.0,14.865416339917514,properties_parent
2593,11945,9888,4976014262272.0,12.696881616461129,properties_parent
2595,11954,35914,1461106507776.0,12.164681875108451,properties_parent
2596,11956,522,73626208436224.0,13.86703243598364,properties_parent
2597,11958,13,553877338324992.0,14.743413596521044,properties_parent
2599,11963,2644,16629153923072.0,13.22087015325508,properties_parent
2601,11971,55,242969403719680.0,14.385551587868612,properties_parent
2603,11977,2272,15787550048256.0,13.198314740326456,properties_parent
2604,11981,4195,10513681481728.0,13.021754815670487,properties_parent
2606,11985,368,88182574022656.0,13.945382771599856,properties_parent
2607,11986,1107,28071425998848.0,13.448264474896664,properties_parent
2611,12002,777,51981146128384.0,13.715845850996953,properties_parent
2612,12004,618,61449854517248.0,13.78852085902994,properties_parent
2613,12008,5389,7119389065216.0,12.85244272720577,properties_parent
2614,12009,36703,1472001605632.0,12.16790828372209,properties_parent
2615,12010,343,105406022025216.0,14.02286542356733,properties_parent
2617,12018,237,74851809230848.0,13.874202302066884,properties_parent
2619,12024,662,55736126144512.0,13.746136780442464,properties_parent
2620,12027,90,239398222299136.0,14.37912092113914,properties_parent
2621,12030,9,641211639529472.0,14.807001397240343,properties_parent
2622,12035,3440,12323204890624.0,13.09072366929808,properties_parent
2623,12039,285,131206410665984.0,14.117955054924138,properties_parent
2626,12053,1682,24637930995712.0,13.391604234544618,properties_parent
2627,12056,206,115317153988608.0,14.061893915520756,properties_parent
2629,12063,102,98802778243072.0,13.994769156719933,properties_parent
2631,12072,987,23991269982208.0,13.380053238033137,properties_parent
2633,12078,97,228157068148736.0,14.358233927460835,properties_parent
2634,12081,6724,5030905643008.0,12.701646172005685,properties_parent
2635,12084,1444,28054269198336.0,13.44799896000209,properties_parent
2636,12086,133,198890708008960.0,14.29861449375943,properties_parent
2638,12091,239,113186665660416.0,14.053795266329251,properties_parent
2639,12095,708,33299906953216.0,13.522443019999974,properties_parent
2640,12096,8,398251614273536.0,14.600157544846471,properties_parent
2641,12099,5435,8389620400128.0,12.923742311024254,properties_parent
2642,12101,91,164138567335936.0,14.21521063841577,properties_parent
2643,12105,317,108471882088448.0,14.035317175636992,properties_parent
2644,12107,3705,6922917380096.0,12.840289148658597,properties_parent
2647,12120,1638,18044346695680.0,13.2563411628379,properties_parent
2649,12131,2142,21081245089792.0,13.323896257378152,properties_parent
2650,12135,1910,20806440583168.0,13.31819779057652,properties_parent
2651,12139,566,76039434797056.0,13.881038880084096,properties_parent
2652,12140,2095,21611373658112.0,13.33468237230564,properties_parent
2653,12141,229,144828495036416.0,14.160854017797469,properties_parent
2655,12149,2735,16947292930048.0,13.22910033620078,properties_parent
2656,12151,9267,2654284546048.0,12.423947478496158,properties_parent
2657,12154,1653,25968420847616.0,13.41444554077222,properties_parent
2659,12158,2083,20404307492864.0,13.309721859725244,properties_parent
2660,12162,2821,13083530493952.0,13.11672495095704,properties_parent
2661,12164,5264,8396161417216.0,12.924080779354425,properties_parent
2662,12166,1534,30090446503936.0,13.478428632165366,properties_parent
2666,12188,6022,8443615772672.0,12.926528462484391,properties_parent
2667,12190,550,57694941609984.0,13.76113773816142,properties_parent
2668,12193,5154,8908629344256.0,12.949810889893556,properties_parent
2671,12202,4468,8657600774144.0,12.937397555422184,properties_parent
2674,12214,321,68799856377856.0,13.8375875316313,properties_parent
2676,12223,261,103206847774720.0,14.01370851368762,properties_parent
2677,12224,44,332506201063424.0,14.521799749075257,properties_parent
2678,12228,340,114998093283328.0,14.060690639628444,properties_parent
2679,12232,138,156064733462528.0,14.193304774984238,properties_parent
2680,12236,6695,5663950372864.0,12.753119439440589,properties_parent
2683,12246,1852,24515870457856.0,13.389447317869053,properties_parent
2685,12253,4,841819696922624.0,14.925219083166256,properties_parent
2691,12284,3576,11290149912576.0,13.052699708600988,properties_parent
2693,12289,4,841819696922624.0,14.925219083166256,properties_parent
2694,12291,2014,24412074016768.0,13.387604678056029,properties_parent
2699,12314,205,93913033474048.0,13.972725868869531,properties_parent
2700,12315,186,144609837580288.0,14.160197838335472,properties_parent
2701,12318,1737,13172439252992.0,13.119666204424464,properties_parent
2702,12319,8161,5808169418752.0,12.764039275831848,properties_parent
2703,12322,259,112847262580736.0,14.052491028540052,properties_parent
2706,12333,432,71766454042624.0,13.855921488411973,properties_parent
2707,12335,179,150488372740096.0,14.177502946110009,properties_parent
2709,12342,5329,9245850337280.0,12.965946859227577,properties_parent
2710,12346,275,100861292314624.0,14.003724528383044,properties_parent
2713,12362,354,97267235160064.0,13.987966571146448,properties_parent
2716,12377,277,111711847710720.0,14.048099235089907,properties_parent
2721,12398,10343,4609045692416.0,12.663611013584656,properties_parent
2722,12401,356,95938353823744.0,13.981992262270406,properties_parent
2723,12403,264,60795924774912.0,13.783874468958846,properties_parent
2725,12410,1336,26570152476672.0,13.424394046679277,properties_parent
2726,12412,203,165268915486720.0,14.21819117721292,properties_parent
2728,12421,24792,1686270377984.0,12.226927211007627,properties_parent
2729,12424,870,50411692097536.0,13.702531275027706,properties_parent
2730,12425,116,198077717676032.0,14.296835623268862,properties_parent
2732,12436,131,185050360446976.0,14.267289935364555,properties_parent
2736,12454,369,93300698644480.0,13.969884895796945,properties_parent
2737,12455,1701,25694396481536.0,13.409838421288878,properties_parent
2741,12473,53,184230525009920.0,14.265361589731892,properties_parent
2742,12476,268,101358334115840.0,14.00585946404741,properties_parent
2746,12486,3451,12889501990912.0,13.110236137929274,properties_parent
2749,12497,521,66945118371840.0,13.82571891381303,properties_parent
2751,12504,3264,12086035873792.0,13.082283878987962,properties_parent
2752,12507,67,278848855867392.0,14.445368866896445,properties_parent
2753,12511,149,134479007973376.0,14.128654496733631,properties_parent
2755,12519,37,197666877210624.0,14.2959339012316,properties_parent
2756,12522,454,64366418329600.0,13.808659343477768,properties_parent
2757,12526,8,398251614273536.0,14.600157544846471,properties_parent
2758,12527,354,97267235160064.0,13.987966571146448,properties_parent
2760,12533,493,65074223906816.0,13.813408997296108,properties_parent
2763,12544,251,119521037778944.0,14.077444355385916,properties_parent
2764,12545,4,841819696922624.0,14.925219083166256,properties_parent
2765,12548,10583,2376021311488.0,12.375850331688,properties_parent
2767,12554,1973,13659225980928.0,13.135426090140832,properties_parent
2768,12556,23,392225506721792.0,14.593535832749234,properties_parent
2770,12562,20,431286791438336.0,14.63476615767462,properties_parent
2771,12564,227,121109320040448.0,14.083177565821742,properties_parent
2772,12567,70,258570536878080.0,14.412579037171405,properties_parent
2773,12570,6,459285179924480.0,14.662082431960792,properties_parent
2775,12574,23,392225506721792.0,14.593535832749234,properties_parent
2778,12584,5626,8616376008704.0,12.93532464281339,properties_parent
2779,12588,2720,15832395546624.0,13.199546631474378,properties_parent
2780,12589,129,112128929300480.0,14.04971767517024,properties_parent
2781,12591,1787,21646186381312.0,13.335381393555847,properties_parent
2784,12600,3974,12209747918848.0,13.086706697639933,properties_parent
2785,12603,3504,13623153917952.0,13.134277663420864,properties_parent
2786,12607,3022,13873717444608.0,13.142192845310037,properties_parent
2787,12609,8305,4978721685504.0,12.69711784954757,properties_parent
2789,12614,2059,22282026090496.0,13.347954678418915,properties_parent
2790,12618,598,61187324641280.0,13.786661464490484,properties_parent
2791,12619,32,390393736724480.0,14.59150284145414,properties_parent
2792,12622,129,112128929300480.0,14.04971767517024,properties_parent
2793,12623,333,84277794439168.0,13.925713161541752,properties_parent
2794,12625,5050,9466995015680.0,12.976212148463818,properties_parent
2797,12640,1440,24354393948160.0,13.386577326753418,properties_parent
2798,12643,2309,16126412062720.0,13.207537752714924,properties_parent
2799,12646,4019,9575155630080.0,12.98114584151645,properties_parent
2800,12647,36648,1610674470912.0,12.207007775197514,properties_parent
2802,12656,316,45303621222400.0,13.656132917554787,properties_parent
2803,12657,623,29950327390208.0,13.47640157407036,properties_parent
2804,12662,95,183994033373184.0,14.264803739775209,properties_parent
2805,12665,6580,7796270039040.0,12.891886873343724,properties_parent
2807,12672,3326,11175944257536.0,13.048284226972903,properties_parent
2809,12677,2622,17974849175552.0,13.254665254965891,properties_parent
2811,12687,357,94136631820288.0,13.973758655325671,properties_parent
2812,12689,2324,16698445922304.0,13.222676054454553,properties_parent
2813,12691,11543,2544680042496.0,12.40563318372035,properties_parent
2814,12693,7108,6187849351168.0,12.791539731861064,properties_parent
2815,12697,174,128181143076864.0,14.107824140159272,properties_parent
2816,12699,20,431286791438336.0,14.63476615767462,properties_parent
2818,12709,220,128017598775296.0,14.107269676879309,properties_parent
2819,12711,1485,29046704439296.0,13.463096865641392,properties_parent
2820,12712,30791,1728138444800.0,12.237578531779576,properties_parent
2822,12720,3874,10916599955456.0,13.038087395647908,properties_parent
2823,12723,23512,2081881980928.0,12.318456106305886,properties_parent
2826,12735,1311,29406384881664.0,13.46844163714061,properties_parent
2829,12750,62,174374598475776.0,14.241483220589254,properties_parent
2830,12752,337,96431452979200.0,13.984218710535105,properties_parent
2831,12754,3042,10405567004672.0,13.017265750121032,properties_parent
2832,12755,100,179395750789120.0,14.253812152026397,properties_parent
2833,12758,276,106887039156224.0,14.028925046984387,properties_parent
2835,12765,48,324151516594176.0,14.510748057859148,properties_parent
2838,12783,31,390177377746944.0,14.591262085651834,properties_parent
2839,12784,116,198077717676032.0,14.296835623268862,properties_parent
2840,12788,4054,10795182194688.0,13.033229976497012,properties_parent
2841,12790,9,641211639529472.0,14.807001397240343,properties_parent
2842,12793,227,121109320040448.0,14.083177565821742,properties_parent
2844,12801,1030,37313014923264.0,13.571860341821226,properties_parent
2845,12803,4281,10763190140928.0,13.031941012525577,properties_parent
2846,12805,367,99850288889856.0,13.999349325722385,properties_parent
2848,12811,9457,5037076512768.0,12.70217854780442,properties_parent
2850,12819,237,74851809230848.0,13.874202302066884,properties_parent
2851,12822,7,581220677189632.0,14.764341056124303,properties_parent
2852,12825,1822,21864581693440.0,13.33974117296976,properties_parent
2854,12832,254,110979648061440.0,14.04524334324606,properties_parent
2855,12834,64,279798244966400.0,14.446844986053598,properties_parent
2856,12837,8,398251614273536.0,14.600157544846471,properties_parent
2860,12850,607,60780804308992.0,13.783766442776596,properties_parent
2862,12855,565,71945399828480.0,13.857003030475877,properties_parent
2863,12857,2787,13632294354944.0,13.134568955015622,properties_parent
2864,12860,217,144810090430464.0,14.160798824745036,properties_parent
2866,12865,1616,27386347257856.0,13.437534110693337,properties_parent
2867,12867,4567,10449785454592.0,13.019107374002738,properties_parent
2868,12868,6060,5361365417984.0,12.729275408718618,properties_parent
2872,12892,776,50299037286400.0,13.701559672825208,properties_parent
2873,12894,3674,12154756399104.0,13.084746259305636,properties_parent
2875,12902,1641,17655266279424.0,13.246874272044254,properties_parent
2876,12904,150,88344214110208.0,13.946178111711578,properties_parent
2878,12909,1086,33712083304448.0,13.527785591431366,properties_parent
2879,12910,82,135533791543296.0,14.132047587839036,properties_parent
2880,12911,723,42922057662464.0,13.632680533658156,properties_parent
2882,12922,193,98666782130176.0,13.994170964567004,properties_parent
2883,12925,217,144810090430464.0,14.160798824745036,properties_parent
2885,12933,1,1307340129173504.0,15.116388592175756,properties_parent
2886,12935,1387,14754413281280.0,13.168921944180353,properties_parent
2890,12949,610,60040820031488.0,13.778446615162142,properties_parent
2891,12952,1,1307340129173504.0,15.116388592175756,properties_parent
2894,12961,7079,6132883521536.0,12.787664716450978,properties_parent
2895,12963,116,198077717676032.0,14.296835623268862,properties_parent
2897,12971,392,64449759150080.0,13.809221298726092,properties_parent
2899,12979,798,32031863996416.0,13.505582211839076,properties_parent
2902,12992,737,42574085619712.0,13.629145329222355,properties_parent
2904,13000,364,82055551516672.0,13.914107968832091,properties_parent
2905,13003,201,151025663082496.0,14.179050751188042,properties_parent
2906,13004,12883,3564818923520.0,12.552037474576856,properties_parent
2907,13006,141,114362085801984.0,14.058282067672582,properties_parent
2909,13013,2026,20392764768256.0,13.30947610965254,properties_parent
2911,13024,2395,17738649042944.0,13.248920541339231,properties_parent
2913,13029,455,74523831435264.0,13.872295174839584,properties_parent
2914,13032,2086,21952261521408.0,13.341479267889078,properties_parent
2915,13034,288,106871897718784.0,14.028863521203665,properties_parent
2917,13044,422,87033871597568.0,13.939688303022058,properties_parent
2918,13045,685,49596285845504.0,13.695449154369244,properties_parent
2919,13048,5947,7798509273088.0,12.892011592902488,properties_parent
2920,13050,675,57136910434304.0,13.756916753064406,properties_parent
2921,13054,1377,28852527038464.0,13.460183856687518,properties_parent
2922,13056,1021,42559158091776.0,13.628993028128336,properties_parent
2924,13063,1789,22208229408768.0,13.346513935016093,properties_parent
2925,13066,2255,21215601229824.0,13.326655343766792,properties_parent
2926,13070,2014,24412074016768.0,13.387604678056029,properties_parent
2928,13078,1037,39767383212032.0,13.59952701432104,properties_parent
2930,13083,708,33299906953216.0,13.522443019999974,properties_parent
2931,13085,780,45219990994944.0,13.655330471524456,properties_parent
2936,13109,1240,27727627288576.0,13.442912707674996,properties_parent
2938,13114,2724,14277213683712.0,13.154643459550815,properties_parent
2942,13133,291,91769182093312.0,13.962696861006464,properties_parent
2943,13137,28,471019466784768.0,14.673038856476026,properties_parent
2944,13138,5329,9245850337280.0,12.965946859227577,properties_parent
2946,13146,1028,38908347809792.0,13.590042789469258,properties_parent
2947,13148,764,54687277514752.0,13.737886303521826,properties_parent
2948,13150,567,82464420659200.0,13.916266612255749,properties_parent
2949,13153,2883,14846562140160.0,13.17162590035971,properties_parent
2955,13178,2969,13448936161280.0,13.128687932103588,properties_parent
2956,13180,7,581220677189632.0,14.764341056124303,properties_parent
2957,13183,170,86061992640512.0,13.934811397321257,properties_parent
2959,13190,1493,33249468350464.0,13.521784705449477,properties_parent
2962,13203,2599,15514943356928.0,13.190750194369524,properties_parent
2964,13210,525,57845856862208.0,13.762272258597758,properties_parent
2965,13213,1289,30400330072064.0,13.482878298993551,properties_parent
2966,13216,1007,44479826362368.0,13.648163083205011,properties_parent
2968,13222,1612,24210774687744.0,13.38400868606419,properties_parent
2969,13224,539,62603913068544.0,13.796601479711445,properties_parent
2970,13228,14222,3617388756992.0,12.558395184444183,properties_parent
2971,13231,5397,8472524488704.0,12.928012832781608,properties_parent
2973,13240,620,68789261565952.0,13.837520647441265,properties_parent
2976,13249,170,86061992640512.0,13.934811397321257,properties_parent
2978,13258,6950,6951307575296.0,12.842066505212063,properties_parent
2979,13261,17,416661488271360.0,14.619783360778436,properties_parent
2981,13265,1412,26058009083904.0,13.415941231142323,properties_parent
2983,13272,1025,41680170385408.0,13.61992948565834,properties_parent
2984,13276,214,138947200024576.0,14.142849799575943,properties_parent
2985,13277,409,73192534179840.0,13.864466784202415,properties_parent
2986,13279,22741,2272002572288.0,12.356408818733458,properties_parent
2987,13285,875,44372460568576.0,13.647113512145127,properties_parent
2989,13290,1288,31349608022016.0,13.496232115025116,properties_parent
2990,13294,39,334133456797696.0,14.523919963740935,properties_parent
2992,13299,39,334133456797696.0,14.523919963740935,properties_parent
2993,13302,11194,4285918609408.0,12.63204391943082,properties_parent
2994,13305,216,127733065580544.0,14.106303335323998,properties_parent
2997,13316,3459,9437530030080.0,12.974858346558015,properties_parent
3000,13327,374,88938211442688.0,13.949088391490458,properties_parent
3002,13334,787,57213552951296.0,13.757498918211928,properties_parent
3003,13336,2,1033314370584576.0,15.014232469282954,properties_parent
3004,13338,85,123098057670656.0,14.090251200375905,properties_parent
3006,13343,6589,7900990799872.0,12.89768155609244,properties_parent
3008,13349,241,116610618621952.0,14.066738099299023,properties_parent
3009,13352,5,733527398154240.0,14.865416339917514,properties_parent
3010,13353,709,43736008491008.0,13.640839145198424,properties_parent
3012,13362,1947,24587314135040.0,13.39071108994085,properties_parent
3013,13363,548,75069074178048.0,13.875461059774146,properties_parent
3015,13371,5731,6774541778944.0,12.83087992543484,properties_parent
3018,13380,1321,24956794568704.0,13.397188804146593,properties_parent
3022,13400,6290,7415469703168.0,12.87013866487666,properties_parent
3024,13409,183,182627713679360.0,14.261566682205684,properties_parent
3028,13428,639,61046635102208.0,13.785661730577091,properties_parent
3031,13436,118,192892568076288.0,14.28531549511078,properties_parent
3033,13440,7,581220677189632.0,14.764341056124303,properties_parent
3034,13442,3684,13495913414656.0,13.130202283299376,properties_parent
3035,13445,8080,4729268600832.0,12.674793980656675,properties_parent
3037,13453,2240,20992216793088.0,13.322058302811596,properties_parent
3038,13455,15238,3058344919040.0,12.48548646341393,properties_parent
3041,13463,718,48454722125824.0,13.68533610735697,properties_parent
3042,13465,192,129208068079616.0,14.111289632955176,properties_parent
3044,13475,119,170198598418432.0,14.230955979358162,properties_parent
3046,13482,265,116946104221696.0,14.067985758909591,properties_parent
3051,13507,671,61239136878592.0,13.78702906100228,properties_parent
3055,13524,228,104807805222912.0,14.020393626531456,properties_parent
3056,13526,235,124389475483648.0,14.094783636522529,properties_parent
3059,13539,2198,17361199431680.0,13.239579725942184,properties_parent
3062,13550,971,18281220014080.0,13.2620051754078,properties_parent
3068,13576,1657,27635652493312.0,13.441469722976038,properties_parent
3069,13579,10523,3203979542528.0,12.505689734442296,properties_parent
3072,13594,202,158652518367232.0,14.200446970254973,properties_parent
3073,13598,2059,22282026090496.0,13.347954678418915,properties_parent
3074,13599,241,116610618621952.0,14.066738099299023,properties_parent
3075,13601,5,733527398154240.0,14.865416339917514,properties_parent
3081,13626,2702,12590970306560.0,13.100059199730346,properties_parent
3087,13649,2007,16805263310848.0,13.225445321539352,properties_parent
3088,13652,446,80648580628480.0,13.9065967284436,properties_parent
3089,13656,208,66639999533056.0,13.823734985355646,properties_parent
3092,13672,48,324151516594176.0,14.510748057859148,properties_parent
3093,13673,14082,3612653912064.0,12.557826358667358,properties_parent
3094,13675,608,68446524014592.0,13.835351397837242,properties_parent
3096,13682,4852,9032182005760.0,12.955792680389546,properties_parent
3097,13684,5,733527398154240.0,14.865416339917514,properties_parent
3099,13692,518,72347499364352.0,13.859423524659872,properties_parent
3100,13695,7754,4142633320448.0,12.617276494014291,properties_parent
3103,13707,620,68789261565952.0,13.837520647441265,properties_parent
3104,13709,703,55955853148160.0,13.747845521731092,properties_parent
3107,13720,274,104744823554048.0,14.02013256951459,properties_parent
3109,13731,84,158344471904256.0,14.19960290595621,properties_parent
3110,13735,1026,41776719069184.0,13.62093432970606,properties_parent
3112,13740,241,116610618621952.0,14.066738099299023,properties_parent
3115,13749,108,199525524307968.0,14.299998460709714,properties_parent
3116,13751,1198,35459849781248.0,13.54973689146475,properties_parent
3117,13754,1251,31752647081984.0,13.501779936405264,properties_parent
3118,13757,519,77486184464384.0,13.88922427610964,properties_parent
3119,13761,594,68042126000128.0,13.832777874836172,properties_parent
3121,13766,57,301115828600832.0,14.478733585447388,properties_parent
3123,13778,758,51911076085760.0,13.715260031638698,properties_parent
3125,13787,4791,9471464046592.0,12.976417115034138,properties_parent
3126,13789,70,258570536878080.0,14.412579037171405,properties_parent
3127,13790,0,1535789976518656.0,15.186331828797393,properties_parent
3128,13791,0,1535789976518656.0,15.186331828797393,properties_parent
3129,13793,128,167641163497472.0,14.224380666351609,properties_parent
3131,13797,21554,1931794448384.0,12.285960913652058,properties_parent
3132,13799,291,91769182093312.0,13.962696861006464,properties_parent
3141,13836,72,275153237835776.0,14.439574627690288,properties_parent
3142,13840,151,177005769261056.0,14.24798742182739,properties_parent
3144,13846,3765,9299910721536.0,12.968478779378628,properties_parent
3145,13848,191,156477503307776.0,14.194451908070404,properties_parent
3146,13850,1745,22983758315520.0,13.36142104620753,properties_parent
3147,13851,769,60123984691200.0,13.779047755548502,properties_parent
3148,13854,1983,23039655804928.0,13.362475986767796,properties_parent
3150,13859,142,146151143636992.0,14.164802218073827,properties_parent
3152,13864,308,100990426546176.0,14.004280206503156,properties_parent
3154,13871,854,35482318667776.0,13.550011991986011,properties_parent
3159,13889,856,36327932297216.0,13.560240679517968,properties_parent
3160,13893,18525,2472173633536.0,12.39307897023488,properties_parent
3165,13913,25,219906721185792.0,14.342238503254803,properties_parent
3166,13916,292,88006337757184.0,13.944513948898596,properties_parent
3168,13924,1905,21917803216896.0,13.34079702341681,properties_parent
3170,13932,123,71453248585728.0,13.85402197855433,properties_parent
3172,13940,111,180591530082304.0,14.256697377623238,properties_parent
3173,13942,214,138947200024576.0,14.142849799575943,properties_parent
3174,13944,106,201667337256960.0,14.304635564064275,properties_parent
3175,13948,674,58282802675712.0,13.765540427746718,properties_parent
3178,13959,1742,18214406848512.0,13.260415033024406,properties_parent
3183,13975,414,81897241706496.0,13.91326927499826,properties_parent
3184,13978,4408,8910781022208.0,12.949915771238866,properties_parent
3185,13981,1667,21985566392320.0,13.34213765839742,properties_parent
3188,13994,195,148659874299904.0,14.172193761247229,properties_parent
3193,14015,507,68217351438336.0,13.83389485376905,properties_parent
3197,14029,2495,9233530617856.0,12.965367793622502,properties_parent
3199,14035,2371,15167879380992.0,13.18092486638258,properties_parent
3200,14037,122,201308741042176.0,14.303862632831848,properties_parent
3203,14048,86,192014666694656.0,14.283334402772732,properties_parent
3208,14071,2029,25225804644352.0,13.40184502811127,properties_parent
3210,14080,7344,6028052660224.0,12.780177037594951,properties_parent
3211,14084,21292,2089932816384.0,12.320132325372931,properties_parent
3215,14100,1457,29019510669312.0,13.462690085034543,properties_parent
3216,14102,197,138800206446592.0,14.1423901120738,properties_parent
3219,14113,101,121944716345344.0,14.086162987825046,properties_parent
3222,14127,732,56478928994304.0,13.751886452628131,properties_parent
3223,14129,1848,24820431454208.0,13.394809326580646,properties_parent
3224,14131,2,1033314370584576.0,15.014232469282954,properties_parent
3225,14133,58,279208861368320.0,14.445929197555325,properties_parent
3227,14141,5124,6776628445184.0,12.831013674421206,properties_parent
3228,14143,17,416661488271360.0,14.619783360778436,properties_parent
3230,14147,44664,1263422930944.0,12.1015487550121,properties_parent
3231,14149,2976,15873864630272.0,13.200682672392915,properties_parent
3232,14151,4338,8174320484352.0,12.91245166076206,properties_parent
3233,14155,80,193627108147200.0,14.286966159246084,properties_parent
3234,14158,1276,30142787223552.0,13.479183407893744,properties_parent
3236,14167,2321,16928835895296.0,13.228627095047424,properties_parent
3239,14176,2447,16241252106240.0,13.210619507778864,properties_parent
3240,14177,293,100814081228800.0,14.003521196522817,properties_parent
3247,14205,6127,7755247648768.0,12.88959567072166,properties_parent
3249,14209,2017,17538259877888.0,13.24398650106418,properties_parent
3250,14210,73,205733010341888.0,14.313303980849447,properties_parent
3251,14212,491,74550289104896.0,13.872449331979723,properties_parent
3253,14220,154,187111844085760.0,14.272101278992713,properties_parent
3254,14221,26,278377265102848.0,14.444633763828053,properties_parent
3255,14222,373,80262427836416.0,13.904512292452532,properties_parent
3258,14231,400,67376317988864.0,13.828507273774644,properties_parent
3259,14233,40312,1384606728192.0,12.141326437639105,properties_parent
3260,14234,1547,26002459721728.0,13.41501443231875,properties_parent
3261,14235,6157,7528871100416.0,12.876729861776438,properties_parent
3262,14238,45,305942902079488.0,14.485640381953424,properties_parent
3264,14244,791,50164374962176.0,13.700395405395952,properties_parent
3269,14265,418,64368444178432.0,13.808673012113472,properties_parent
3273,14281,2551,15600938123264.0,13.1931507143485,properties_parent
3274,14284,122,201308741042176.0,14.303862632831848,properties_parent
3275,14286,1440,24354393948160.0,13.386577326753418,properties_parent
3277,14293,703,55955853148160.0,13.747845521731092,properties_parent
3278,14296,5275,7800161828864.0,12.892103613030685,properties_parent
3279,14297,1447,26775438491648.0,13.427736591845395,properties_parent
3280,14298,550,57694941609984.0,13.76113773816142,properties_parent
3281,14302,1915,22627049537536.0,13.354627927657518,properties_parent
3283,14308,62,174374598475776.0,14.241483220589254,properties_parent
3288,14334,976,37686224093184.0,13.576182626235944,properties_parent
3292,14352,14,437283203317760.0,14.640762795784122,properties_parent
3295,14362,285,131206410665984.0,14.117955054924138,properties_parent
3296,14364,475,74233073893376.0,13.870597444484936,properties_parent
3298,14371,315,87792570859520.0,13.943457766803316,properties_parent
3303,14393,342,63594288906240.0,13.80341811552461,properties_parent
3304,14395,1502,28631336222720.0,13.456841616991632,properties_parent
3305,14398,1703,11877530730496.0,13.07472616273406,properties_parent
3306,14399,18760,2785708343296.0,12.444935644920797,properties_parent
3307,14402,2122,22075341275136.0,13.343907426304542,properties_parent
3309,14407,657,62052332732416.0,13.792758112567595,properties_parent
3311,14412,1007,44479826362368.0,13.648163083205011,properties_parent
3312,14416,22,360359567294464.0,14.556736056763258,properties_parent
3313,14419,44061,1222272876544.0,12.087168174439736,properties_parent
3314,14421,450,82344773943296.0,13.91563604164045,properties_parent
3315,14424,119,170198598418432.0,14.230955979358162,properties_parent
3317,14429,233,146538932207616.0,14.165953022619735,properties_parent
3318,14432,3299,11989840560128.0,13.078813407926456,properties_parent
3319,14435,21,382146090893312.0,14.582229421392803,properties_parent
3321,14444,27753,1856401178624.0,12.268671835479452,properties_parent
3326,14464,1284,28726158950400.0,13.458277559226644,properties_parent
3327,14465,128,167641163497472.0,14.224380666351609,properties_parent
3329,14473,2,1033314370584576.0,15.014232469282954,properties_parent
3332,14485,1885,21734371622912.0,13.33714708852746,properties_parent
3333,14487,398,58272455327744.0,13.765463317606624,properties_parent
3334,14491,189,142160531816448.0,14.1527790394773,properties_parent
3335,14494,68,276792942264320.0,14.442155012176563,properties_parent
3336,14496,2185,16660467548160.0,13.22168718499014,properties_parent
3339,14510,3416,7655254917120.0,12.883959657118572,properties_parent
3340,14511,0,1535789976518656.0,15.186331828797393,properties_parent
3341,14512,187,118919146766336.0,14.075251784522123,properties_parent
3342,14514,579,68386394472448.0,13.834969707081504,properties_parent
3344,14518,982,37487003041792.0,13.573880721444796,properties_parent
3347,14529,4,841819696922624.0,14.925219083166256,properties_parent
3348,14531,342,63594288906240.0,13.80341811552461,properties_parent
3349,14535,43145,1299542048768.0,12.113790336359132,properties_parent
3353,14551,149,134479007973376.0,14.128654496733631,properties_parent
3356,14567,100,179395750789120.0,14.253812152026397,properties_parent
3357,14568,5435,8389620400128.0,12.923742311024254,properties_parent
3358,14570,739,56257197113344.0,13.75017809063523,properties_parent
3360,14576,93,235066697449472.0,14.371191105780005,properties_parent
3361,14577,178,91614747820032.0,13.961965390494417,properties_parent
3362,14578,93,235066697449472.0,14.371191105780005,properties_parent
3368,14605,50,338210588721152.0,14.529187200397084,properties_parent
3369,14607,7278,5576633352192.0,12.74637209180118,properties_parent
3370,14609,1683,19006465507328.0,13.278901361821664,properties_parent
3374,14627,37,197666877210624.0,14.2959339012316,properties_parent
3375,14628,7,581220677189632.0,14.764341056124303,properties_parent
3377,14632,144,177805841137664.0,14.24994602396933,properties_parent
3378,14635,1349,31281700143104.0,13.495290348694184,properties_parent
3379,14637,206,115317153988608.0,14.061893915520756,properties_parent
3382,14645,5,733527398154240.0,14.865416339917514,properties_parent
3383,14648,1117,30655123554304.0,13.486503070874091,properties_parent
3386,14660,14299,3036268199936.0,12.482340131059985,properties_parent
3387,14663,504,72348950593536.0,13.85943223614971,properties_parent
3388,14667,1567,28505767149568.0,13.454932733266515,properties_parent
3390,14674,480,72573740122112.0,13.860779505230354,properties_parent
3392,14679,8304,2894213677056.0,12.461530591517166,properties_parent
3400,14712,1016,42347417042944.0,13.626826925925135,properties_parent
3401,14714,2495,9233530617856.0,12.965367793622502,properties_parent
3405,14725,657,62052332732416.0,13.792758112567595,properties_parent
3406,14726,50,338210588721152.0,14.529187200397084,properties_parent
3408,14732,5,733527398154240.0,14.865416339917514,properties_parent
3409,14734,2547,17656465850368.0,13.246903778783825,properties_parent
3411,14742,164,162742719741952.0,14.211501569611247,properties_parent
3413,14749,1687,24665395298304.0,13.39208808004533,properties_parent
3414,14750,6,459285179924480.0,14.662082431960792,properties_parent
3415,14754,10056,5158881198080.0,12.712555526785428,properties_parent
3416,14758,1535,29114450837504.0,13.464108602773395,properties_parent
3417,14764,43,343380722712576.0,14.53577591035154,properties_parent
3422,14783,644,58801696800768.0,13.769389858398895,properties_parent
3423,14785,22,360359567294464.0,14.556736056763258,properties_parent
3429,14808,12,655181557530624.0,14.816361664125669,properties_parent
3432,14821,635,56298792026112.0,13.750499076520583,properties_parent
3433,14822,1173,36651493490688.0,13.564091676154485,properties_parent
3434,14825,2104,22701823492096.0,13.356060742688664,properties_parent
3435,14827,5753,6494490198016.0,12.812545065666454,properties_parent
3436,14829,11339,3909220040704.0,12.592090116524345,properties_parent
3437,14831,10,635853466501120.0,14.803357043286407,properties_parent
3440,14839,796,51777936293888.0,13.71414473682814,properties_parent
3441,14841,1905,21917803216896.0,13.34079702341681,properties_parent
3443,14851,202,158652518367232.0,14.200446970254973,properties_parent
3445,14856,24,367364893835264.0,14.565097651855222,properties_parent
3447,14862,9292,5164772622336.0,12.713051206583916,properties_parent
3448,14864,1931,23780065804288.0,13.376213052065667,properties_parent
3450,14867,1736,22078545723392.0,13.343970463753436,properties_parent
3452,14870,19,467371865145344.0,14.669662565180955,properties_parent
3454,14877,2376,19013828608000.0,13.279069574830318,properties_parent
3455,14879,3147,13731979329536.0,13.137733141019718,properties_parent
3457,14885,70,258570536878080.0,14.412579037171405,properties_parent
3458,14887,1533,27039268601856.0,13.431994939988757,properties_parent
3463,14904,145,155587975315456.0,14.191976029312148,properties_parent
3467,14918,118,192892568076288.0,14.28531549511078,properties_parent
3468,14919,1011,42055304740864.0,13.623820784304687,properties_parent
3469,14922,1761,15409655840768.0,13.18779293929438,properties_parent
3470,14924,886,41322236870656.0,13.616183822873923,properties_parent
3475,14945,2,1033314370584576.0,15.014232469282954,properties_parent
3478,14956,2046,12777496248320.0,13.106445762111395,properties_parent
3481,14967,18,407155215695872.0,14.609760002516866,properties_parent
3482,14970,3546,8462128381952.0,12.927479609880928,properties_parent
3485,14984,633,54819410673664.0,13.738934362422896,properties_parent
3489,14998,319,95636196163584.0,13.980622294147857,properties_parent
3491,15005,3286,10920175599616.0,13.038229622007098,properties_parent
3494,15016,206,115317153988608.0,14.061893915520756,properties_parent
3495,15018,57128,896752877568.0,11.952672778947,properties_parent
3498,15025,167,163859293798400.0,14.214471078802893,properties_parent
3499,15026,7239,6937303318528.0,12.84119068349811,properties_parent
3502,15042,657,62052332732416.0,13.792758112567595,properties_parent
3503,15043,2294,14331692449792.0,13.156297479874246,properties_parent
3504,15045,568,62956708560896.0,13.799042014598683,properties_parent
3506,15050,16073,2819362127872.0,12.45015086162399,properties_parent
3509,15063,3492,13315706191872.0,13.124364203978136,properties_parent
3510,15065,5230,10133013790720.0,13.005738633713255,properties_parent
3511,15066,5171,9006766620672.0,12.954568909644228,properties_parent
3512,15067,0,1535789976518656.0,15.186331828797393,properties_parent
3513,15069,11490,4457737224192.0,12.649114463999092,properties_parent
3514,15073,14866,2420420902912.0,12.383890894871916,properties_parent
3515,15076,1632,16514722824192.0,13.217871289081984,properties_parent
3516,15077,2343,20930908651520.0,13.32078808231744,properties_parent
3527,15124,2074,21113495093248.0,13.324560131652948,properties_parent
3528,15126,523,70654569218048.0,13.849140252837351,properties_parent
3530,15131,724,49248552878080.0,13.692393473690524,properties_parent
3534,15145,345,97338085343232.0,13.98828279934485,properties_parent
3536,15152,24,367364893835264.0,14.565097651855222,properties_parent
3541,15169,4501,8083361759232.0,12.907592015458524,properties_parent
3542,15170,164,162742719741952.0,14.211501569611247,properties_parent
3543,15175,142,146151143636992.0,14.164802218073827,properties_parent
3544,15179,1907,22051536502784.0,13.343438855546813,properties_parent
3546,15186,157,111486940741632.0,14.047223998361677,properties_parent
3551,15209,926,43106812559360.0,13.634545911068706,properties_parent
3555,15222,617,34264479432704.0,13.534844138131485,properties_parent
3556,15224,131,185050360446976.0,14.267289935364555,properties_parent
3558,15230,750,54375057719296.0,13.735399730967906,properties_parent
3561,15239,21,382146090893312.0,14.582229421392803,properties_parent
3564,15253,5070,7612696887296.0,12.881538537951007,properties_parent
3565,15255,2886,10775970185216.0,13.032456381117482,properties_parent
3567,15264,91,164138567335936.0,14.21521063841577,properties_parent
3571,15285,487,68941133119488.0,13.838478417213745,properties_parent
3573,15293,863,45554587402240.0,13.65853211749262,properties_parent
3574,15295,1970,11167593398272.0,13.047959593307256,properties_parent
3577,15306,419,79921825185792.0,13.902665393374416,properties_parent
3579,15311,3101,9830096961536.0,12.992557801621796,properties_parent
3581,15316,161,170170278477824.0,14.230883709566198,properties_parent
3584,15330,366,40676657987584.0,13.60934526388754,properties_parent
3585,15334,2857,16313183371264.0,13.212538717979074,properties_parent
3588,15345,219,66468171481088.0,13.822613731631124,properties_parent
3589,15348,133,198890708008960.0,14.29861449375943,properties_parent
3593,15362,6267,6263794565120.0,12.796837505643463,properties_parent
3594,15363,243,117173376778240.0,14.068828945882146,properties_parent
3595,15366,706,29493269889024.0,13.469722925011428,properties_parent
3597,15370,1,1307340129173504.0,15.116388592175756,properties_parent
3598,15373,24459,2153177284608.0,12.333079789487773,properties_parent
3599,15375,1067,35132205432832.0,13.545705413590635,properties_parent
3601,15380,2717,14828693356544.0,13.171102884471168,properties_parent
3603,15387,3032,11478355673088.0,13.059879677848322,properties_parent
3607,15404,405,77950888181760.0,13.891821067956416,properties_parent
3608,15406,256,125519060271104.0,14.098709679140052,properties_parent
3611,15419,3634,11540174471168.0,13.06221237478962,properties_parent
3612,15422,7583,6143862636544.0,12.788441497248416,properties_parent
3615,15434,19953,2476648693760.0,12.3938644074006,properties_parent
3618,15446,264,60795924774912.0,13.783874468958846,properties_parent
3619,15448,70,258570536878080.0,14.412579037171405,properties_parent
3620,15451,11311,4382775574528.0,12.641749232634451,properties_parent
3621,15453,172,112941214990336.0,14.052852455445842,properties_parent
3629,15480,1156,26604791136256.0,13.42495985379908,properties_parent
3631,15486,215,116181465825280.0,14.065136851532658,properties_parent
3632,15488,1477,27883904958464.0,13.445353593785995,properties_parent
3633,15491,110,164342309847040.0,14.215749386731398,properties_parent
3638,15512,548,75069074178048.0,13.875461059774146,properties_parent
3639,15513,629,56552216068096.0,13.752449627958,properties_parent
3641,15520,1141,34958068416512.0,13.543547427989097,properties_parent
3643,15527,15958,3022749171712.0,12.480402110836131,properties_parent
3648,15544,239,113186665660416.0,14.053795266329251,properties_parent
3650,15549,5336,9389218988032.0,12.972629468379552,properties_parent
3655,15564,2123,14105618415616.0,13.149392131157962,properties_parent
3660,15581,13,553877338324992.0,14.743413596521044,properties_parent
3663,15590,1448,25714881462272.0,13.41018452669717,properties_parent
3665,15596,291,91769182093312.0,13.962696861006464,properties_parent
3669,15613,310,87421039411200.0,13.94161596582173,properties_parent
3670,15615,1828,21543497236480.0,13.333316205332428,properties_parent
3671,15616,566,76039434797056.0,13.881038880084096,properties_parent
3674,15629,2528,21741252378624.0,13.337284557480723,properties_parent
3675,15630,12378,2374764331008.0,12.375620517194085,properties_parent
3676,15632,65,227894857039872.0,14.357734524458976,properties_parent
3677,15633,2248,17672085438464.0,13.247287802533124,properties_parent
3678,15635,97,228157068148736.0,14.358233927460835,properties_parent
3680,15642,2255,21215601229824.0,13.326655343766792,properties_parent
3682,15648,11285,1935870787584.0,12.286876366344275,properties_parent
3683,15650,2,1033314370584576.0,15.014232469282954,properties_parent
3684,15653,4779,9397586624512.0,12.973016337618004,properties_parent
3685,15655,641,54070911959040.0,13.732963694440407,properties_parent
3687,15661,11058,3989635072000.0,12.600933173013876,properties_parent
3688,15666,1103,34879821578240.0,13.54257425470709,properties_parent
3691,15679,48,324151516594176.0,14.510748057859148,properties_parent
3693,15688,1987,20840294907904.0,13.31890386030739,properties_parent
3695,15692,85,123098057670656.0,14.090251200375905,properties_parent
3697,15697,68,276792942264320.0,14.442155012176563,properties_parent
3699,15702,302,125426609422336.0,14.098389682422573,properties_parent
3700,15705,456,47788842811392.0,13.67932651437282,properties_parent
3706,15730,4803,5793764605952.0,12.762960846336703,properties_parent
3707,15734,19,467371865145344.0,14.669662565180955,properties_parent
3713,15755,245,116268908675072.0,14.065463596103577,properties_parent
3716,15760,241,116610618621952.0,14.066738099299023,properties_parent
3723,15792,2205,18063145566208.0,13.25679338180757,properties_parent
3725,15796,113,200451358195712.0,14.302009003240094,properties_parent
3728,15809,6042,6815259033600.0,12.833482367100288,properties_parent
3729,15812,220,128017598775296.0,14.107269676879309,properties_parent
3731,15817,3514,13301527347200.0,13.1239015116721,properties_parent
3732,15818,2565,18356220461056.0,13.26378326499806,properties_parent
3734,15823,963,42378647830528.0,13.627147095623746,properties_parent
3735,15826,4401,8764690792448.0,12.942736599322876,properties_parent
3738,15835,850,36240657219584.0,13.559196064949882,properties_parent
3739,15836,2014,24412074016768.0,13.387604678056029,properties_parent
3743,15850,278,120271566536704.0,14.080162967691026,properties_parent
3744,15851,74,205864174616576.0,14.313580775369577,properties_parent
3747,15862,1859,25785274466304.0,13.411371758529892,properties_parent
3751,15880,23038,2235877818368.0,12.349448067435148,properties_parent
3757,15901,352,94567856603136.0,13.975743545788117,properties_parent
3758,15904,51,316146536415232.0,14.499888428205248,properties_parent
3759,15905,80,193627108147200.0,14.286966159246084,properties_parent
3761,15910,1064,36202195451904.0,13.5587349087579,properties_parent
3763,15913,386,83476237778944.0,13.92156286745782,properties_parent
3764,15916,4340,7539485835264.0,12.877341729620234,properties_parent
3767,15923,263,103605214380032.0,14.015381613705411,properties_parent
3773,15949,557,65727797133312.0,13.817749077147573,properties_parent
3774,15951,13403,3122853576704.0,12.494551621655669,properties_parent
3776,15954,193,98666782130176.0,13.994170964567004,properties_parent
3777,15957,88,223381030961152.0,14.349046290987864,properties_parent
3778,15959,194,118452362674176.0,14.073543727668524,properties_parent
3779,15962,6210,6955172626432.0,12.842307913591394,properties_parent
3782,15972,2425,19250806784000.0,13.284448935117096,properties_parent
3783,15976,455,74523831435264.0,13.872295174839584,properties_parent
3784,15979,1605,25738524753920.0,13.410583650975797,properties_parent
3792,16012,14,437283203317760.0,14.640762795784122,properties_parent
3797,16031,1413,28413511335936.0,13.453524907062974,properties_parent
3799,16036,223,131011845292032.0,14.117310563689344,properties_parent
3805,16060,231,121593208504320.0,14.084909318427938,properties_parent
3806,16062,1389,30339399417856.0,13.48200697947996,properties_parent
3807,16065,12793,3801474662400.0,12.579952100171573,properties_parent
3808,16068,2130,16984646352896.0,13.230056508604648,properties_parent
3813,16087,1197,29773134823424.0,13.47382456406692,properties_parent
3816,16098,302,125426609422336.0,14.098389682422573,properties_parent
3817,16099,128,167641163497472.0,14.224380666351609,properties_parent
3818,16101,1746,21280245940224.0,13.32797664288358,properties_parent
3820,16105,11131,4027962097664.0,12.605085375274625,properties_parent
3821,16108,353,86192754262016.0,13.93547075867522,properties_parent
3823,16115,207,96327551680512.0,13.983750522134436,properties_parent
3824,16116,171,183455803506688.0,14.263531454936686,properties_parent
3825,16119,1944,25524835450880.0,13.406962951032986,properties_parent
3829,16138,661,46589586440192.0,13.668288855381904,properties_parent
3830,16139,213,116116789657600.0,14.064895020155996,properties_parent
3834,16154,3734,13069813022720.0,13.116269374590354,properties_parent
3836,16158,5,733527398154240.0,14.865416339917514,properties_parent
3837,16160,4033,10527898075136.0,13.022341671708684,properties_parent
3841,16174,3182,14760387018752.0,13.169097744878949,properties_parent
3843,16181,19,467371865145344.0,14.669662565180955,properties_parent
3844,16183,2419,20165412519936.0,13.304607110712563,properties_parent
3845,16184,411,84143316664320.0,13.92501962653793,properties_parent
3850,16201,2048,17463402037248.0,13.242128852318034,properties_parent
3851,16202,2471,16862411751424.0,13.22691968982778,properties_parent
3853,16210,419,79921825185792.0,13.902665393374416,properties_parent
3856,16223,502,61252621565952.0,13.787124680910242,properties_parent
3860,16237,193,98666782130176.0,13.994170964567004,properties_parent
3861,16239,111,180591530082304.0,14.256697377623238,properties_parent
3862,16242,724,49248552878080.0,13.692393473690524,properties_parent
3864,16247,6435,5749850243072.0,12.759656533480165,properties_parent
3865,16249,21,382146090893312.0,14.582229421392803,properties_parent
3868,16259,93,235066697449472.0,14.371191105780005,properties_parent
3871,16267,3576,11290149912576.0,13.052699708600988,properties_parent
3872,16268,306,108786647826432.0,14.036575594524384,properties_parent
3873,16271,446,80648580628480.0,13.9065967284436,properties_parent
3876,16284,185,136576881393664.0,14.135377191784158,properties_parent
3877,16285,2241,13877694693376.0,13.142317328863976,properties_parent
3881,16296,1583,26470147686400.0,13.422756364392004,properties_parent
3884,16305,806,45201494114304.0,13.655152790450169,properties_parent
3885,16306,34,367825831067648.0,14.565642224891787,properties_parent
3887,16311,11127,3899998339072.0,12.591064422069572,properties_parent
3891,16321,3097,13214222909440.0,13.121041628605433,properties_parent
3894,16332,1004,39399408533504.0,13.595489702217364,properties_parent
3895,16335,756,52550246072320.0,13.720574754000808,properties_parent
3896,16336,27,456104488206336.0,14.659064345851233,properties_parent
3897,16338,42,198878729076736.0,14.298588335972129,properties_parent
3899,16343,1018,30255922282496.0,13.480810395942845,properties_parent
3900,16345,3316,11556373921792.0,13.062821585572964,properties_parent
3903,16355,323,98153567092736.0,13.991906087334309,properties_parent
3904,16357,93,235066697449472.0,14.371191105780005,properties_parent
3905,16359,256,125519060271104.0,14.098709679140052,properties_parent
3906,16360,11006,3900674146304.0,12.591139671826044,properties_parent
3908,16367,0,1535789976518656.0,15.186331828797393,properties_parent
3910,16375,2,1033314370584576.0,15.014232469282954,properties_parent
3911,16376,26458,1973808922624.0,12.295305107874364,properties_parent
3917,16401,2605,9279173033984.0,12.967509273333013,properties_parent
3924,16426,16177,2632202584064.0,12.42031931114076,properties_parent
3926,16434,21126,2447040053248.0,12.388641077959155,properties_parent
3930,16449,546,71849518039040.0,13.856423859266522,properties_parent
3931,16451,9207,5144112005120.0,12.711310416112898,properties_parent
3932,16454,116,198077717676032.0,14.296835623268862,properties_parent
3934,16461,576,54804923547648.0,13.738819576249396,properties_parent
3943,16497,16976,2812222636032.0,12.44904969962401,properties_parent
3946,16505,2015,16880846766080.0,13.22739422763398,properties_parent
3947,16506,12,655181557530624.0,14.816361664125669,properties_parent
3949,16510,5087,8054108585984.0,12.90601748049562,properties_parent
3950,16512,11515,4285186703360.0,12.631969748656552,properties_parent
3951,16513,987,23991269982208.0,13.380053238033137,properties_parent
3954,16524,1994,22125488373760.0,13.34489286561566,properties_parent
3956,16530,360,96995049996288.0,13.986749571233757,properties_parent
3959,16539,222,126042232586240.0,14.10051608722885,properties_parent
3961,16542,3616,10545465917440.0,13.023065772402026,properties_parent
3966,16562,1526,23125160886272.0,13.364084762893322,properties_parent
3971,16578,24511,1704694644736.0,12.231646596828348,properties_parent
3972,16579,799,31951421440000.0,13.504490183615438,properties_parent
3975,16592,261,103206847774720.0,14.01370851368762,properties_parent
3977,16599,9227,5496780619776.0,12.740108404325754,properties_parent
3979,16605,11570,2917385895936.0,12.46499387903294,properties_parent
3984,16629,101,121944716345344.0,14.086162987825046,properties_parent
3990,16650,548,75069074178048.0,13.875461059774146,properties_parent
3992,16659,10308,3965183066112.0,12.598263242792823,properties_parent
3994,16663,107,187167024349184.0,14.272229335830058,properties_parent
3997,16672,3244,12167121207296.0,13.08518783446008,properties_parent
4001,16687,0,1535789976518656.0,15.186331828797393,properties_parent
4003,16692,1020,34816451936256.0,13.541784511094416,properties_parent
4004,16694,561,55063552720896.0,13.740864228802764,properties_parent
4005,16696,762,53261860077568.0,13.726416329345088,properties_parent
4008,16706,309,102281827581952.0,14.00979847944098,properties_parent
4010,16711,354,97267235160064.0,13.987966571146448,properties_parent
4015,16730,335,52758300327936.0,13.722290795780912,properties_parent
4016,16732,1251,31752647081984.0,13.501779936405264,properties_parent
4018,16740,52,275655178584064.0,14.440366155746386,properties_parent
4019,16742,5,733527398154240.0,14.865416339917514,properties_parent
4020,16745,2452,17822501568512.0,13.250968661606157,properties_parent
4022,16749,145,155587975315456.0,14.191976029312148,properties_parent
4027,16767,634,61869364609024.0,13.791475655890508,properties_parent
4028,16768,551,55684209049600.0,13.745732055229078,properties_parent
4030,16775,38749,1475512631296.0,12.168942931679876,properties_parent
4033,16790,49,324038740148224.0,14.510596934980796,properties_parent
4035,16795,8,398251614273536.0,14.600157544846471,properties_parent
4038,16805,493,65074223906816.0,13.813408997296108,properties_parent
4044,16829,219,66468171481088.0,13.822613731631124,properties_parent
4047,16841,86,192014666694656.0,14.283334402772732,properties_parent
4048,16844,34769,1472379486208.0,12.168019758048787,properties_parent
4051,16858,2179,18455172481024.0,13.266118108442916,properties_parent
4053,16862,3137,11735068049408.0,13.069485612332285,properties_parent
4056,16872,6346,5813033238528.0,12.764402806229748,properties_parent
4057,16873,2082,21988779229184.0,13.342201118913048,properties_parent
4058,16875,2564,17490747850752.0,13.24280837897618,properties_parent
4059,16876,7707,4265873244160.0,12.630007946711226,properties_parent
4060,16879,983,35174842630144.0,13.546232163107126,properties_parent
4064,16891,5613,6753719681024.0,12.82954303090542,properties_parent
4065,16893,99,137743803875328.0,14.139072072109837,properties_parent
4067,16898,1804,23994216480768.0,13.380106572829195,properties_parent
4068,16901,289,82948426563584.0,13.918808152370818,properties_parent
4071,16910,1015,42936641257472.0,13.632828068502706,properties_parent
4072,16914,861,43509939699712.0,13.638588481405783,properties_parent
4073,16916,581,40077640073216.0,13.602902140669704,properties_parent
4074,16917,109,188158054498304.0,14.274522813935697,properties_parent
4076,16920,45,305942902079488.0,14.485640381953424,properties_parent
4077,16922,2088,15136482918400.0,13.180024975126075,properties_parent
4078,16926,1544,25792408977408.0,13.41149190657131,properties_parent
4079,16927,5242,8527114928128.0,12.93080211642712,properties_parent
4082,16937,320,107388266872832.0,14.030956833405009,properties_parent
4084,16940,5378,8844639993856.0,12.94668016038156,properties_parent
4086,16944,206,115317153988608.0,14.061893915520756,properties_parent
4087,16945,3792,12543354470400.0,13.098413695439454,properties_parent
4092,16965,1107,28071425998848.0,13.448264474896664,properties_parent
4093,16966,250,78968426332160.0,13.897453483561131,properties_parent
4094,16968,212,80945520574464.0,13.90819282043196,properties_parent
4096,16976,1588,28259446161408.0,13.451163646139529,properties_parent
4098,16984,1060,33746575163392.0,13.52822970418592,properties_parent
4100,16991,2891,14580969373696.0,13.163786397757846,properties_parent
4102,16997,3545,11620017242112.0,13.065206772473292,properties_parent
4107,17012,1064,36202195451904.0,13.5587349087579,properties_parent
4108,17013,41,357260815499264.0,14.552985385232216,properties_parent
4109,17016,29,212362409803776.0,14.327077644897338,properties_parent
4110,17019,4624,10488586960896.0,13.020716983291615,properties_parent
4114,17036,544,61417117974528.0,13.788289433124216,properties_parent
4116,17045,196,138183509540864.0,14.140456218561187,properties_parent
4123,17071,739,56257197113344.0,13.75017809063523,properties_parent
4124,17073,1307,29913891471360.0,13.475872913686793,properties_parent
4127,17083,219,66468171481088.0,13.822613731631124,properties_parent
4131,17102,1336,26570152476672.0,13.424394046679277,properties_parent
4132,17106,1362,30152434122752.0,13.479322377285753,properties_parent
4133,17109,4014,10278041288704.0,13.011910357990164,properties_parent
4134,17110,280,87607643996160.0,13.94254200115118,properties_parent
4137,17123,3685,12051667746816.0,13.08104715007455,properties_parent
4138,17125,25,219906721185792.0,14.342238503254803,properties_parent
4141,17132,56,296168328265728.0,14.47153861395946,properties_parent
4145,17145,13811,3692010405888.0,12.5672629164095,properties_parent
4148,17153,22815,2218654171136.0,12.346089612609596,properties_parent
4151,17163,3052,13114507526144.0,13.117751986676746,properties_parent
4153,17171,35246,1434595491840.0,12.156729461748208,properties_parent
4154,17173,1,1307340129173504.0,15.116388592175756,properties_parent
4155,17175,911,46986132717568.0,13.671969701066,properties_parent
4159,17190,138,156064733462528.0,14.193304774984238,properties_parent
4160,17191,4276,11364246487040.0,13.0555406448679,properties_parent
4161,17193,807,30569505226752.0,13.4852884096443,properties_parent
4162,17195,902,26650678919168.0,13.425708277043366,properties_parent
4166,17205,266,86725086937088.0,13.938144743870438,properties_parent
4178,17248,437,84636801695744.0,13.92755924363093,properties_parent
4180,17252,5,733527398154240.0,14.865416339917514,properties_parent
4183,17262,310,87421039411200.0,13.94161596582173,properties_parent
4185,17268,168,173127850000384.0,14.238366935747166,properties_parent
4193,17298,22335,2369762361344.0,12.374704797347023,properties_parent
4195,17303,225,128242103091200.0,14.108030631565471,properties_parent
4196,17304,14,437283203317760.0,14.640762795784122,properties_parent
4198,17312,29290,1722889928704.0,12.236257532303828,properties_parent
4199,17313,6530,6800854220800.0,12.832563465659195,properties_parent
4208,17351,4161,11766052421632.0,13.070630778980442,properties_parent
4210,17356,25,219906721185792.0,14.342238503254803,properties_parent
4215,17378,312,90020350263296.0,13.954340698417177,properties_parent
4217,17382,438,58306320138240.0,13.765715632844694,properties_parent
4218,17384,2679,10801649811456.0,13.03349009338421,properties_parent
4220,17388,3614,8383875776512.0,12.923444834766672,properties_parent
4224,17402,769,60123984691200.0,13.779047755548502,properties_parent
4225,17403,8046,6457998180352.0,12.810097918311492,properties_parent
4229,17416,3204,11024927293440.0,13.042375734088909,properties_parent
4230,17417,6786,5943818977280.0,12.774065574244185,properties_parent
4232,17422,123,71453248585728.0,13.85402197855433,properties_parent
4233,17423,4132,7882572562432.0,12.896667977303704,properties_parent
4238,17437,1522,26302249697280.0,13.419992896373008,properties_parent
4241,17448,67,278848855867392.0,14.445368866896445,properties_parent
4245,17467,1345,31640327815168.0,13.500240974433131,properties_parent
4247,17471,487,68941133119488.0,13.838478417213745,properties_parent
4253,17493,0,1535789976518656.0,15.186331828797393,properties_parent
4255,17501,32,390393736724480.0,14.59150284145414,properties_parent
4256,17503,965,38872297766912.0,13.589640212820528,properties_parent
4260,17517,56,296168328265728.0,14.47153861395946,properties_parent
4261,17518,1581,19824688234496.0,13.2972063662745,properties_parent
4262,17519,205,93913033474048.0,13.972725868869531,properties_parent
4264,17526,17,416661488271360.0,14.619783360778436,properties_parent
4266,17532,33,369590794190848.0,14.56772114522689,properties_parent
4267,17533,205,93913033474048.0,13.972725868869531,properties_parent
4272,17553,217,144810090430464.0,14.160798824745036,properties_parent
4274,17559,24981,2022215909376.0,12.305827522790418,properties_parent
4276,17567,4240,11013084676096.0,13.04190897838826,properties_parent
4277,17571,2362,19941413617664.0,13.299755941567929,properties_parent
4281,17585,125,135592662794240.0,14.132236189573916,properties_parent
4285,17605,84,158344471904256.0,14.19960290595621,properties_parent
4286,17607,4005,11815580860416.0,13.072455076647406,properties_parent
4287,17609,67,278848855867392.0,14.445368866896445,properties_parent
4289,17614,93,235066697449472.0,14.371191105780005,properties_parent
4295,17635,2822,15779803168768.0,13.198101581683854,properties_parent
4297,17641,1516,26988263768064.0,13.431174946053249,properties_parent
4301,17653,297,98328016584704.0,13.992677278915956,properties_parent
4302,17655,517,62366234443776.0,13.79494952295672,properties_parent
4304,17660,40134,1139076235264.0,12.05655279119633,properties_parent
4307,17670,1370,25851468972032.0,13.412485226281856,properties_parent
4309,17672,48,324151516594176.0,14.510748057859148,properties_parent
4311,17683,5454,8227681468416.0,12.915277469801122,properties_parent
4316,17698,924,34439413366784.0,13.537055745170164,properties_parent
4319,17704,2888,13144055349248.0,13.118729379232724,properties_parent
4320,17705,893,22396308291584.0,13.350176437051749,properties_parent
4323,17713,120,203439883681792.0,14.308436098856747,properties_parent
4325,17719,3171,12953567887360.0,13.112389405511978,properties_parent
4327,17724,8025,6284411142144.0,12.798264589945829,properties_parent
4328,17726,125,135592662794240.0,14.132236189573916,properties_parent
4329,17727,4008,11752629600256.0,13.070135049000108,properties_parent
4330,17729,923,46932605009920.0,13.67147466054182,properties_parent
4333,17738,52,275655178584064.0,14.440366155746386,properties_parent
4334,17739,39,334133456797696.0,14.523919963740935,properties_parent
4335,17741,79,253893451710464.0,14.404651499917891,properties_parent
4337,17747,8482,4888129961984.0,12.689142744088464,properties_parent
4339,17755,2763,16784210001920.0,13.224900904721297,properties_parent
4340,17756,3151,12572395831296.0,13.099418045956854,properties_parent
4344,17769,6569,7269262557184.0,12.861490355344568,properties_parent
4345,17771,6,459285179924480.0,14.662082431960792,properties_parent
4348,17779,11621,3634493915136.0,12.560443946098657,properties_parent
4356,17809,411,84143316664320.0,13.92501962653793,properties_parent
4357,17810,4043,9489295081472.0,12.977233951774226,properties_parent
4360,17820,778,53514088742912.0,13.728468134503428,properties_parent
4361,17822,8040,4765947265024.0,12.678149232589584,properties_parent
4363,17826,8257,5365097299968.0,12.729577602621823,properties_parent
4364,17828,47,183143579516928.0,14.262791698161662,properties_parent
4365,17830,1503,25337404588032.0,13.403762126300208,properties_parent
4367,17837,132,179053478805504.0,14.252982763277869,properties_parent
4369,17840,0,1535789976518656.0,15.186331828797393,properties_parent
4371,17844,561,55063552720896.0,13.740864228802764,properties_parent
4372,17847,1176,36476414853120.0,13.562012146377295,properties_parent
4374,17851,375,94402114486272.0,13.974981722046326,properties_parent
4378,17863,5058,8749874413568.0,12.942001819663933,properties_parent
4379,17866,38,128062117117952.0,14.107420677287024,properties_parent
4383,17877,58,279208861368320.0,14.445929197555325,properties_parent
4392,17900,587,54796576882688.0,13.738753429152371,properties_parent
4393,17901,1015,42936641257472.0,13.632828068502706,properties_parent
4394,17902,175,148736479068160.0,14.172417496531809,properties_parent
4396,17905,85,123098057670656.0,14.090251200375905,properties_parent
4398,17912,82,135533791543296.0,14.132047587839036,properties_parent
4404,17934,43447,1045410086912.0,12.019286686185575,properties_parent
4406,17940,20,431286791438336.0,14.63476615767462,properties_parent
4409,17951,70,258570536878080.0,14.412579037171405,properties_parent
4411,17955,338,84481679556608.0,13.926762539362514,properties_parent
4413,17961,3524,11984403693568.0,13.07861642977262,properties_parent
4416,17972,192,129208068079616.0,14.111289632955176,properties_parent
4417,17975,400,67376317988864.0,13.828507273774644,properties_parent
4429,18024,471,79567700099072.0,13.900736804979298,properties_parent
4437,18058,1897,14417419829248.0,13.15888754511418,properties_parent
4438,18060,1787,21646186381312.0,13.335381393555847,properties_parent
4441,18067,705,49795741777920.0,13.697192206184996,properties_parent
4445,18078,75,134628685905920.0,14.129137606717835,properties_parent
4447,18083,2056,18015793971200.0,13.255653406603614,properties_parent
4454,18109,3314,12852341506048.0,13.108982256890506,properties_parent
4457,18123,292,88006337757184.0,13.944513948898596,properties_parent
4465,18143,147,187930807107584.0,14.273997978930446,properties_parent
4474,18175,8147,5390834073600.0,12.73165596472997,properties_parent
4478,18189,945,22963392872448.0,13.361036056065672,properties_parent
4479,18191,5773,8306387058688.0,12.9194121643775,properties_parent
4481,18196,354,97267235160064.0,13.987966571146448,properties_parent
4483,18203,10010,4910918664192.0,12.691162741302218,properties_parent
4484,18204,4820,4934367444992.0,12.693231486740792,properties_parent
4485,18205,14719,2931848904704.0,12.467141584814875,properties_parent
4487,18211,1207,33547559632896.0,13.525660933550784,properties_parent
4489,18217,3366,13486640857088.0,13.12990379260032,properties_parent
4493,18232,685,49596285845504.0,13.695449154369244,properties_parent
4495,18239,88,223381030961152.0,14.349046290987864,properties_parent
4498,18248,3227,10029214203904.0,13.00126690707054,properties_parent
4502,18261,1022,43654580273152.0,13.640029816953348,properties_parent
4503,18262,1276,30142787223552.0,13.479183407893744,properties_parent
4507,18278,4585,7634519326720.0,12.88278169884829,properties_parent
4510,18287,9,641211639529472.0,14.807001397240343,properties_parent
4513,18294,2179,18455172481024.0,13.266118108442916,properties_parent
4516,18307,4333,10811797929984.0,13.033897920238584,properties_parent
4517,18308,251,119521037778944.0,14.077444355385916,properties_parent
4522,18322,160,171195450261504.0,14.233492218562052,properties_parent
4527,18339,3271,14529095270400.0,13.162238571537786,properties_parent
4531,18355,8231,5326513897472.0,12.726443064481774,properties_parent
4538,18384,82,135533791543296.0,14.132047587839036,properties_parent
4540,18388,18101,2935043129344.0,12.46761448742298,properties_parent
4546,18409,5257,9051521941504.0,12.956721608511872,properties_parent
4551,18425,1715,30002506629120.0,13.477157540376938,properties_parent
4553,18429,30,389327343321088.0,14.590314906252068,properties_parent
4558,18441,104,157096716795904.0,14.19616710870438,properties_parent
4559,18442,887,42830399537152.0,13.631752125668369,properties_parent
4561,18448,915,43412803813376.0,13.637617835628028,properties_parent
4562,18450,249,113038212464640.0,14.053225281157548,properties_parent
4569,18476,13302,3584111149056.0,12.554381469369885,properties_parent
4572,18491,515,71033381978112.0,13.851462492406345,properties_parent
4574,18498,20,431286791438336.0,14.63476615767462,properties_parent
4576,18505,27463,2067241107456.0,12.31539113242364,properties_parent
4579,18513,230,134836362674176.0,14.129807028543086,properties_parent
4580,18514,2496,18093399080960.0,13.257520162406186,properties_parent
4581,18515,7194,5590279520256.0,12.747433523641304,properties_parent
4582,18517,327,99669908652032.0,13.998564060228068,properties_parent
4583,18520,8887,5893969674240.0,12.770407896979783,properties_parent
4585,18526,3256,12087044603904.0,13.082320124754986,properties_parent
4590,18543,19,467371865145344.0,14.669662565180955,properties_parent
4593,18550,3776,13100321341440.0,13.117281948717029,properties_parent
4595,18554,915,43412803813376.0,13.637617835628028,properties_parent
4598,18566,731,39293930176512.0,13.594325469092018,properties_parent
4599,18569,21,382146090893312.0,14.582229421392803,properties_parent
4600,18571,3366,13486640857088.0,13.12990379260032,properties_parent
4602,18576,600,63358732599296.0,13.801806481229209,properties_parent
4603,18578,284,109812230651904.0,14.040650713600575,properties_parent
4604,18580,117,221948206383104.0,14.34625163973729,properties_parent
4605,18581,3567,11649530462208.0,13.066308421346456,properties_parent
4607,18588,4122,8355153707008.0,12.921954443875295,properties_parent
4608,18591,857,45056484442112.0,13.653757302635166,properties_parent
4609,18592,266,86725086937088.0,13.938144743870438,properties_parent
4611,18597,3338,14494706171904.0,13.161209416019812,properties_parent
4614,18605,4783,7529492381696.0,12.8767656982114,properties_parent
4616,18610,7661,5133753647104.0,12.710435024391844,properties_parent
4619,18620,1946,15954661605376.0,13.202887597343292,properties_parent
4625,18645,733,64120023941120.0,13.806993675838912,properties_parent
4627,18649,60,290497797029888.0,14.463142843296431,properties_parent
4634,18674,1412,26058009083904.0,13.415941231142323,properties_parent
4642,18704,30,389327343321088.0,14.590314906252068,properties_parent
4643,18708,1894,22135596646400.0,13.345091232515315,properties_parent
4644,18709,243,117173376778240.0,14.068828945882146,properties_parent
4646,18717,393,83177100017664.0,13.920003774549215,properties_parent
4651,18732,11336,3668085833728.0,12.56443948966927,properties_parent
4654,18741,2301,8396630130688.0,12.924105023051364,properties_parent
4656,18744,9309,5026275131392.0,12.70124625759022,properties_parent
4660,18757,160,171195450261504.0,14.233492218562052,properties_parent
4661,18760,354,97267235160064.0,13.987966571146448,properties_parent
4662,18762,334,104113522081792.0,14.017507138579992,properties_parent
4664,18767,4619,6466127790080.0,12.81064428332196,properties_parent
4671,18788,866,43967274024960.0,13.6431295401565,properties_parent
4672,18789,336,101111641931776.0,14.0048011628674,properties_parent
4675,18797,9670,2296294146048.0,12.361027518666395,properties_parent
4682,18821,74,205864174616576.0,14.313580775369577,properties_parent
4688,18840,11,547336941993984.0,14.738254761430827,properties_parent
4691,18848,135,163210233643008.0,14.21274738649718,properties_parent
4692,18849,14356,3615950635008.0,12.558222492851456,properties_parent
4693,18851,4,841819696922624.0,14.925219083166256,properties_parent
4694,18852,1203,37577016999936.0,13.574922301259804,properties_parent
4704,18890,3729,12606683217920.0,13.100600839972854,properties_parent
4705,18891,4809,5673352953856.0,12.75383980298014,properties_parent
4706,18892,0,1535789976518656.0,15.186331828797393,properties_parent
4707,18893,1078,33770440753152.0,13.528536728844257,properties_parent
4709,18898,12140,2913005469696.0,12.464341300095075,properties_parent
4710,18901,3180,14084409917440.0,13.148738656435889,properties_parent
4711,18903,16221,2296792743936.0,12.361121807460616,properties_parent
4712,18905,367,99850288889856.0,13.999349325722385,properties_parent
4713,18907,6621,7275945656320.0,12.861889446679449,properties_parent
4714,18908,219,66468171481088.0,13.822613731631124,properties_parent
4723,18944,538,75706658717696.0,13.879134079198533,properties_parent
4725,18951,6818,5011785383936.0,12.699992465241516,properties_parent
4730,18970,4038,9795287384064.0,12.991017182289127,properties_parent
4734,18981,2887,14409562849280.0,13.1586508055867,properties_parent
4749,19043,1508,12506540015616.0,13.097137177002482,properties_parent
4754,19060,3280,15252703936512.0,13.183346840444278,properties_parent
4756,19067,9,641211639529472.0,14.807001397240343,properties_parent
4764,19103,1586,27962835468288.0,13.44658120733812,properties_parent
4766,19110,280,87607643996160.0,13.94254200115118,properties_parent
4767,19114,303,106752687210496.0,14.028378816024944,properties_parent
4770,19121,122,201308741042176.0,14.303862632831848,properties_parent
4771,19123,2366,18402575908864.0,13.264878617830536,properties_parent
4773,19128,117,221948206383104.0,14.34625163973729,properties_parent
4774,19132,151,177005769261056.0,14.24798742182739,properties_parent
4776,19137,2254,20865964048384.0,13.31943845476646,properties_parent
4779,19145,2957,11883756126208.0,13.074953730801695,properties_parent
4788,19174,165,82350293647360.0,13.915665152129948,properties_parent
4789,19176,437,84636801695744.0,13.92755924363093,properties_parent
4792,19186,69,269337868894208.0,14.43029741949233,properties_parent
4796,19201,444,57526712270848.0,13.759869554219668,properties_parent
4800,19217,1587,22334144512000.0,13.348969321892556,properties_parent
4807,19238,1185,39813663162368.0,13.600032137845677,properties_parent
4808,19240,2958,16279280812032.0,13.21163521466466,properties_parent
4811,19248,14302,2902477242368.0,12.46276882322448,properties_parent
4825,19297,6528,5228652396544.0,12.718389770672504,properties_parent
4836,19336,1363,23592098070528.0,13.372766564876084,properties_parent
4837,19337,455,74523831435264.0,13.872295174839584,properties_parent
4839,19340,5971,7182501281792.0,12.856275712168356,properties_parent
4841,19346,5985,8105523412992.0,12.908781064592874,properties_parent
4843,19352,3785,11584133922816.0,13.063863569709753,properties_parent
4844,19353,38027,1205611266048.0,12.08120729766724,properties_parent
4845,19355,574,73404623355904.0,13.86572341461256,properties_parent
4853,19384,109,188158054498304.0,14.274522813935697,properties_parent
4859,19406,101,121944716345344.0,14.086162987825046,properties_parent
4864,19422,45550,1062787153920.0,12.026446296382412,properties_parent
4865,19423,2039,23104170491904.0,13.363690380677458,properties_parent
4866,19424,2014,24412074016768.0,13.387604678056029,properties_parent
4870,19435,594,68042126000128.0,13.832777874836172,properties_parent
4873,19442,1117,30655123554304.0,13.486503070874091,properties_parent
4879,19459,147,187930807107584.0,14.273997978930446,properties_parent
4887,19485,5309,7714777858048.0,12.887323425355367,properties_parent
4890,19491,707,54530980970496.0,13.73664331038151,properties_parent
4891,19492,684,61184141164544.0,13.786638868268875,properties_parent
4894,19500,240,70644460945408.0,13.849078115580904,properties_parent
4896,19505,20,431286791438336.0,14.63476615767462,properties_parent
4898,19510,1148,34034721751040.0,13.531922204404935,properties_parent
4899,19511,67,278848855867392.0,14.445368866896445,properties_parent
4902,19519,5383,7349562507264.0,12.866261487882014,properties_parent
4905,19524,2785,18098025398272.0,13.25763119335454,properties_parent
4908,19535,84,158344471904256.0,14.19960290595621,properties_parent
4910,19541,3632,6203301167104.0,12.792622866452138,properties_parent
4921,19584,21,382146090893312.0,14.582229421392803,properties_parent
4929,19613,811,55779629465600.0,13.746475624996728,properties_parent
4931,19618,145,155587975315456.0,14.191976029312148,properties_parent
4932,19619,6914,6254892154880.0,12.79621982610869,properties_parent
4935,19627,9379,4671741100032.0,12.66947876690764,properties_parent
4938,19639,37,197666877210624.0,14.2959339012316,properties_parent
4939,19640,41,357260815499264.0,14.552985385232216,properties_parent
4940,19642,26,278377265102848.0,14.444633763828053,properties_parent
4950,19674,5138,7396056891392.0,12.8690002431473,properties_parent
4951,19675,1963,25916585541632.0,13.413577783537026,properties_parent
4953,19679,98,228585860235264.0,14.359049362490914,properties_parent
4955,19688,116,198077717676032.0,14.296835623268862,properties_parent
4956,19689,607,60780804308992.0,13.783766442776596,properties_parent
4962,19709,2125,16832335446016.0,13.226144377470204,properties_parent
4968,19731,455,74523831435264.0,13.872295174839584,properties_parent
4970,19735,5468,5853011247104.0,12.767379358652112,properties_parent
4972,19739,7718,5897519628288.0,12.77066939499095,properties_parent
4974,19746,9728,4716854509568.0,12.67365248072604,properties_parent
4976,19750,6215,5700701913088.0,12.755928332552005,properties_parent
4981,19764,7296,5354290675712.0,12.728701944630338,properties_parent
4985,19776,124,178725417123840.0,14.252186319330942,properties_parent
4988,19787,583,64927419072512.0,13.812428139591622,properties_parent
4991,19797,88,223381030961152.0,14.349046290987864,properties_parent
4998,19818,4,841819696922624.0,14.925219083166256,properties_parent
5006,19849,1518,25340875374592.0,13.403821613064729,properties_parent
5008,19853,260,66928957718528.0,13.825614061808873,properties_parent
5011,19866,1513,17632128401408.0,13.24630473982028,properties_parent
5015,19877,217,144810090430464.0,14.160798824745036,properties_parent
5017,19883,540,64589253312512.0,13.810160263887784,properties_parent
5018,19884,13746,3391079841792.0,12.53033801521055,properties_parent
5028,19912,282,80834186969088.0,13.907595074536232,properties_parent
5033,19924,221,122974577360896.0,14.089815338650387,properties_parent
5037,19937,354,97267235160064.0,13.987966571146448,properties_parent
5038,19939,165,82350293647360.0,13.915665152129948,properties_parent
5040,19946,2467,18016039337984.0,13.255659321453376,properties_parent
5048,19975,118,192892568076288.0,14.28531549511078,properties_parent
5053,19990,600,63358732599296.0,13.801806481229209,properties_parent
5055,19995,236,111531140317184.0,14.047396142538728,properties_parent
5058,20005,672,54302471094272.0,13.73481959309139,properties_parent
5062,20018,548,75069074178048.0,13.875461059774146,properties_parent
5066,20027,3203,7535037251584.0,12.877085403713345,properties_parent
5074,20056,4332,8619660148736.0,12.935490143036054,properties_parent
5078,20068,189,142160531816448.0,14.1527790394773,properties_parent
5079,20070,56,296168328265728.0,14.47153861395946,properties_parent
5080,20072,5015,7636977713152.0,12.882921523211056,properties_parent
5088,20095,53,184230525009920.0,14.265361589731892,properties_parent
5089,20096,290,60722771918848.0,13.783351588341688,properties_parent
5090,20097,1210,33522148442112.0,13.525331844882269,properties_parent
5094,20110,31754,1371452866560.0,12.137180886570771,properties_parent
5096,20114,239,113186665660416.0,14.053795266329251,properties_parent
5097,20115,7187,6563024601088.0,12.817104032185728,properties_parent
5103,20131,593,74121958391808.0,13.86994688538404,properties_parent
5104,20132,33276,1613386088448.0,12.207738307883805,properties_parent
5119,20178,242,109316430364672.0,14.038685441734156,properties_parent
5123,20190,340,114998093283328.0,14.060690639628444,properties_parent
5124,20192,18,407155215695872.0,14.609760002516866,properties_parent
5129,20206,21,382146090893312.0,14.582229421392803,properties_parent
5135,20229,197,138800206446592.0,14.1423901120738,properties_parent
5138,20238,3584,12462721073152.0,13.095612875231325,properties_parent
5139,20239,764,54687277514752.0,13.737886303521826,properties_parent
5141,20243,116,198077717676032.0,14.296835623268862,properties_parent
5142,20244,13766,3499630526464.0,12.544022196125162,properties_parent
5143,20245,96,214734724923392.0,14.331902280221906,properties_parent
5144,20246,137,173721042026496.0,14.23985242571552,properties_parent
5147,20255,399,61582495186944.0,13.789457281578663,properties_parent
5149,20260,4479,11037687414784.0,13.042878090765964,properties_parent
5150,20262,4989,7950018019328.0,12.90036811301947,properties_parent
5151,20263,1963,25916585541632.0,13.413577783537026,properties_parent
5154,20271,7876,6443828248576.0,12.809143956376332,properties_parent
5157,20286,332,99754541318144.0,13.998932676033132,properties_parent
5158,20288,8397,5878467526656.0,12.769264123446762,properties_parent
5164,20307,10618,4407492083712.0,12.644191540936582,properties_parent
5165,20308,7102,3125138161664.0,12.494869222167106,properties_parent
5169,20320,938,42465805467648.0,13.628039365953748,properties_parent
5175,20338,174,128181143076864.0,14.107824140159272,properties_parent
5201,20430,799,31951421440000.0,13.504490183615438,properties_parent
5204,20442,5490,8213247295488.0,12.914514899346122,properties_parent
5207,20451,716,60128938164224.0,13.77908353457076,properties_parent
5209,20459,54,314248664186880.0,14.497273440256166,properties_parent
5210,20462,1172,33123565830144.0,13.520137083456914,properties_parent
5217,20482,7239,6937303318528.0,12.84119068349811,properties_parent
5219,20485,1146,29901205798912.0,13.475688702078772,properties_parent
5220,20487,1228,32674223751168.0,13.514205278744123,properties_parent
5224,20496,2343,20930908651520.0,13.32078808231744,properties_parent
5225,20497,2,1033314370584576.0,15.014232469282954,properties_parent
5228,20508,128,167641163497472.0,14.224380666351609,properties_parent
5229,20509,90,239398222299136.0,14.37912092113914,properties_parent
5235,20528,6212,5568861831168.0,12.74576644275855,properties_parent
5237,20535,19,467371865145344.0,14.669662565180955,properties_parent
5241,20546,2976,15873864630272.0,13.200682672392915,properties_parent
5244,20558,420,64300743917568.0,13.808215997456506,properties_parent
5254,20595,93,235066697449472.0,14.371191105780005,properties_parent
5255,20596,1873,7673804226560.0,12.885010715319783,properties_parent
5260,20615,146,167491024191488.0,14.223991538247155,properties_parent
5262,20623,625,42342132219904.0,13.62677272397207,properties_parent
5264,20627,3645,11719130742784.0,13.06889539942842,properties_parent
5271,20649,2313,16031446728704.0,13.204972716236986,properties_parent
5279,20672,3091,9768193228800.0,12.989814241986332,properties_parent
5280,20676,10814,5037196050432.0,12.702188854166,properties_parent
5281,20678,1937,24658598428672.0,13.391968388075114,properties_parent
5299,20735,10,635853466501120.0,14.803357043286407,properties_parent
5301,20739,1808,11497894838272.0,13.060618332195933,properties_parent
5311,20773,12,655181557530624.0,14.816361664125669,properties_parent
5336,20857,47,183143579516928.0,14.262791698161662,properties_parent
5337,20860,775,48216322080768.0,13.683194079518282,properties_parent
5339,20864,3418,11865036947456.0,13.074269094938632,properties_parent
5346,20893,1697,25339753398272.0,13.403802384095536,properties_parent
5358,20934,1404,31474826870784.0,13.497963349923031,properties_parent
5362,20944,1629,23080543977472.0,13.363246040342894,properties_parent
5363,20947,1291,31427647242240.0,13.497311869787596,properties_parent
5365,20952,0,1535789976518656.0,15.186331828797393,properties_parent
5367,20957,1070,35917595148288.0,13.555307250913092,properties_parent
5370,20963,1974,20866920349696.0,13.319458358321604,properties_parent
5373,20973,225,128242103091200.0,14.108030631565471,properties_parent
5375,20978,627,62511038595072.0,13.79595671458608,properties_parent
5382,21000,84,158344471904256.0,14.19960290595621,properties_parent
5387,21015,4742,9392790437888.0,12.972794632920616,properties_parent
5392,21027,9529,4209190109184.0,12.624198541216078,properties_parent
5394,21031,144,177805841137664.0,14.24994602396933,properties_parent
5400,21050,1869,24295120044032.0,13.385519049286325,properties_parent
5403,21061,12807,3358408835072.0,12.526133563752014,properties_parent
5404,21063,2,1033314370584576.0,15.014232469282954,properties_parent
5409,21077,4423,8813558104064.0,12.945151271976307,properties_parent
5411,21081,2506,15525481545728.0,13.19104507934196,properties_parent
5412,21082,1537,25780482473984.0,13.411291040784189,properties_parent
5419,21106,3919,6356612939776.0,12.803225767630368,properties_parent
5424,21117,268,101358334115840.0,14.00585946404741,properties_parent
5425,21118,363,90174650318848.0,13.955084466877407,properties_parent
5430,21130,434,98583760076800.0,13.993805378532276,properties_parent
5434,21138,1,1307340129173504.0,15.116388592175756,properties_parent
5443,21164,22536,1700704157696.0,12.230628773427703,properties_parent
5446,21174,1617,21241257787392.0,13.32718022963874,properties_parent
5453,21194,1887,24873199992832.0,13.39573166182115,properties_parent
5455,21199,23190,2254691631104.0,12.353087152835856,properties_parent
5461,21217,411,84143316664320.0,13.92501962653793,properties_parent
5466,21238,209,136998895484928.0,14.13671706579338,properties_parent
5477,21269,1311,29406384881664.0,13.46844163714061,properties_parent
5479,21272,3629,11722414882816.0,13.069017087983074,properties_parent
5483,21286,51409,1106477711360.0,12.0439426700203,properties_parent
5488,21301,23169,2117681938432.0,12.325860732562472,properties_parent
5498,21327,3425,6954329571328.0,12.842255268403257,properties_parent
5504,21348,823,45521884413952.0,13.658220231718335,properties_parent
5506,21351,2249,13074347065344.0,13.116420009355856,properties_parent
5516,21375,331,72077663010816.0,13.857800696978211,properties_parent
5518,21380,14,437283203317760.0,14.640762795784122,properties_parent
5524,21401,53795,979708739584.0,11.99109698223096,properties_parent
5527,21409,113,200451358195712.0,14.302009003240094,properties_parent
5528,21411,929,41255304167424.0,13.615479793432677,properties_parent
5532,21425,2866,10838831267840.0,13.034982455514884,properties_parent
5539,21444,24,367364893835264.0,14.565097651855222,properties_parent
5541,21449,6000,8199570194432.0,12.913791088105835,properties_parent
5546,21462,1874,22557489102848.0,13.353290756239227,properties_parent
5549,21473,1856,24837718278144.0,13.395111696789312,properties_parent
5552,21481,1065,20960482689024.0,13.321401279588686,properties_parent
5559,21506,15,497315974479872.0,14.696632409598273,properties_parent
5561,21511,1726,28609909620736.0,13.456516485862668,properties_parent
5563,21515,720,65577833988096.0,13.816757067982133,properties_parent
5573,21544,17002,2759634976768.0,12.44085164073936,properties_parent
5576,21552,1218,30934896214016.0,13.4904486633088,properties_parent
5578,21555,1186,35239422328832.0,13.54702878051592,properties_parent
5580,21561,54,314248664186880.0,14.497273440256166,properties_parent
5582,21567,293,100814081228800.0,14.003521196522817,properties_parent
5584,21575,6937,6454540500992.0,12.809865330260578,properties_parent
5587,21581,3061,11308811419648.0,13.053416962041831,properties_parent
5588,21583,84,158344471904256.0,14.19960290595621,properties_parent
5594,21600,131,185050360446976.0,14.267289935364555,properties_parent
5600,21617,4177,9198640300032.0,12.9637236367114,properties_parent
5601,21620,2813,12571470987264.0,13.099386097437336,properties_parent
5604,21630,1592,27641860063232.0,13.441567264028407,properties_parent
5606,21635,4593,10383506014208.0,13.01634401878539,properties_parent
5607,21636,96,214734724923392.0,14.331902280221906,properties_parent
5611,21646,239,113186665660416.0,14.053795266329251,properties_parent
5616,21663,613,44262511083520.0,13.646036048515356,properties_parent
5618,21668,1604,27367651147776.0,13.437237525311708,properties_parent
5621,21677,378,51961936216064.0,13.71568532547038,properties_parent
5625,21689,151,177005769261056.0,14.24798742182739,properties_parent
5635,21718,218,121661835706368.0,14.085154365070611,properties_parent
5637,21722,265,116946104221696.0,14.067985758909591,properties_parent
5654,21785,51843,961256488960.0,11.982839284523411,properties_parent
5662,21808,80,193627108147200.0,14.286966159246084,properties_parent
5664,21811,837,36506404126720.0,13.562369057139469,properties_parent
5667,21818,45,305942902079488.0,14.485640381953424,properties_parent
5669,21827,117,221948206383104.0,14.34625163973729,properties_parent
5673,21840,523,70654569218048.0,13.849140252837351,properties_parent
5676,21846,1026,41776719069184.0,13.62093432970606,properties_parent
5677,21849,707,54530980970496.0,13.73664331038151,properties_parent
5680,21857,143,90142035410944.0,13.95492736023331,properties_parent
5684,21870,305,106751428919296.0,14.0283736969768,properties_parent
5687,21880,25923,2239827017728.0,12.350214478982783,properties_parent
5690,21889,418,64368444178432.0,13.808673012113472,properties_parent
5693,21899,2022,16418282143744.0,13.215327714627424,properties_parent
5699,21917,6978,7010299412480.0,12.845736567240689,properties_parent
5701,21920,38,128062117117952.0,14.107420677287024,properties_parent
5702,21924,10997,3910510837760.0,12.592233493848315,properties_parent
5703,21925,1989,20938043162624.0,13.320936090743698,properties_parent
5714,21960,1412,26058009083904.0,13.415941231142323,properties_parent
5718,21971,143,90142035410944.0,13.95492736023331,properties_parent
5721,21977,98,228585860235264.0,14.359049362490914,properties_parent
5725,21991,3049,16764996943872.0,13.224403478596354,properties_parent
5731,22009,20,431286791438336.0,14.63476615767462,properties_parent
5739,22035,98,228585860235264.0,14.359049362490914,properties_parent
5748,22060,271,98774273753088.0,13.99464384517519,properties_parent
5753,22069,4647,8017187700736.0,12.904022051545454,properties_parent
5758,22082,305,106751428919296.0,14.0283736969768,properties_parent
5761,22087,2885,15217003069440.0,13.182329128218775,properties_parent
5769,22108,5026,7382407053312.0,12.868197987775575,properties_parent
5773,22118,34543,1586006327296.0,12.200304915582,properties_parent
5775,22122,17973,2705891786752.0,12.432310424428568,properties_parent
5776,22123,1296,29842133221376.0,13.474829864818012,properties_parent
5777,22124,811,55779629465600.0,13.746475624996728,properties_parent
5804,22214,80,193627108147200.0,14.286966159246084,properties_parent
5816,22258,485,69490628886528.0,13.8419262420394,properties_parent
5817,22259,1149,31815402258432.0,13.50263741861461,properties_parent
5820,22266,5502,7066528251904.0,12.849206099602055,properties_parent
5827,22285,525,57845856862208.0,13.762272258597758,properties_parent
5829,22288,158,176244922515456.0,14.2461166141441,properties_parent
5831,22293,14971,3610728726528.0,12.557594861177456,properties_parent
5833,22297,570,52305344856064.0,13.718546069802118,properties_parent
5837,22306,1119,26606265434112.0,13.424983919452533,properties_parent
5844,22321,24,367364893835264.0,14.565097651855222,properties_parent
5851,22347,835,38440708079616.0,13.584791378794575,properties_parent
5870,22404,726,55012763893760.0,13.740463464867142,properties_parent
5873,22414,1809,23206601687040.0,13.36561154818439,properties_parent
5876,22423,867,48917316108288.0,13.689462621067932,properties_parent
5877,22424,193,98666782130176.0,13.994170964567004,properties_parent
5878,22425,133,198890708008960.0,14.29861449375943,properties_parent
5889,22469,152,163909508005888.0,14.214604146704874,properties_parent
5891,22473,8961,3539427393536.0,12.548933007804836,properties_parent
5892,22474,14686,2803294273536.0,12.44766868986328,properties_parent
5896,22481,5802,7408929210368.0,12.869755445275942,properties_parent
5903,22500,1264,29245994696704.0,13.466066396906156,properties_parent
5904,22501,470,47733666742272.0,13.678824796712158,properties_parent
5910,22518,9437,3950656094208.0,12.596669225862582,properties_parent
5920,22553,343,105406022025216.0,14.02286542356733,properties_parent
5923,22560,1782,26502519324672.0,13.423287159853702,properties_parent
5925,22563,579,68386394472448.0,13.834969707081504,properties_parent
5928,22570,3219,12990215618560.0,13.113616359785397,properties_parent
5943,22619,14051,3017085550592.0,12.479587624932453,properties_parent
5954,22653,3120,14093296599040.0,13.149012591925068,properties_parent
5962,22678,35,381228075188224.0,14.581184876358591,properties_parent
5982,22752,13688,3166744084480.0,12.500612967953863,properties_parent
5991,22780,185,136576881393664.0,14.135377191784158,properties_parent
6000,22814,56,296168328265728.0,14.47153861395946,properties_parent
6007,22835,9,641211639529472.0,14.807001397240343,properties_parent
6027,22899,15,497315974479872.0,14.696632409598273,properties_parent
6032,22910,754,54715698118656.0,13.7381119447652,properties_parent
6039,22940,2255,21215601229824.0,13.326655343766792,properties_parent
6048,22970,759,47164260614144.0,13.673613030469552,properties_parent
6054,22988,2769,16875923701760.0,13.2272675532126,properties_parent
6059,23000,271,98774273753088.0,13.99464384517519,properties_parent
6061,23006,3272,11987388989440.0,13.078724598364593,properties_parent
6073,23060,317,108471882088448.0,14.035317175636992,properties_parent
6077,23070,6914,6254892154880.0,12.79621982610869,properties_parent
6081,23083,288,106871897718784.0,14.028863521203665,properties_parent
6082,23085,2292,18884778262528.0,13.276111889882324,properties_parent
6092,23113,25,219906721185792.0,14.342238503254803,properties_parent
6108,23158,1366,30455067836416.0,13.483659571197425,properties_parent
6117,23188,629,56552216068096.0,13.752449627958,properties_parent
6120,23193,11,547336941993984.0,14.738254761430827,properties_parent
6121,23195,11255,4219977072640.0,12.625310091423051,properties_parent
6127,23218,1788,23117688733696.0,13.363944411912074,properties_parent
6142,23265,156,170201618317312.0,14.23096368514303,properties_parent
6156,23316,3931,9935448440832.0,12.997187473960537,properties_parent
6162,23337,1386,24027248721920.0,13.380704044074992,properties_parent
6166,23345,2030,23906933014528.0,13.37852386468535,properties_parent
6170,23350,273,80389464915968.0,13.90519913794437,properties_parent
6171,23351,64,279798244966400.0,14.446844986053598,properties_parent
6175,23364,318,58181103386624.0,13.764781953249615,properties_parent
6176,23366,23006,2354262835200.0,12.37185494682726,properties_parent
6184,23383,12627,2796285329408.0,12.446581484192755,properties_parent
6201,23435,31,390177377746944.0,14.591262085651834,properties_parent
6210,23460,69,269337868894208.0,14.43029741949233,properties_parent
6211,23462,2500,16207883272192.0,13.209726300275248,properties_parent
6213,23466,1258,28357582389248.0,13.452669202541903,properties_parent
6223,23498,344,93962635313152.0,13.972955188670811,properties_parent
6226,23507,38690,1190194446336.0,12.075617919436374,properties_parent
6250,23578,107,187167024349184.0,14.272229335830058,properties_parent
6253,23587,29,212362409803776.0,14.327077644897338,properties_parent
6255,23590,860,36740299489280.0,13.5651426921443,properties_parent
6267,23631,664,60311356833792.0,13.780399098970046,properties_parent
6274,23648,3329,13179396554752.0,13.11989552566459,properties_parent
6293,23708,58,279208861368320.0,14.445929197555325,properties_parent
6298,23723,60,290497797029888.0,14.463142843296431,properties_parent
6303,23735,93,235066697449472.0,14.371191105780005,properties_parent
6308,23750,575,73962927161344.0,13.86901409049232,properties_parent
6317,23775,1199,32238108409856.0,13.508369551394148,properties_parent
6326,23803,6568,4589534838784.0,12.661768670899695,properties_parent
6356,23890,191,156477503307776.0,14.194451908070404,properties_parent
6399,24029,226,114129838800896.0,14.057399203860903,properties_parent
6446,24186,6122,6380006146048.0,12.80482109709004,properties_parent
6449,24196,1215,30693943934976.0,13.487052695507408,properties_parent
6450,24197,83,128114512363520.0,14.10759832788998,properties_parent
6451,24198,1019,40530692014080.0,13.607784018874453,properties_parent
6468,24246,719,52121881804800.0,13.71702008706141,properties_parent
6469,24247,51,316146536415232.0,14.499888428205248,properties_parent
6479,24272,242,109316430364672.0,14.038685441734156,properties_parent
6483,24284,1426,29193161146368.0,13.465281124590335,properties_parent
6484,24285,8958,5161873309696.0,12.712807341243275,properties_parent
6512,24372,1541,27561291677696.0,13.440299567203311,properties_parent
6514,24377,87,78567408926720.0,13.895242430790525,properties_parent
6520,24392,6,459285179924480.0,14.662082431960792,properties_parent
6553,24489,6837,6577439899648.0,12.818056888476406,properties_parent
6555,24491,1176,36476414853120.0,13.562012146377295,properties_parent
6556,24492,4299,11875484958720.0,13.074651353926004,properties_parent
6567,24536,41,357260815499264.0,14.552985385232216,properties_parent
6576,24571,344,93962635313152.0,13.972955188670811,properties_parent
6597,24632,4768,9208350113792.0,12.96418182339294,properties_parent
6609,24671,57840,767809093632.0,11.88525325142662,properties_parent
6621,24708,298,100322039037952.0,14.00139635057926,properties_parent
6623,24713,8951,4726648209408.0,12.674553280238548,properties_parent
6638,24766,191,156477503307776.0,14.194451908070404,properties_parent
6639,24767,16,379204239622144.0,14.578873184241475,properties_parent
6640,24768,781,52605162094592.0,13.721028363149872,properties_parent
6643,24773,170,86061992640512.0,13.934811397321257,properties_parent
6644,24774,26,278377265102848.0,14.444633763828053,properties_parent
6649,24789,16890,2735872147456.0,12.437095798109574,properties_parent
6656,24807,2619,14509629505536.0,13.16165632313687,properties_parent
6662,24824,7573,6139519959040.0,12.788134415556453,properties_parent
6678,24866,624,47573284945920.0,13.677363140585983,properties_parent
6679,24867,802,48450024505344.0,13.685294001046907,properties_parent
6693,24899,164,162742719741952.0,14.211501569611247,properties_parent
6716,24958,882,45428653424640.0,13.657329863847082,properties_parent
6718,24962,359,39266109358080.0,13.594017871781636,properties_parent
6726,24982,530,71088553852928.0,13.851799679510531,properties_parent
6734,24999,48,324151516594176.0,14.510748057859148,properties_parent
6738,25012,60,290497797029888.0,14.463142843296431,properties_parent
6746,25035,2189,19022431125504.0,13.27926602032587,properties_parent
6783,25154,3492,13315706191872.0,13.124364203978136,properties_parent
6788,25164,3143,10488250368000.0,13.020703045972551,properties_parent
6801,25202,6279,8126128979968.0,12.909883711276612,properties_parent
6805,25209,8530,5164893208576.0,12.713061346299854,properties_parent
6806,25210,9891,4183130112000.0,12.62150137307808,properties_parent
6808,25218,1203,37577016999936.0,13.574922301259804,properties_parent
6830,25274,2419,20165412519936.0,13.304607110712563,properties_parent
6861,25361,7,581220677189632.0,14.764341056124303,properties_parent
6873,25391,90,239398222299136.0,14.37912092113914,properties_parent
6875,25394,3627,8875224858624.0,12.948179364952203,properties_parent
6881,25406,6601,6961686380544.0,12.842714454704224,properties_parent
6899,25455,1477,27883904958464.0,13.445353593785995,properties_parent
6904,25471,42,198878729076736.0,14.298588335972129,properties_parent
6909,25482,4068,11765202026496.0,13.070599389075923,properties_parent
6911,25486,7009,3957548122112.0,12.59742620440379,properties_parent
6968,25658,347,51592959098880.0,13.712590437418966,properties_parent
6998,25751,79986,505636618240.0,11.70383851805064,properties_parent
7010,25781,64617,827921399808.0,11.917989108222107,properties_parent
7013,25787,75,134628685905920.0,14.129137606717835,properties_parent
7035,25859,2524,11751160545280.0,13.070080759673443,properties_parent
7036,25860,4901,7729275469824.0,12.888138785741768,properties_parent
7039,25872,32,390393736724480.0,14.59150284145414,properties_parent
7041,25876,1044,41018615398400.0,13.612980996476438,properties_parent
7051,25902,4102,10739735592960.0,13.03099358937732,properties_parent
7055,25916,5483,7661985726464.0,12.88434133859933,properties_parent
7065,25948,16777,2951107575808.0,12.469985040990393,properties_parent
7068,25956,1779,13273441239040.0,13.122983531559058,properties_parent
7074,25973,1359,28568423759872.0,13.455886279190086,properties_parent
7079,25985,5046,3437693239296.0,12.536267120045933,properties_parent
7109,26071,27,456104488206336.0,14.659064345851233,properties_parent
7110,26072,1050,38198688350208.0,13.582048450554463,properties_parent
7146,26174,16349,2875118321664.0,12.458655722204217,properties_parent
7149,26183,22,360359567294464.0,14.556736056763258,properties_parent
7170,26247,203,165268915486720.0,14.21819117721292,properties_parent
7194,26317,3360,13231308406784.0,13.121602792467918,properties_parent
7202,26331,1119,26606265434112.0,13.424983919452533,properties_parent
7204,26334,12,655181557530624.0,14.816361664125669,properties_parent
7206,26337,14434,3462251937792.0,12.539358667009,properties_parent
7223,26383,1291,31427647242240.0,13.497311869787596,properties_parent
7249,26453,214,138947200024576.0,14.142849799575943,properties_parent
7257,26472,6,459285179924480.0,14.662082431960792,properties_parent
7270,26505,2972,12689573150720.0,13.103447013630976,properties_parent
7308,26625,1687,24665395298304.0,13.39208808004533,properties_parent
7321,26658,144,177805841137664.0,14.24994602396933,properties_parent
7359,26770,1727,21296257695744.0,13.328303293350478,properties_parent
7361,26774,8281,3242482204672.0,12.510877601276098,properties_parent
7430,26980,1219,32888129060864.0,13.517039168050786,properties_parent
7443,27022,1959,20446971953152.0,13.31062900127207,properties_parent
7453,27050,59,213580418908160.0,14.329561433984113,properties_parent
7456,27058,1813,25084137832448.0,13.399399178473397,properties_parent
7472,27109,78927,592412737536.0,11.772624387766331,properties_parent
7503,27202,2758,14792740831232.0,13.170048648479638,properties_parent
7543,27321,10654,3954792988672.0,12.59712375553777,properties_parent
7631,27563,9,641211639529472.0,14.807001397240343,properties_parent
7658,27631,82,135533791543296.0,14.132047587839036,properties_parent
7659,27632,1884,22378010640384.0,13.349821476012478,properties_parent
7761,27908,6088,5198242119680.0,12.715856503866826,properties_parent
7780,27964,1043,18720128761856.0,13.272308831601404,properties_parent
7796,28016,771,34327614193664.0,13.53564362053812,properties_parent
7946,28436,368,88182574022656.0,13.945382771599856,properties_parent
8090,28817,9559,4760791416832.0,12.677679154273656,properties_parent
8092,28819,432,71766454042624.0,13.855921488411973,properties_parent
8116,28880,1606,21371448983552.0,13.329833968314174,properties_parent
8183,29043,623,29950327390208.0,13.47640157407036,properties_parent
8211,29099,30700,1694970675200.0,12.22916218884648,properties_parent
8247,29209,1214,30524129148928.0,13.484643282405283,properties_parent
8372,29550,921,29774246313984.0,13.4738407768443,properties_parent
8475,29823,6,459285179924480.0,14.662082431960792,properties_parent
9834,33346,690,51297604599808.0,13.710097085708812,properties_parent
36,494,1,1307340129173504.0,15.116388592175756,high_mstar
40,537,128,167641163497472.0,14.224380666351609,high_mstar
77,846,332,99754541318144.0,13.998932676033132,high_mstar
80,867,473,81075552387072.0,13.90888991630696,high_mstar
101,1003,35,381228075188224.0,14.581184876358591,high_mstar
108,1065,191,156477503307776.0,14.194451908070404,high_mstar
111,1086,21,382146090893312.0,14.582229421392803,high_mstar
118,1134,312,90020350263296.0,13.954340698417177,high_mstar
124,1169,675,57136910434304.0,13.756916753064406,high_mstar
129,1205,130,164261326225408.0,14.215535324944792,high_mstar
130,1218,981,40483397042176.0,13.607276947872544,high_mstar
135,1251,56,296168328265728.0,14.47153861395946,high_mstar
139,1280,19,467371865145344.0,14.669662565180955,high_mstar
141,1301,106,201667337256960.0,14.304635564064275,high_mstar
146,1336,455,74523831435264.0,13.872295174839584,high_mstar
147,1344,35,381228075188224.0,14.581184876358591,high_mstar
152,1377,147,187930807107584.0,14.273997978930446,high_mstar
155,1396,192,129208068079616.0,14.111289632955176,high_mstar
160,1425,77,230889556541440.0,14.363404289612728,high_mstar
169,1477,332,99754541318144.0,13.998932676033132,high_mstar
179,1534,132,179053478805504.0,14.252982763277869,high_mstar
192,1617,70,258570536878080.0,14.412579037171405,high_mstar
201,1692,1921,12468602535936.0,13.09581778106946,high_mstar
208,1733,412,81883476000768.0,13.913196270432948,high_mstar
215,1780,313,106644214120448.0,14.027937298194024,high_mstar
217,1798,60,290497797029888.0,14.463142843296431,high_mstar
229,1860,214,138947200024576.0,14.142849799575943,high_mstar
235,1896,7810,6039436525568.0,12.780996421195312,high_mstar
241,1920,2,1033314370584576.0,15.014232469282954,high_mstar
245,1951,4651,10005938962432.0,13.000257849300956,high_mstar
246,1965,8,398251614273536.0,14.600157544846471,high_mstar
249,1978,264,60795924774912.0,13.783874468958846,high_mstar
250,1988,39,334133456797696.0,14.523919963740935,high_mstar
258,2033,4,841819696922624.0,14.925219083166256,high_mstar
267,2079,360,96995049996288.0,13.986749571233757,high_mstar
269,2097,14,437283203317760.0,14.640762795784122,high_mstar
284,2165,414,81897241706496.0,13.91326927499826,high_mstar
287,2186,943,38863686860800.0,13.589543998202757,high_mstar
289,2201,323,98153567092736.0,13.991906087334309,high_mstar
290,2208,139,146933045788672.0,14.16711948122038,high_mstar
294,2230,230,134836362674176.0,14.129807028543086,high_mstar
302,2293,323,98153567092736.0,13.991906087334309,high_mstar
305,2310,1145,31172694376448.0,13.493774341649688,high_mstar
309,2332,47,183143579516928.0,14.262791698161662,high_mstar
312,2353,201,151025663082496.0,14.179050751188042,high_mstar
313,2359,48,324151516594176.0,14.510748057859148,high_mstar
314,2366,467,73059776069632.0,13.863678336752544,high_mstar
315,2376,1251,31752647081984.0,13.501779936405264,high_mstar
317,2388,1451,25961900802048.0,13.414336486187658,high_mstar
319,2395,330,62948298981376.0,13.798983998892124,high_mstar
321,2412,25,219906721185792.0,14.342238503254803,high_mstar
323,2426,191,156477503307776.0,14.194451908070404,high_mstar
324,2436,357,94136631820288.0,13.973758655325671,high_mstar
325,2445,1121,34540905037824.0,13.538333712727198,high_mstar
329,2469,605,61406233755648.0,13.788212461503669,high_mstar
332,2478,2,1033314370584576.0,15.014232469282954,high_mstar
336,2500,53,184230525009920.0,14.265361589731892,high_mstar
337,2509,2323,20626481872896.0,13.314425159457262,high_mstar
347,2570,101,121944716345344.0,14.086162987825046,high_mstar
348,2575,600,63358732599296.0,13.801806481229209,high_mstar
352,2604,2071,20833110065152.0,13.318754108320794,high_mstar
354,2612,79,253893451710464.0,14.404651499917891,high_mstar
358,2641,51,316146536415232.0,14.499888428205248,high_mstar
366,2688,0,1535789976518656.0,15.186331828797393,high_mstar
370,2713,541,71958049849344.0,13.857079384924416,high_mstar
375,2752,2889,14872389615616.0,13.172380754231275,high_mstar
376,2757,17,416661488271360.0,14.619783360778436,high_mstar
389,2828,5605,8357128175616.0,12.922057063114387,high_mstar
391,2834,243,117173376778240.0,14.068828945882146,high_mstar
392,2841,9603,5296648355840.0,12.7240011411086,high_mstar
405,2922,304,64784951148544.0,13.811474135621111,high_mstar
406,2931,474,66994992840704.0,13.8260423450454,high_mstar
409,2948,57,301115828600832.0,14.478733585447388,high_mstar
413,2969,534,63930919550976.0,13.80571095115751,high_mstar
414,2974,397,89933930823680.0,13.953923575930144,high_mstar
417,2991,1211,21409839448064.0,13.330613410541458,high_mstar
424,3024,54,314248664186880.0,14.497273440256166,high_mstar
426,3035,340,114998093283328.0,14.060690639628444,high_mstar
428,3045,16,379204239622144.0,14.578873184241475,high_mstar
431,3064,1085,41799745798144.0,13.62117364065544,high_mstar
432,3069,350,93156901126144.0,13.96921503325251,high_mstar
434,3082,4378,10484561477632.0,13.020550270583207,high_mstar
444,3147,80,193627108147200.0,14.286966159246084,high_mstar
446,3153,2,1033314370584576.0,15.014232469282954,high_mstar
447,3156,58,279208861368320.0,14.445929197555325,high_mstar
448,3162,39,334133456797696.0,14.523919963740935,high_mstar
449,3168,732,56478928994304.0,13.751886452628131,high_mstar
452,3190,6241,8060378021888.0,12.906355410163677,high_mstar
459,3228,769,60123984691200.0,13.779047755548502,high_mstar
460,3231,20,431286791438336.0,14.63476615767462,high_mstar
465,3264,58,279208861368320.0,14.445929197555325,high_mstar
468,3278,46,176415714574336.0,14.246537268148105,high_mstar
473,3304,20,431286791438336.0,14.63476615767462,high_mstar
476,3321,473,81075552387072.0,13.90888991630696,high_mstar
482,3350,421,50628604723200.0,13.704395958803694,high_mstar
483,3355,577,63530560651264.0,13.802982687960412,high_mstar
485,3364,2275,10886938886144.0,13.036905785014008,high_mstar
489,3390,3486,12300929990656.0,13.08993794676802,high_mstar
492,3406,232,138538993582080.0,14.141572028375624,high_mstar
497,3432,27,456104488206336.0,14.659064345851233,high_mstar
502,3475,661,46589586440192.0,13.668288855381904,high_mstar
504,3489,58,279208861368320.0,14.445929197555325,high_mstar
506,3504,2382,17989472616448.0,13.255018431654404,high_mstar
507,3507,221,122974577360896.0,14.089815338650387,high_mstar
508,3512,865,47775798525952.0,13.679207954597096,high_mstar
509,3516,35,381228075188224.0,14.581184876358591,high_mstar
510,3524,2079,20420856119296.0,13.310073945394976,high_mstar
511,3526,119,170198598418432.0,14.230955979358162,high_mstar
513,3533,2927,15771018199040.0,13.19785973289452,high_mstar
518,3560,1042,39596536627200.0,13.597657201342832,high_mstar
520,3572,11,547336941993984.0,14.738254761430827,high_mstar
524,3590,806,45201494114304.0,13.655152790450169,high_mstar
529,3621,132,179053478805504.0,14.252982763277869,high_mstar
537,3655,24,367364893835264.0,14.565097651855222,high_mstar
538,3660,1986,21508319608832.0,13.332606481372164,high_mstar
541,3669,2072,20792584699904.0,13.317908479284966,high_mstar
544,3685,4,841819696922624.0,14.925219083166256,high_mstar
545,3693,108,199525524307968.0,14.299998460709714,high_mstar
549,3716,520,58895720513536.0,13.77008373918645,high_mstar
551,3728,2036,21378533163008.0,13.329977903816378,high_mstar
552,3734,91,164138567335936.0,14.21521063841577,high_mstar
555,3750,71,276122960920576.0,14.441102521766004,high_mstar
557,3757,100,179395750789120.0,14.253812152026397,high_mstar
560,3771,10,635853466501120.0,14.803357043286407,high_mstar
561,3775,252,118042587561984.0,14.0720387209192,high_mstar
564,3786,174,128181143076864.0,14.107824140159272,high_mstar
568,3809,857,45056484442112.0,13.653757302635166,high_mstar
578,3842,280,87607643996160.0,13.94254200115118,high_mstar
581,3866,2051,17799982350336.0,13.250419571682182,high_mstar
582,3870,3,899670222045184.0,14.95408334611498,high_mstar
583,3875,264,60795924774912.0,13.783874468958846,high_mstar
587,3890,46,176415714574336.0,14.246537268148105,high_mstar
591,3910,1568,29379719593984.0,13.4680476464792,high_mstar
592,3913,2458,17073396776960.0,13.23231993322566,high_mstar
596,3928,0,1535789976518656.0,15.186331828797393,high_mstar
600,3944,5,733527398154240.0,14.865416339917514,high_mstar
601,3950,315,87792570859520.0,13.943457766803316,high_mstar
603,3960,1310,31058701582336.0,13.492183295970344,high_mstar
613,4014,1417,29106238390272.0,13.46398608204797,high_mstar
621,4054,1132,35268874731520.0,13.547391603537989,high_mstar
622,4058,797,34029176881152.0,13.531851444238418,high_mstar
623,4066,1,1307340129173504.0,15.116388592175756,high_mstar
624,4073,16,379204239622144.0,14.578873184241475,high_mstar
633,4126,824,22897445830656.0,13.359787040264878,high_mstar
635,4136,360,96995049996288.0,13.986749571233757,high_mstar
636,4140,10842,4746088808448.0,12.676335860442226,high_mstar
637,4145,4522,7754560307200.0,12.889557177833648,high_mstar
639,4160,221,122974577360896.0,14.089815338650387,high_mstar
640,4162,225,128242103091200.0,14.108030631565471,high_mstar
641,4166,1504,27701498871808.0,13.442503268492034,high_mstar
644,4185,2030,23906933014528.0,13.37852386468535,high_mstar
645,4188,680,52192434192384.0,13.717607552300327,high_mstar
649,4209,917,44073725460480.0,13.64417976207212,high_mstar
651,4218,0,1535789976518656.0,15.186331828797393,high_mstar
652,4223,11477,4250421952512.0,12.628432045944736,high_mstar
653,4227,35,381228075188224.0,14.581184876358591,high_mstar
654,4230,3547,13336510988288.0,13.125042227127562,high_mstar
655,4234,408,82125034356736.0,13.914475564253532,high_mstar
656,4240,46,176415714574336.0,14.246537268148105,high_mstar
657,4244,25,219906721185792.0,14.342238503254803,high_mstar
659,4257,2,1033314370584576.0,15.014232469282954,high_mstar
662,4274,351,97704793341952.0,13.989915870483305,high_mstar
666,4304,1494,15812613111808.0,13.199003645154413,high_mstar
668,4308,262,116867452633088.0,14.067693577800224,high_mstar
670,4321,2514,9527186423808.0,12.9789646633848,high_mstar
674,4338,0,1535789976518656.0,15.186331828797393,high_mstar
675,4343,5619,6668961185792.0,12.824058189776515,high_mstar
676,4346,311,85799353712640.0,13.933484016518973,high_mstar
679,4362,340,114998093283328.0,14.060690639628444,high_mstar
681,4367,217,144810090430464.0,14.160798824745036,high_mstar
683,4380,45,305942902079488.0,14.485640381953424,high_mstar
684,4384,1036,26848679428096.0,13.42892292946965,high_mstar
688,4398,9639,4770714615808.0,12.67858343783606,high_mstar
689,4401,677,50944049938432.0,13.707093467443425,high_mstar
691,4407,3809,12658882379776.0,13.10239536462906,high_mstar
692,4410,3402,12136801632256.0,13.084104253751615,high_mstar
693,4416,90,239398222299136.0,14.37912092113914,high_mstar
696,4434,30,389327343321088.0,14.590314906252068,high_mstar
699,4454,1066,40706693398528.0,13.60966582610585,high_mstar
700,4459,660,56467705036800.0,13.751800137478204,high_mstar
701,4464,41,357260815499264.0,14.552985385232216,high_mstar
702,4468,378,51961936216064.0,13.71568532547038,high_mstar
703,4471,46,176415714574336.0,14.246537268148105,high_mstar
704,4475,190,106295365468160.0,14.026514329476427,high_mstar
705,4483,554,70259662913536.0,13.84670606183599,high_mstar
710,4512,318,58181103386624.0,13.764781953249615,high_mstar
718,4558,6246,6339519053824.0,12.802056311479028,high_mstar
721,4571,12572,3089179869184.0,12.489843196070908,high_mstar
722,4575,375,94402114486272.0,13.974981722046326,high_mstar
723,4579,644,58801696800768.0,13.769389858398895,high_mstar
724,4583,83,128114512363520.0,14.10759832788998,high_mstar
725,4586,68,276792942264320.0,14.442155012176563,high_mstar
728,4598,490,70984920989696.0,13.851166103275734,high_mstar
730,4604,139,146933045788672.0,14.16711948122038,high_mstar
732,4612,118,192892568076288.0,14.28531549511078,high_mstar
745,4689,86,192014666694656.0,14.283334402772732,high_mstar
748,4700,2180,21220162535424.0,13.326748706048235,high_mstar
749,4702,0,1535789976518656.0,15.186331828797393,high_mstar
750,4705,1280,29936356163584.0,13.476198937144144,high_mstar
752,4718,3988,11500716556288.0,13.060724900070744,high_mstar
753,4722,133,198890708008960.0,14.29861449375943,high_mstar
754,4725,250,78968426332160.0,13.897453483561131,high_mstar
757,4738,255,107881324085248.0,14.032946268142254,high_mstar
758,4743,308,100990426546176.0,14.004280206503156,high_mstar
759,4746,2184,19356259975168.0,13.286821446512771,high_mstar
760,4750,594,68042126000128.0,13.832777874836172,high_mstar
762,4758,603,62055935639552.0,13.7927833280139,high_mstar
765,4774,23,392225506721792.0,14.593535832749234,high_mstar
766,4777,225,128242103091200.0,14.108030631565471,high_mstar
770,4802,12440,4164171333632.0,12.61952859012768,high_mstar
773,4811,17,416661488271360.0,14.619783360778436,high_mstar
774,4815,51,316146536415232.0,14.499888428205248,high_mstar
775,4820,5336,9389218988032.0,12.972629468379552,high_mstar
776,4826,635,56298792026112.0,13.750499076520583,high_mstar
777,4829,14340,3610367754240.0,12.557551441657068,high_mstar
779,4840,1853,25921962639360.0,13.41366788034576,high_mstar
787,4883,901,44662182117376.0,13.649939938134969,high_mstar
788,4886,21,382146090893312.0,14.582229421392803,high_mstar
789,4888,26,278377265102848.0,14.444633763828053,high_mstar
791,4903,1859,25785274466304.0,13.411371758529892,high_mstar
792,4908,2138,19700627013632.0,13.294480048711188,high_mstar
793,4912,58,279208861368320.0,14.445929197555325,high_mstar
797,4936,575,73962927161344.0,13.86901409049232,high_mstar
802,4965,399,61582495186944.0,13.789457281578663,high_mstar
805,4983,346,41210869710848.0,13.615011779936784,high_mstar
806,4987,2177,21089774206976.0,13.324071930086127,high_mstar
807,4993,298,100322039037952.0,14.00139635057926,high_mstar
808,4996,4,841819696922624.0,14.925219083166256,high_mstar
809,4999,78,260628933509120.0,14.416022626901675,high_mstar
810,5002,68,276792942264320.0,14.442155012176563,high_mstar
814,5016,2126,18991305195520.0,13.278554813064211,high_mstar
816,5023,1,1307340129173504.0,15.116388592175756,high_mstar
818,5034,426,84509076750336.0,13.926903357125804,high_mstar
819,5038,1055,37720340561920.0,13.576575605154764,high_mstar
820,5041,1066,40706693398528.0,13.60966582610585,high_mstar
821,5042,0,1535789976518656.0,15.186331828797393,high_mstar
822,5046,2954,13334193635328.0,13.124966757534995,high_mstar
826,5067,2145,13190578569216.0,13.120263845122349,high_mstar
833,5111,6374,7734688219136.0,12.888442812225716,high_mstar
836,5123,69,269337868894208.0,14.43029741949233,high_mstar
837,5128,3498,11669949382656.0,13.067068972336642,high_mstar
840,5149,6082,6346453286912.0,12.802531087772934,high_mstar
841,5151,719,52121881804800.0,13.71702008706141,high_mstar
842,5159,11149,4499827064832.0,12.653195823501484,high_mstar
843,5165,81,272367582445568.0,14.43515541600576,high_mstar
849,5196,8522,5819681734656.0,12.764899234707944,high_mstar
853,5217,7285,6757963792384.0,12.829815860595144,high_mstar
855,5222,601,72005806194688.0,13.857367517218025,high_mstar
856,5226,293,100814081228800.0,14.003521196522817,high_mstar
857,5228,469,79334874284032.0,13.899464137881631,high_mstar
861,5257,11680,3938927247360.0,12.59537795939206,high_mstar
862,5259,95,183994033373184.0,14.264803739775209,high_mstar
863,5264,5,733527398154240.0,14.865416339917514,high_mstar
865,5276,5982,7385485672448.0,12.868379059963306,high_mstar
866,5281,6000,8199570194432.0,12.913791088105835,high_mstar
867,5285,207,96327551680512.0,13.983750522134436,high_mstar
869,5300,8,398251614273536.0,14.600157544846471,high_mstar
870,5302,89,103673405374464.0,14.015667364099745,high_mstar
871,5305,285,131206410665984.0,14.117955054924138,high_mstar
872,5309,37,197666877210624.0,14.2959339012316,high_mstar
874,5317,633,54819410673664.0,13.738934362422896,high_mstar
879,5345,223,131011845292032.0,14.117310563689344,high_mstar
880,5346,13,553877338324992.0,14.743413596521044,high_mstar
885,5375,944,41599903989760.0,13.619092328300647,high_mstar
887,5385,630,73435887697920.0,13.865908349019634,high_mstar
888,5386,68,276792942264320.0,14.442155012176563,high_mstar
890,5398,43,343380722712576.0,14.53577591035154,high_mstar
891,5401,174,128181143076864.0,14.107824140159272,high_mstar
896,5427,618,61449854517248.0,13.78852085902994,high_mstar
899,5438,46,176415714574336.0,14.246537268148105,high_mstar
900,5443,239,113186665660416.0,14.053795266329251,high_mstar
901,5445,18,407155215695872.0,14.609760002516866,high_mstar
902,5447,0,1535789976518656.0,15.186331828797393,high_mstar
904,5454,48,324151516594176.0,14.510748057859148,high_mstar
908,5471,248,105788097953792.0,14.02443680868444,high_mstar
910,5484,6035,7341642612736.0,12.865793239457751,high_mstar
911,5489,2264,19677424123904.0,13.293968246433106,high_mstar
912,5492,13,553877338324992.0,14.743413596521044,high_mstar
913,5494,3430,13386115973120.0,13.126654583275272,high_mstar
914,5497,635,56298792026112.0,13.750499076520583,high_mstar
918,5514,1664,24091436253184.0,13.381862691996636,high_mstar
919,5517,73,205733010341888.0,14.313303980849447,high_mstar
921,5522,0,1535789976518656.0,15.186331828797393,high_mstar
922,5523,0,1535789976518656.0,15.186331828797393,high_mstar
923,5525,1503,25337404588032.0,13.403762126300208,high_mstar
924,5530,29,212362409803776.0,14.327077644897338,high_mstar
925,5534,1019,40530692014080.0,13.607784018874453,high_mstar
926,5538,457,66661625364480.0,13.823875898556722,high_mstar
929,5555,1436,17782032826368.0,13.249981407635843,high_mstar
930,5558,421,50628604723200.0,13.704395958803694,high_mstar
933,5573,285,131206410665984.0,14.117955054924138,high_mstar
934,5574,1922,22694770769920.0,13.355925800479987,high_mstar
938,5591,346,41210869710848.0,13.615011779936784,high_mstar
939,5594,4505,10473940451328.0,13.020110100429209,high_mstar
940,5599,90,239398222299136.0,14.37912092113914,high_mstar
941,5600,484,65879643521024.0,13.818751240508782,high_mstar
943,5610,140,160620351586304.0,14.20580057221075,high_mstar
944,5613,340,114998093283328.0,14.060690639628444,high_mstar
945,5615,912,46594971926528.0,13.668339054407186,high_mstar
947,5626,126,188105843802112.0,14.274402287796992,high_mstar
954,5664,185,136576881393664.0,14.135377191784158,high_mstar
955,5672,226,114129838800896.0,14.057399203860903,high_mstar
957,5680,1950,25195477729280.0,13.401322597390068,high_mstar
958,5681,581,40077640073216.0,13.602902140669704,high_mstar
959,5682,1694,28702209474560.0,13.457915329684347,high_mstar
962,5699,3430,13386115973120.0,13.126654583275272,high_mstar
964,5708,1327,26937300877312.0,13.43035407717704,high_mstar
966,5714,391,45155579068416.0,13.654711415977104,high_mstar
967,5717,54,314248664186880.0,14.497273440256166,high_mstar
968,5720,408,82125034356736.0,13.914475564253532,high_mstar
969,5722,11962,3642075381760.0,12.561348930350611,high_mstar
972,5737,82,135533791543296.0,14.132047587839036,high_mstar
976,5761,67,278848855867392.0,14.445368866896445,high_mstar
977,5765,21,382146090893312.0,14.582229421392803,high_mstar
978,5769,9123,5047437492224.0,12.703070949319434,high_mstar
979,5771,584,73260012142592.0,13.86486698631133,high_mstar
982,5784,426,84509076750336.0,13.926903357125804,high_mstar
984,5796,58,279208861368320.0,14.445929197555325,high_mstar
985,5799,29099,1890710323200.0,12.276624995438052,high_mstar
989,5824,20523,2535116767232.0,12.403997967691692,high_mstar
990,5826,11,547336941993984.0,14.738254761430827,high_mstar
992,5831,91,164138567335936.0,14.21521063841577,high_mstar
995,5856,175,148736479068160.0,14.172417496531809,high_mstar
996,5862,44,332506201063424.0,14.521799749075257,high_mstar
997,5867,355,98771396460544.0,13.994631194001684,high_mstar
998,5871,83,128114512363520.0,14.10759832788998,high_mstar
1002,5890,1319,25120647151616.0,13.400030823391411,high_mstar
1004,5898,1216,30019755704320.0,13.477407153706803,high_mstar
1005,5901,29515,1768240185344.0,12.24754125620011,high_mstar
1006,5902,168,173127850000384.0,14.238366935747166,high_mstar
1009,5918,5472,7156217151488.0,12.854683510523357,high_mstar
1010,5922,133,198890708008960.0,14.29861449375943,high_mstar
1011,5924,6544,4555336581120.0,12.658520471303037,high_mstar
1013,5931,273,80389464915968.0,13.90519913794437,high_mstar
1014,5934,114,179024269672448.0,14.252911910702474,high_mstar
1015,5937,52,275655178584064.0,14.440366155746386,high_mstar
1016,5939,62,174374598475776.0,14.241483220589254,high_mstar
1019,5961,91,164138567335936.0,14.21521063841577,high_mstar
1022,5976,207,96327551680512.0,13.983750522134436,high_mstar
1026,6005,977,25847698292736.0,13.412421875736738,high_mstar
1027,6006,64,279798244966400.0,14.446844986053598,high_mstar
1028,6012,3479,13545981870080.0,13.131810490011707,high_mstar
1030,6021,80,193627108147200.0,14.286966159246084,high_mstar
1032,6031,1200,31722641031168.0,13.501369336827027,high_mstar
1034,6042,470,47733666742272.0,13.678824796712158,high_mstar
1038,6057,236,111531140317184.0,14.047396142538728,high_mstar
1039,6062,13,553877338324992.0,14.743413596521044,high_mstar
1042,6075,3047,11065621479424.0,13.043975810265533,high_mstar
1043,6077,3,899670222045184.0,14.95408334611498,high_mstar
1044,6078,1249,29251824779264.0,13.466152963301823,high_mstar
1045,6081,449,65302595371008.0,13.814930442115935,high_mstar
1049,6099,1791,16921507397632.0,13.228439048142356,high_mstar
1051,6106,93,235066697449472.0,14.371191105780005,high_mstar
1052,6109,149,134479007973376.0,14.128654496733631,high_mstar
1053,6110,16800,2453734424576.0,12.389827555871571,high_mstar
1054,6111,769,60123984691200.0,13.779047755548502,high_mstar
1055,6112,188,164069612978176.0,14.215028153643514,high_mstar
1056,6116,357,94136631820288.0,13.973758655325671,high_mstar
1057,6118,446,80648580628480.0,13.9065967284436,high_mstar
1058,6120,1,1307340129173504.0,15.116388592175756,high_mstar
1059,6124,760,51850631970816.0,13.714754054066727,high_mstar
1062,6139,12548,3018601267200.0,12.479805750024983,high_mstar
1063,6141,494,67602269339648.0,13.82996127501182,high_mstar
1064,6144,6715,7360561020928.0,12.866910917463532,high_mstar
1065,6146,360,96995049996288.0,13.986749571233757,high_mstar
1067,6152,2524,11751160545280.0,13.070080759673443,high_mstar
1068,6154,329,98934898819072.0,13.995349513953755,high_mstar
1069,6158,3431,12198816514048.0,13.086317699006726,high_mstar
1071,6167,308,100990426546176.0,14.004280206503156,high_mstar
1073,6174,2316,21794685714432.0,13.338350610748885,high_mstar
1074,6179,325,43680027115520.0,13.64028289929643,high_mstar
1075,6180,422,87033871597568.0,13.939688303022058,high_mstar
1076,6184,6,459285179924480.0,14.662082431960792,high_mstar
1077,6187,3340,10130463653888.0,13.005629322726223,high_mstar
1078,6188,158,176244922515456.0,14.2461166141441,high_mstar
1080,6197,778,53514088742912.0,13.728468134503428,high_mstar
1083,6212,735,33370952171520.0,13.52336859853185,high_mstar
1084,6216,549,50785257783296.0,13.705737661249543,high_mstar
1089,6236,150,88344214110208.0,13.946178111711578,high_mstar
1093,6258,68,276792942264320.0,14.442155012176563,high_mstar
1096,6270,1128,21550652719104.0,13.333460428464834,high_mstar
1098,6279,39,334133456797696.0,14.523919963740935,high_mstar
1100,6288,31,390177377746944.0,14.591262085651834,high_mstar
1104,6306,1950,25195477729280.0,13.401322597390068,high_mstar
1105,6308,283,102168363270144.0,14.009316436070272,high_mstar
1106,6310,357,94136631820288.0,13.973758655325671,high_mstar
1107,6312,14699,2921400369152.0,12.465591079807565,high_mstar
1108,6316,435,70737238949888.0,13.849648104217357,high_mstar
1111,6330,1655,25557184020480.0,13.407513000044288,high_mstar
1116,6351,624,47573284945920.0,13.677363140585983,high_mstar
1117,6352,110,164342309847040.0,14.215749386731398,high_mstar
1118,6353,82,135533791543296.0,14.132047587839036,high_mstar
1119,6354,2923,5871566323712.0,12.76875397092467,high_mstar
1120,6356,1990,21178095763456.0,13.325886907773253,high_mstar
1123,6372,14655,3206208552960.0,12.505991768315663,high_mstar
1124,6374,140,160620351586304.0,14.20580057221075,high_mstar
1127,6386,1234,37203946242048.0,13.57058900816816,high_mstar
1128,6390,1877,22764811452416.0,13.35726405765258,high_mstar
1129,6393,1,1307340129173504.0,15.116388592175756,high_mstar
1131,6402,1947,24587314135040.0,13.39071108994085,high_mstar
1132,6405,12,655181557530624.0,14.816361664125669,high_mstar
1134,6415,2877,14483978190848.0,13.160887862209494,high_mstar
1140,6454,3617,11670667657216.0,13.067095701936587,high_mstar
1143,6468,577,63530560651264.0,13.802982687960412,high_mstar
1144,6473,886,41322236870656.0,13.616183822873923,high_mstar
1153,6516,125,135592662794240.0,14.132236189573916,high_mstar
1154,6519,2317,15737217351680.0,13.196927943039157,high_mstar
1164,6578,2064,18599823540224.0,13.269508824009824,high_mstar
1167,6592,1171,30931744194560.0,13.490404409906684,high_mstar
1174,6629,6344,7270199984128.0,12.86154635732516,high_mstar
1175,6631,969,42965829419008.0,13.63312319989718,high_mstar
1178,6643,1128,21550652719104.0,13.333460428464834,high_mstar
1179,6650,771,34327614193664.0,13.53564362053812,high_mstar
1181,6658,16499,3095241424896.0,12.490694529094734,high_mstar
1184,6673,72,275153237835776.0,14.439574627690288,high_mstar
1185,6677,505,44539989458944.0,13.648750109915737,high_mstar
1187,6685,5,733527398154240.0,14.865416339917514,high_mstar
1194,6721,949,27251877871616.0,13.43539643399545,high_mstar
1195,6726,413,42628699652096.0,13.629702085109423,high_mstar
1196,6727,824,22897445830656.0,13.359787040264878,high_mstar
1198,6735,1,1307340129173504.0,15.116388592175756,high_mstar
1200,6743,4,841819696922624.0,14.925219083166256,high_mstar
1201,6744,7094,6631261732864.0,12.821596169654628,high_mstar
1203,6751,1404,31474826870784.0,13.497963349923031,high_mstar
1204,6754,145,155587975315456.0,14.191976029312148,high_mstar
1205,6758,8095,3847935229952.0,12.585227753201748,high_mstar
1207,6769,2299,21601661747200.0,13.33448716133056,high_mstar
1209,6776,46,176415714574336.0,14.246537268148105,high_mstar
1211,6785,549,50785257783296.0,13.705737661249543,high_mstar
1212,6787,75,134628685905920.0,14.129137606717835,high_mstar
1213,6792,1093,21094633308160.0,13.3241719803637,high_mstar
1216,6808,675,57136910434304.0,13.756916753064406,high_mstar
1219,6820,238,67912647835648.0,13.831950663436754,high_mstar
1221,6832,86,192014666694656.0,14.283334402772732,high_mstar
1222,6834,18,407155215695872.0,14.609760002516866,high_mstar
1223,6837,5336,9389218988032.0,12.972629468379552,high_mstar
1224,6838,552,53652412694528.0,13.729589256523033,high_mstar
1227,6855,4124,10595285860352.0,13.025112678451128,high_mstar
1228,6857,773,31473314824192.0,13.497942485971413,high_mstar
1231,6877,114,179024269672448.0,14.252911910702474,high_mstar
1232,6884,716,60128938164224.0,13.77908353457076,high_mstar
1239,6916,640,60992931233792.0,13.785279505436252,high_mstar
1240,6919,757,51282584797184.0,13.709969906816204,high_mstar
1242,6929,130,164261326225408.0,14.215535324944792,high_mstar
1246,6944,181,117365014528000.0,14.069538656862113,high_mstar
1247,6945,20,431286791438336.0,14.63476615767462,high_mstar
1250,6960,100,179395750789120.0,14.253812152026397,high_mstar
1261,7021,69,269337868894208.0,14.43029741949233,high_mstar
1262,7022,37139,1390538784768.0,12.143183106667143,high_mstar
1263,7025,436,73994627710976.0,13.869200189458352,high_mstar
1264,7026,32,390393736724480.0,14.59150284145414,high_mstar
1265,7030,266,86725086937088.0,13.938144743870438,high_mstar
1266,7034,671,61239136878592.0,13.78702906100228,high_mstar
1269,7046,55,242969403719680.0,14.385551587868612,high_mstar
1271,7057,675,57136910434304.0,13.756916753064406,high_mstar
1272,7059,3496,13412765532160.0,13.12751833277534,high_mstar
1277,7080,227,121109320040448.0,14.083177565821742,high_mstar
1278,7082,5241,7651139780608.0,12.88372613627218,high_mstar
1287,7130,1208,33857629847552.0,13.529656552705063,high_mstar
1290,7146,2190,19734210805760.0,13.295219763133012,high_mstar
1294,7162,130,164261326225408.0,14.215535324944792,high_mstar
1296,7169,56,296168328265728.0,14.47153861395946,high_mstar
1299,7184,1305,28292933484544.0,13.451677978567004,high_mstar
1301,7191,51,316146536415232.0,14.499888428205248,high_mstar
1302,7193,63,282241997471744.0,14.45062163703409,high_mstar
1304,7202,174,128181143076864.0,14.107824140159272,high_mstar
1309,7223,3892,10812484747264.0,13.0339255078316,high_mstar
1310,7228,76,236042040901632.0,14.372989361044429,high_mstar
1314,7243,4684,8291951312896.0,12.9186567434215,high_mstar
1315,7246,367,99850288889856.0,13.999349325722385,high_mstar
1322,7272,426,84509076750336.0,13.926903357125804,high_mstar
1324,7282,579,68386394472448.0,13.834969707081504,high_mstar
1325,7286,2378,14510351974400.0,13.161677947150745,high_mstar
1329,7304,3339,11578425475072.0,13.063649504643534,high_mstar
1330,7307,1789,22208229408768.0,13.346513935016093,high_mstar
1331,7309,24,367364893835264.0,14.565097651855222,high_mstar
1333,7317,764,54687277514752.0,13.737886303521826,high_mstar
1336,7327,4489,7501618085888.0,12.875154950055514,high_mstar
1339,7341,424,75413711749120.0,13.877450316633473,high_mstar
1340,7343,964,38233001951232.0,13.582438398978248,high_mstar
1341,7345,1101,39715017326592.0,13.598954756356433,high_mstar
1342,7348,3352,12401555537920.0,13.093476162514262,high_mstar
1348,7377,15611,2752199262208.0,12.439679874092752,high_mstar
1350,7380,456,47788842811392.0,13.67932651437282,high_mstar
1351,7381,69,269337868894208.0,14.43029741949233,high_mstar
1352,7382,1447,26775438491648.0,13.427736591845395,high_mstar
1354,7390,2152,20014851686400.0,13.301352376253927,high_mstar
1355,7392,59,213580418908160.0,14.329561433984113,high_mstar
1362,7422,70,258570536878080.0,14.412579037171405,high_mstar
1364,7431,2943,12896780156928.0,13.110481296762558,high_mstar
1365,7432,4113,12037731123200.0,13.080544638622044,high_mstar
1369,7451,498,59842421063680.0,13.777009155600505,high_mstar
1374,7479,938,42465805467648.0,13.628039365953748,high_mstar
1375,7483,651,60349009100800.0,13.780670143603416,high_mstar
1376,7488,297,98328016584704.0,13.992677278915956,high_mstar
1381,7505,2505,17371399979008.0,13.239834820096926,high_mstar
1383,7512,266,86725086937088.0,13.938144743870438,high_mstar
1384,7515,8611,4839035633664.0,12.684758820175718,high_mstar
1387,7526,323,98153567092736.0,13.991906087334309,high_mstar
1388,7528,18,407155215695872.0,14.609760002516866,high_mstar
1389,7529,545,49718398812160.0,13.696517133681578,high_mstar
1391,7540,1711,21040728113152.0,13.323060764476605,high_mstar
1395,7553,85,123098057670656.0,14.090251200375905,high_mstar
1396,7554,14419,2697552723968.0,12.43096994177185,high_mstar
1400,7569,768,39426872836096.0,13.59579233213572,high_mstar
1402,7574,15,497315974479872.0,14.696632409598273,high_mstar
1404,7580,5,733527398154240.0,14.865416339917514,high_mstar
1408,7595,159,169744321740800.0,14.229795255247776,high_mstar
1409,7599,381,49719699046400.0,13.69652849119078,high_mstar
1410,7603,378,51961936216064.0,13.71568532547038,high_mstar
1412,7606,331,72077663010816.0,13.857800696978211,high_mstar
1415,7621,59,213580418908160.0,14.329561433984113,high_mstar
1416,7623,12540,3746074460160.0,12.57357640553127,high_mstar
1418,7631,156,170201618317312.0,14.23096368514303,high_mstar
1419,7633,24,367364893835264.0,14.565097651855222,high_mstar
1421,7639,18,407155215695872.0,14.609760002516866,high_mstar
1423,7646,355,98771396460544.0,13.994631194001684,high_mstar
1424,7648,418,64368444178432.0,13.808673012113472,high_mstar
1426,7658,1673,20915698008064.0,13.32047236262892,high_mstar
1428,7666,1291,31427647242240.0,13.497311869787596,high_mstar
1430,7671,726,55012763893760.0,13.740463464867142,high_mstar
1432,7678,19,467371865145344.0,14.669662565180955,high_mstar
1433,7679,359,39266109358080.0,13.594017871781636,high_mstar
1434,7681,31,390177377746944.0,14.591262085651834,high_mstar
1436,7691,0,1535789976518656.0,15.186331828797393,high_mstar
1440,7711,4081,10338823045120.0,13.014471102190932,high_mstar
1443,7722,7,581220677189632.0,14.764341056124303,high_mstar
1446,7740,412,81883476000768.0,13.913196270432948,high_mstar
1450,7758,287,90832199745536.0,13.958239831922388,high_mstar
1455,7785,1926,13806901133312.0,13.140096215021666,high_mstar
1456,7788,2659,13939937116160.0,13.144260814639589,high_mstar
1457,7791,10,635853466501120.0,14.803357043286407,high_mstar
1458,7792,583,64927419072512.0,13.812428139591622,high_mstar
1459,7796,1644,24726915252224.0,13.393169940360549,high_mstar
1462,7806,1063,37444019814400.0,13.573382466388164,high_mstar
1465,7815,346,41210869710848.0,13.615011779936784,high_mstar
1470,7835,1269,33591172005888.0,13.526225156768438,high_mstar
1471,7837,129,112128929300480.0,14.04971767517024,high_mstar
1472,7841,4113,12037731123200.0,13.080544638622044,high_mstar
1474,7849,4714,8635374632960.0,12.93628118353613,high_mstar
1475,7850,36,374207984697344.0,14.573113050061371,high_mstar
1482,7890,483,47938524938240.0,13.68068466672228,high_mstar
1490,7935,180,142675005145088.0,14.154347896882348,high_mstar
1492,7943,338,84481679556608.0,13.926762539362514,high_mstar
1494,7949,117,221948206383104.0,14.34625163973729,high_mstar
1495,7952,125,135592662794240.0,14.132236189573916,high_mstar
1497,7960,7593,5877479768064.0,12.769191142835975,high_mstar
1499,7971,346,41210869710848.0,13.615011779936784,high_mstar
1501,7978,348,104674971615232.0,14.019842851795415,high_mstar
1502,7983,90,239398222299136.0,14.37912092113914,high_mstar
1507,8013,263,103605214380032.0,14.015381613705411,high_mstar
1511,8028,133,198890708008960.0,14.29861449375943,high_mstar
1515,8042,52,275655178584064.0,14.440366155746386,high_mstar
1516,8044,617,34264479432704.0,13.534844138131485,high_mstar
1517,8046,31,390177377746944.0,14.591262085651834,high_mstar
1518,8047,5636,8685391183872.0,12.938789383539724,high_mstar
1527,8084,766,46798802518016.0,13.670234740542684,high_mstar
1538,8132,107,187167024349184.0,14.272229335830058,high_mstar
1539,8133,43,343380722712576.0,14.53577591035154,high_mstar
1542,8141,3960,11835522678784.0,13.073187441943965,high_mstar
1543,8143,732,56478928994304.0,13.751886452628131,high_mstar
1546,8157,2809,16447781732352.0,13.216107334118194,high_mstar
1553,8188,6546,5253615321088.0,12.720458269811871,high_mstar
1554,8190,8,398251614273536.0,14.600157544846471,high_mstar
1555,8192,10016,4835350413312.0,12.684427952473497,high_mstar
1556,8195,0,1535789976518656.0,15.186331828797393,high_mstar
1557,8197,5882,8081769496576.0,12.907506459594297,high_mstar
1560,8208,6,459285179924480.0,14.662082431960792,high_mstar
1562,8215,2047,20460978831360.0,13.310926406056982,high_mstar
1571,8253,21135,2652942893056.0,12.423727901509812,high_mstar
1572,8254,5606,7873362919424.0,12.896160270528847,high_mstar
1573,8256,123,71453248585728.0,13.85402197855433,high_mstar
1582,8303,46,176415714574336.0,14.246537268148105,high_mstar
1586,8316,1884,22378010640384.0,13.349821476012478,high_mstar
1587,8319,3349,14986502995968.0,13.175700304847386,high_mstar
1595,8358,714,52639110791168.0,13.72130854432644,high_mstar
1615,8447,11523,3880721842176.0,12.588912515005584,high_mstar
1616,8449,148,122913483128832.0,14.089599525907348,high_mstar
1619,8459,1041,28719477424128.0,13.458176533276308,high_mstar
1626,8488,2442,18385997922304.0,13.264487206703569,high_mstar
1627,8492,10892,3250184781824.0,12.511908052500496,high_mstar
1628,8495,137,173721042026496.0,14.23985242571552,high_mstar
1630,8498,1505,26499977576448.0,13.42324550644892,high_mstar
1631,8501,251,119521037778944.0,14.077444355385916,high_mstar
1634,8510,79,253893451710464.0,14.404651499917891,high_mstar
1635,8512,7546,5541938593792.0,12.743661709370242,high_mstar
1643,8545,883,48145580949504.0,13.682556431495474,high_mstar
1645,8549,68,276792942264320.0,14.442155012176563,high_mstar
1651,8572,337,96431452979200.0,13.984218710535105,high_mstar
1652,8574,5274,6556790292480.0,12.81669129373588,high_mstar
1656,8590,282,80834186969088.0,13.907595074536232,high_mstar
1659,8605,398,58272455327744.0,13.765463317606624,high_mstar
1662,8618,53,184230525009920.0,14.265361589731892,high_mstar
1664,8623,2735,16947292930048.0,13.22910033620078,high_mstar
1665,8624,1071,41625778651136.0,13.61936237049585,high_mstar
1666,8626,1230,29698849505280.0,13.47273962564091,high_mstar
1670,8638,8973,5195608621056.0,12.715636428752507,high_mstar
1671,8640,7,581220677189632.0,14.764341056124303,high_mstar
1672,8643,256,125519060271104.0,14.098709679140052,high_mstar
1675,8652,1462,28310146908160.0,13.45194212302945,high_mstar
1679,8663,406,88225624358912.0,13.945594740476844,high_mstar
1686,8690,802,48450024505344.0,13.685294001046907,high_mstar
1689,8702,603,62055935639552.0,13.7927833280139,high_mstar
1696,8734,3820,11085796081664.0,13.044766885674214,high_mstar
1698,8741,521,66945118371840.0,13.82571891381303,high_mstar
1700,8748,336,101111641931776.0,14.0048011628674,high_mstar
1703,8760,1179,36900337352704.0,13.567030336612936,high_mstar
1705,8763,7285,6757963792384.0,12.829815860595144,high_mstar
1706,8766,750,54375057719296.0,13.735399730967906,high_mstar
1708,8774,77,230889556541440.0,14.363404289612728,high_mstar
1709,8776,1063,37444019814400.0,13.573382466388164,high_mstar
1713,8791,677,50944049938432.0,13.707093467443425,high_mstar
1720,8815,238,67912647835648.0,13.831950663436754,high_mstar
1721,8818,1441,29624721473536.0,13.471654275876388,high_mstar
1726,8836,151,177005769261056.0,14.24798742182739,high_mstar
1727,8837,90,239398222299136.0,14.37912092113914,high_mstar
1735,8866,922,37289203859456.0,13.571583111086271,high_mstar
1742,8891,1018,30255922282496.0,13.480810395942845,high_mstar
1744,8894,88,223381030961152.0,14.349046290987864,high_mstar
1747,8909,134,174660482236416.0,14.242194654908252,high_mstar
1751,8922,1822,21864581693440.0,13.33974117296976,high_mstar
1752,8924,239,113186665660416.0,14.053795266329251,high_mstar
1753,8927,31,390177377746944.0,14.591262085651834,high_mstar
1755,8935,62,174374598475776.0,14.241483220589254,high_mstar
1759,8946,695,44723809026048.0,13.650538784336064,high_mstar
1762,8958,860,36740299489280.0,13.5651426921443,high_mstar
1764,8961,3625,9301388165120.0,12.968547768711158,high_mstar
1765,8962,350,93156901126144.0,13.96921503325251,high_mstar
1775,9006,422,87033871597568.0,13.939688303022058,high_mstar
1778,9015,2847,15279969009664.0,13.184122473418626,high_mstar
1779,9018,11165,3396438065152.0,12.531023699536796,high_mstar
1781,9022,883,48145580949504.0,13.682556431495474,high_mstar
1782,9024,3261,12210560565248.0,13.086735602094404,high_mstar
1784,9030,20366,2216576155648.0,12.34568265709239,high_mstar
1785,9031,1411,17374604427264.0,13.239914925664335,high_mstar
1787,9038,2602,13041033805824.0,13.115312020718626,high_mstar
1789,9046,1308,30149049319424.0,13.47927362221953,high_mstar
1790,9048,336,101111641931776.0,14.0048011628674,high_mstar
1792,9063,187,118919146766336.0,14.075251784522123,high_mstar
1797,9087,264,60795924774912.0,13.783874468958846,high_mstar
1815,9163,6538,4006539427840.0,12.602769420934308,high_mstar
1820,9179,72,275153237835776.0,14.439574627690288,high_mstar
1821,9180,541,71958049849344.0,13.857079384924416,high_mstar
1823,9187,2876,14513621434368.0,13.161775790985487,high_mstar
1825,9194,61,255725188153344.0,14.40777350681889,high_mstar
1828,9204,5,733527398154240.0,14.865416339917514,high_mstar
1829,9206,4,841819696922624.0,14.925219083166256,high_mstar
1830,9209,6985,4858683326464.0,12.686518594051476,high_mstar
1831,9212,184,107746024226816.0,14.032401253884174,high_mstar
1834,9226,696,55055063449600.0,13.740797267487508,high_mstar
1852,9300,0,1535789976518656.0,15.186331828797393,high_mstar
1856,9316,20786,2400601767936.0,12.380320121601253,high_mstar
1857,9319,3,899670222045184.0,14.95408334611498,high_mstar
1860,9332,777,51981146128384.0,13.715845850996953,high_mstar
1861,9335,887,42830399537152.0,13.631752125668369,high_mstar
1862,9337,424,75413711749120.0,13.877450316633473,high_mstar
1864,9344,4577,8613186764800.0,12.935163864381227,high_mstar
1865,9346,153,140163564961792.0,14.146635134939482,high_mstar
1866,9347,10534,4472145707008.0,12.650515944860182,high_mstar
1867,9353,171,183455803506688.0,14.263531454936686,high_mstar
1871,9372,183,182627713679360.0,14.261566682205684,high_mstar
1876,9392,430,67993501433856.0,13.832467406437347,high_mstar
1877,9394,5251,8621193166848.0,12.935567376024036,high_mstar
1879,9400,358,79309163200512.0,13.899323367614166,high_mstar
1880,9403,219,66468171481088.0,13.822613731631124,high_mstar
1888,9436,377,84586503602176.0,13.92730107369279,high_mstar
1889,9437,9947,4858718978048.0,12.686521780764492,high_mstar
1890,9442,28,471019466784768.0,14.673038856476026,high_mstar
1893,9452,136,127507051315200.0,14.105534202515887,high_mstar
1895,9461,46,176415714574336.0,14.246537268148105,high_mstar
1899,9478,3435,14558664065024.0,13.163121524990265,high_mstar
1900,9479,184,107746024226816.0,14.032401253884174,high_mstar
1905,9499,229,144828495036416.0,14.160854017797469,high_mstar
1906,9501,5164,8314699120640.0,12.91984653826871,high_mstar
1907,9504,115,127064946507776.0,14.104025757966165,high_mstar
1908,9506,16,379204239622144.0,14.578873184241475,high_mstar
1912,9524,675,57136910434304.0,13.756916753064406,high_mstar
1914,9531,10,635853466501120.0,14.803357043286407,high_mstar
1922,9567,1064,36202195451904.0,13.5587349087579,high_mstar
1930,9593,4836,8243479838720.0,12.916110580110976,high_mstar
1932,9598,9,641211639529472.0,14.807001397240343,high_mstar
1933,9601,456,47788842811392.0,13.67932651437282,high_mstar
1934,9604,83,128114512363520.0,14.10759832788998,high_mstar
1940,9626,10,635853466501120.0,14.803357043286407,high_mstar
1945,9642,399,61582495186944.0,13.789457281578663,high_mstar
1946,9644,44,332506201063424.0,14.521799749075257,high_mstar
1949,9655,309,102281827581952.0,14.00979847944098,high_mstar
1950,9656,715,47572056014848.0,13.677351921581923,high_mstar
1954,9667,35980,1409661796352.0,12.149114929962987,high_mstar
1956,9673,249,113038212464640.0,14.053225281157548,high_mstar
1962,9708,2025,22568004222976.0,13.353493154413483,high_mstar
1965,9721,407,75625037561856.0,13.878665603368333,high_mstar
1967,9731,991,36802236776448.0,13.565874215144914,high_mstar
1970,9740,1216,30019755704320.0,13.477407153706803,high_mstar
1971,9741,405,77950888181760.0,13.891821067956416,high_mstar
1976,9760,8532,4950088744960.0,12.694612985014569,high_mstar
1977,9762,75,134628685905920.0,14.129137606717835,high_mstar
1987,9817,1048,34086227804160.0,13.53257894213579,high_mstar
1988,9818,12739,3794737561600.0,12.579181746110272,high_mstar
1989,9820,2260,21507724017664.0,13.332594455070536,high_mstar
1990,9821,551,55684209049600.0,13.745732055229078,high_mstar
1991,9822,843,38889406332928.0,13.589831313466272,high_mstar
1995,9835,319,95636196163584.0,13.980622294147857,high_mstar
2005,9882,1139,35410260525056.0,13.549129122018716,high_mstar
2013,9924,2054,22546013487104.0,13.353069762462006,high_mstar
2019,9958,783,54372062986240.0,13.735375811326948,high_mstar
2022,9969,1184,34884101865472.0,13.542627546008278,high_mstar
2025,9978,1060,33746575163392.0,13.52822970418592,high_mstar
2026,9980,2150,21033320972288.0,13.322907849294582,high_mstar
2029,9987,11637,3751791558656.0,12.574238701924475,high_mstar
2031,9994,801,42187903467520.0,13.625187943606322,high_mstar
2055,10099,27551,1836076105728.0,12.26389067883292,high_mstar
2062,10122,1649,26776988286976.0,13.427761728616955,high_mstar
2063,10125,458,69916229107712.0,13.844577996830647,high_mstar
2065,10128,833,25827265740800.0,13.412078431084751,high_mstar
2067,10136,1748,23363588194304.0,13.368539542777487,high_mstar
2070,10145,372,95095382605824.0,13.978159430107814,high_mstar
2072,10152,3211,13532490891264.0,13.131377743439057,high_mstar
2075,10164,95,183994033373184.0,14.264803739775209,high_mstar
2077,10168,320,107388266872832.0,14.030956833405009,high_mstar
2078,10172,1476,22847502155776.0,13.358838726976556,high_mstar
2079,10174,793,33260883148800.0,13.52193377649981,high_mstar
2090,10227,327,99669908652032.0,13.998564060228068,high_mstar
2091,10229,7561,5935467593728.0,12.773454938181365,high_mstar
2093,10237,1382,25363210043392.0,13.404204218291206,high_mstar
2094,10238,3383,13868498681856.0,13.142029449575393,high_mstar
2100,10261,51,316146536415232.0,14.499888428205248,high_mstar
2102,10267,8408,6334255202304.0,12.801695556781343,high_mstar
2104,10270,703,55955853148160.0,13.747845521731092,high_mstar
2107,10276,8547,3501029588992.0,12.544195781225373,high_mstar
2117,10315,812,24729859653632.0,13.39322165166958,high_mstar
2118,10320,394,76312400101376.0,13.882595112765458,high_mstar
2122,10330,2813,12571470987264.0,13.099386097437336,high_mstar
2125,10340,2529,17889549615104.0,13.252599406965516,high_mstar
2126,10342,44921,1212044410880.0,12.083518533235184,high_mstar
2129,10351,317,108471882088448.0,14.035317175636992,high_mstar
2137,10381,1326,32969087516672.0,13.51810692736887,high_mstar
2139,10386,3386,13819412742144.0,13.14048958802622,high_mstar
2143,10397,81,272367582445568.0,14.43515541600576,high_mstar
2146,10407,3024,11935994085376.0,13.0768585949234,high_mstar
2148,10412,115,127064946507776.0,14.104025757966165,high_mstar
2149,10414,6742,5023572426752.0,12.701012668029207,high_mstar
2154,10435,340,114998093283328.0,14.060690639628444,high_mstar
2160,10452,254,110979648061440.0,14.04524334324606,high_mstar
2165,10464,1358,30948630462464.0,13.490641435399606,high_mstar
2168,10474,7941,4906357358592.0,12.69075917721982,high_mstar
2170,10478,2,1033314370584576.0,15.014232469282954,high_mstar
2172,10483,24,367364893835264.0,14.565097651855222,high_mstar
2183,10525,4869,8808959049728.0,12.944924591082993,high_mstar
2191,10559,2104,22701823492096.0,13.356060742688664,high_mstar
2206,10622,866,43967274024960.0,13.6431295401565,high_mstar
2211,10638,1628,14546756435968.0,13.162766167273997,high_mstar
2216,10661,928,41442772779008.0,13.61744880470864,high_mstar
2218,10667,327,99669908652032.0,13.998564060228068,high_mstar
2223,10686,33,369590794190848.0,14.56772114522689,high_mstar
2225,10692,2653,7268410589184.0,12.861439452425255,high_mstar
2229,10708,2600,15371288444928.0,13.186710272253814,high_mstar
2235,10724,365,96600407932928.0,13.984978960397331,high_mstar
2239,10743,52,275655178584064.0,14.440366155746386,high_mstar
2251,10783,435,70737238949888.0,13.849648104217357,high_mstar
2253,10788,161,170170278477824.0,14.230883709566198,high_mstar
2254,10790,19,467371865145344.0,14.669662565180955,high_mstar
2255,10791,1203,37577016999936.0,13.574922301259804,high_mstar
2257,10795,1719,21550073905152.0,13.333448763895577,high_mstar
2260,10806,0,1535789976518656.0,15.186331828797393,high_mstar
2268,10837,1,1307340129173504.0,15.116388592175756,high_mstar
2277,10874,161,170170278477824.0,14.230883709566198,high_mstar
2284,10905,1568,29379719593984.0,13.4680476464792,high_mstar
2289,10918,4567,10449785454592.0,13.019107374002738,high_mstar
2290,10919,259,112847262580736.0,14.052491028540052,high_mstar
2291,10921,9077,4486921191424.0,12.6519484416235,high_mstar
2293,10925,13,553877338324992.0,14.743413596521044,high_mstar
2298,10942,356,95938353823744.0,13.981992262270406,high_mstar
2308,10968,8939,4274898862080.0,12.630925844406846,high_mstar
2310,10976,507,68217351438336.0,13.83389485376905,high_mstar
2318,11000,1393,23691681333248.0,13.37459588249741,high_mstar
2321,11008,1697,25339753398272.0,13.403802384095536,high_mstar
2325,11021,4844,6443161878528.0,12.809099042733632,high_mstar
2326,11022,9272,4012285362176.0,12.60339181338406,high_mstar
2334,11051,239,113186665660416.0,14.053795266329251,high_mstar
2336,11056,527,70330672480256.0,13.847144770023505,high_mstar
2342,11072,217,144810090430464.0,14.160798824745036,high_mstar
2346,11086,602,64531443220480.0,13.80977137804191,high_mstar
2348,11088,852,25859515744256.0,13.412620387846518,high_mstar
2350,11093,676,59100150890496.0,13.77158858969388,high_mstar
2351,11094,17,416661488271360.0,14.619783360778436,high_mstar
2362,11141,1944,25524835450880.0,13.406962951032986,high_mstar
2363,11143,179,150488372740096.0,14.177502946110009,high_mstar
2366,11155,2343,20930908651520.0,13.32078808231744,high_mstar
2367,11156,211,129321414950912.0,14.111670447733609,high_mstar
2368,11158,3072,5178029244416.0,12.714164498909328,high_mstar
2373,11176,771,34327614193664.0,13.53564362053812,high_mstar
2379,11200,30,389327343321088.0,14.590314906252068,high_mstar
2381,11206,523,70654569218048.0,13.849140252837351,high_mstar
2384,11217,4398,11067552956416.0,13.044051608683343,high_mstar
2388,11229,1143,21088054542336.0,13.324036516178564,high_mstar
2391,11239,39750,1269997895680.0,12.103803001353342,high_mstar
2400,11264,17357,2701609402368.0,12.431622559098123,high_mstar
2401,11265,39,334133456797696.0,14.523919963740935,high_mstar
2404,11270,44,332506201063424.0,14.521799749075257,high_mstar
2414,11298,328,86779596111872.0,13.938417624511867,high_mstar
2417,11309,341,95518411718656.0,13.980087092391258,high_mstar
2419,11315,464,80022396207104.0,13.90321155184105,high_mstar
2426,11338,176,137337300320256.0,14.137788506087608,high_mstar
2433,11358,3730,10941682941952.0,13.0390841260368,high_mstar
2438,11374,1642,14803855736832.0,13.170374844255884,high_mstar
2439,11376,124,178725417123840.0,14.252186319330942,high_mstar
2440,11378,2884,11485962043392.0,13.060167376774276,high_mstar
2444,11389,1,1307340129173504.0,15.116388592175756,high_mstar
2449,11412,193,98666782130176.0,13.994170964567004,high_mstar
2452,11426,3430,13386115973120.0,13.126654583275272,high_mstar
2454,11434,1001,38597696684032.0,13.586561388939597,high_mstar
2472,11509,6334,7792403415040.0,12.891671428006932,high_mstar
2478,11531,40,235068089958400.0,14.371193678484511,high_mstar
2481,11538,479,74532631085056.0,13.872346452580745,high_mstar
2497,11593,56,296168328265728.0,14.47153861395946,high_mstar
2502,11614,194,118452362674176.0,14.073543727668524,high_mstar
2508,11641,1856,24837718278144.0,13.395111696789312,high_mstar
2516,11673,218,121661835706368.0,14.085154365070611,high_mstar
2522,11692,126,188105843802112.0,14.274402287796992,high_mstar
2527,11708,545,49718398812160.0,13.696517133681578,high_mstar
2528,11709,4776,10271374442496.0,13.011628561693929,high_mstar
2534,11728,16766,2763770036224.0,12.441501904058947,high_mstar
2535,11730,6358,6303403474944.0,12.79957510679777,high_mstar
2540,11750,15,497315974479872.0,14.696632409598273,high_mstar
2541,11751,6855,6446177058816.0,12.809302230219242,high_mstar
2543,11755,7159,6128110403584.0,12.787326580912309,high_mstar
2545,11761,68,276792942264320.0,14.442155012176563,high_mstar
2546,11762,465,72803009167360.0,13.86214933038132,high_mstar
2554,11797,639,61046635102208.0,13.785661730577091,high_mstar
2563,11834,124,178725417123840.0,14.252186319330942,high_mstar
2565,11843,3275,13886980882432.0,13.142607837629642,high_mstar
2569,11858,354,97267235160064.0,13.987966571146448,high_mstar
2573,11871,3097,13214222909440.0,13.121041628605433,high_mstar
2581,11910,758,51911076085760.0,13.715260031638698,high_mstar
2590,11939,214,138947200024576.0,14.142849799575943,high_mstar
2591,11940,5,733527398154240.0,14.865416339917514,high_mstar
2595,11954,35914,1461106507776.0,12.164681875108451,high_mstar
2604,11981,4195,10513681481728.0,13.021754815670487,high_mstar
2606,11985,368,88182574022656.0,13.945382771599856,high_mstar
2607,11986,1107,28071425998848.0,13.448264474896664,high_mstar
2612,12004,618,61449854517248.0,13.78852085902994,high_mstar
2615,12010,343,105406022025216.0,14.02286542356733,high_mstar
2639,12095,708,33299906953216.0,13.522443019999974,high_mstar
2641,12099,5435,8389620400128.0,12.923742311024254,high_mstar
2651,12139,566,76039434797056.0,13.881038880084096,high_mstar
2652,12140,2095,21611373658112.0,13.33468237230564,high_mstar
2653,12141,229,144828495036416.0,14.160854017797469,high_mstar
2655,12149,2735,16947292930048.0,13.22910033620078,high_mstar
2656,12151,9267,2654284546048.0,12.423947478496158,high_mstar
2666,12188,6022,8443615772672.0,12.926528462484391,high_mstar
2667,12190,550,57694941609984.0,13.76113773816142,high_mstar
2674,12214,321,68799856377856.0,13.8375875316313,high_mstar
2676,12223,261,103206847774720.0,14.01370851368762,high_mstar
2677,12224,44,332506201063424.0,14.521799749075257,high_mstar
2678,12228,340,114998093283328.0,14.060690639628444,high_mstar
2685,12253,4,841819696922624.0,14.925219083166256,high_mstar
2693,12289,4,841819696922624.0,14.925219083166256,high_mstar
2701,12318,1737,13172439252992.0,13.119666204424464,high_mstar
2725,12410,1336,26570152476672.0,13.424394046679277,high_mstar
2729,12424,870,50411692097536.0,13.702531275027706,high_mstar
2732,12436,131,185050360446976.0,14.267289935364555,high_mstar
2736,12454,369,93300698644480.0,13.969884895796945,high_mstar
2757,12526,8,398251614273536.0,14.600157544846471,high_mstar
2758,12527,354,97267235160064.0,13.987966571146448,high_mstar
2768,12556,23,392225506721792.0,14.593535832749234,high_mstar
2773,12570,6,459285179924480.0,14.662082431960792,high_mstar
2775,12574,23,392225506721792.0,14.593535832749234,high_mstar
2779,12588,2720,15832395546624.0,13.199546631474378,high_mstar
2780,12589,129,112128929300480.0,14.04971767517024,high_mstar
2786,12607,3022,13873717444608.0,13.142192845310037,high_mstar
2790,12618,598,61187324641280.0,13.786661464490484,high_mstar
2802,12656,316,45303621222400.0,13.656132917554787,high_mstar
2813,12691,11543,2544680042496.0,12.40563318372035,high_mstar
2815,12697,174,128181143076864.0,14.107824140159272,high_mstar
2819,12711,1485,29046704439296.0,13.463096865641392,high_mstar
2822,12720,3874,10916599955456.0,13.038087395647908,high_mstar
2831,12754,3042,10405567004672.0,13.017265750121032,high_mstar
2844,12801,1030,37313014923264.0,13.571860341821226,high_mstar
2860,12850,607,60780804308992.0,13.783766442776596,high_mstar
2862,12855,565,71945399828480.0,13.857003030475877,high_mstar
2866,12865,1616,27386347257856.0,13.437534110693337,high_mstar
2867,12867,4567,10449785454592.0,13.019107374002738,high_mstar
2879,12910,82,135533791543296.0,14.132047587839036,high_mstar
2882,12922,193,98666782130176.0,13.994170964567004,high_mstar
2891,12952,1,1307340129173504.0,15.116388592175756,high_mstar
2894,12961,7079,6132883521536.0,12.787664716450978,high_mstar
2897,12971,392,64449759150080.0,13.809221298726092,high_mstar
2905,13003,201,151025663082496.0,14.179050751188042,high_mstar
2915,13034,288,106871897718784.0,14.028863521203665,high_mstar
2917,13044,422,87033871597568.0,13.939688303022058,high_mstar
2919,13048,5947,7798509273088.0,12.892011592902488,high_mstar
2928,13078,1037,39767383212032.0,13.59952701432104,high_mstar
2944,13138,5329,9245850337280.0,12.965946859227577,high_mstar
2946,13146,1028,38908347809792.0,13.590042789469258,high_mstar
2947,13148,764,54687277514752.0,13.737886303521826,high_mstar
2962,13203,2599,15514943356928.0,13.190750194369524,high_mstar
2968,13222,1612,24210774687744.0,13.38400868606419,high_mstar
2973,13240,620,68789261565952.0,13.837520647441265,high_mstar
2981,13265,1412,26058009083904.0,13.415941231142323,high_mstar
2983,13272,1025,41680170385408.0,13.61992948565834,high_mstar
2984,13276,214,138947200024576.0,14.142849799575943,high_mstar
3003,13336,2,1033314370584576.0,15.014232469282954,high_mstar
3006,13343,6589,7900990799872.0,12.89768155609244,high_mstar
3009,13352,5,733527398154240.0,14.865416339917514,high_mstar
3037,13453,2240,20992216793088.0,13.322058302811596,high_mstar
3038,13455,15238,3058344919040.0,12.48548646341393,high_mstar
3051,13507,671,61239136878592.0,13.78702906100228,high_mstar
3073,13598,2059,22282026090496.0,13.347954678418915,high_mstar
3081,13626,2702,12590970306560.0,13.100059199730346,high_mstar
3107,13720,274,104744823554048.0,14.02013256951459,high_mstar
3112,13740,241,116610618621952.0,14.066738099299023,high_mstar
3115,13749,108,199525524307968.0,14.299998460709714,high_mstar
3125,13787,4791,9471464046592.0,12.976417115034138,high_mstar
3126,13789,70,258570536878080.0,14.412579037171405,high_mstar
3127,13790,0,1535789976518656.0,15.186331828797393,high_mstar
3129,13793,128,167641163497472.0,14.224380666351609,high_mstar
3132,13799,291,91769182093312.0,13.962696861006464,high_mstar
3146,13850,1745,22983758315520.0,13.36142104620753,high_mstar
3150,13859,142,146151143636992.0,14.164802218073827,high_mstar
3165,13913,25,219906721185792.0,14.342238503254803,high_mstar
3178,13959,1742,18214406848512.0,13.260415033024406,high_mstar
3211,14084,21292,2089932816384.0,12.320132325372931,high_mstar
3227,14141,5124,6776628445184.0,12.831013674421206,high_mstar
3234,14158,1276,30142787223552.0,13.479183407893744,high_mstar
3239,14176,2447,16241252106240.0,13.210619507778864,high_mstar
3240,14177,293,100814081228800.0,14.003521196522817,high_mstar
3253,14220,154,187111844085760.0,14.272101278992713,high_mstar
3254,14221,26,278377265102848.0,14.444633763828053,high_mstar
3259,14233,40312,1384606728192.0,12.141326437639105,high_mstar
3278,14296,5275,7800161828864.0,12.892103613030685,high_mstar
3280,14298,550,57694941609984.0,13.76113773816142,high_mstar
3303,14393,342,63594288906240.0,13.80341811552461,high_mstar
3309,14407,657,62052332732416.0,13.792758112567595,high_mstar
3313,14419,44061,1222272876544.0,12.087168174439736,high_mstar
3326,14464,1284,28726158950400.0,13.458277559226644,high_mstar
3339,14510,3416,7655254917120.0,12.883959657118572,high_mstar
3347,14529,4,841819696922624.0,14.925219083166256,high_mstar
3374,14627,37,197666877210624.0,14.2959339012316,high_mstar
3432,14821,635,56298792026112.0,13.750499076520583,high_mstar
3450,14867,1736,22078545723392.0,13.343970463753436,high_mstar
3454,14877,2376,19013828608000.0,13.279069574830318,high_mstar
3458,14887,1533,27039268601856.0,13.431994939988757,high_mstar
3463,14904,145,155587975315456.0,14.191976029312148,high_mstar
3467,14918,118,192892568076288.0,14.28531549511078,high_mstar
3511,15066,5171,9006766620672.0,12.954568909644228,high_mstar
3512,15067,0,1535789976518656.0,15.186331828797393,high_mstar
3515,15076,1632,16514722824192.0,13.217871289081984,high_mstar
3530,15131,724,49248552878080.0,13.692393473690524,high_mstar
3541,15169,4501,8083361759232.0,12.907592015458524,high_mstar
3607,15404,405,77950888181760.0,13.891821067956416,high_mstar
3629,15480,1156,26604791136256.0,13.42495985379908,high_mstar
3638,15512,548,75069074178048.0,13.875461059774146,high_mstar
3639,15513,629,56552216068096.0,13.752449627958,high_mstar
3641,15520,1141,34958068416512.0,13.543547427989097,high_mstar
3643,15527,15958,3022749171712.0,12.480402110836131,high_mstar
3671,15616,566,76039434797056.0,13.881038880084096,high_mstar
3676,15632,65,227894857039872.0,14.357734524458976,high_mstar
3691,15679,48,324151516594176.0,14.510748057859148,high_mstar
3697,15697,68,276792942264320.0,14.442155012176563,high_mstar
3732,15818,2565,18356220461056.0,13.26378326499806,high_mstar
3758,15904,51,316146536415232.0,14.499888428205248,high_mstar
3759,15905,80,193627108147200.0,14.286966159246084,high_mstar
3774,15951,13403,3122853576704.0,12.494551621655669,high_mstar
3805,16060,231,121593208504320.0,14.084909318427938,high_mstar
3829,16138,661,46589586440192.0,13.668288855381904,high_mstar
3843,16181,19,467371865145344.0,14.669662565180955,high_mstar
3845,16184,411,84143316664320.0,13.92501962653793,high_mstar
3851,16202,2471,16862411751424.0,13.22691968982778,high_mstar
3853,16210,419,79921825185792.0,13.902665393374416,high_mstar
3871,16267,3576,11290149912576.0,13.052699708600988,high_mstar
3876,16284,185,136576881393664.0,14.135377191784158,high_mstar
3895,16335,756,52550246072320.0,13.720574754000808,high_mstar
3900,16345,3316,11556373921792.0,13.062821585572964,high_mstar
3911,16376,26458,1973808922624.0,12.295305107874364,high_mstar
3943,16497,16976,2812222636032.0,12.44904969962401,high_mstar
3946,16505,2015,16880846766080.0,13.22739422763398,high_mstar
3961,16542,3616,10545465917440.0,13.023065772402026,high_mstar
3971,16578,24511,1704694644736.0,12.231646596828348,high_mstar
3994,16663,107,187167024349184.0,14.272229335830058,high_mstar
4004,16694,561,55063552720896.0,13.740864228802764,high_mstar
4030,16775,38749,1475512631296.0,12.168942931679876,high_mstar
4048,16844,34769,1472379486208.0,12.168019758048787,high_mstar
4064,16891,5613,6753719681024.0,12.82954303090542,high_mstar
4074,16917,109,188158054498304.0,14.274522813935697,high_mstar
4078,16926,1544,25792408977408.0,13.41149190657131,high_mstar
4086,16944,206,115317153988608.0,14.061893915520756,high_mstar
4107,17012,1064,36202195451904.0,13.5587349087579,high_mstar
4110,17019,4624,10488586960896.0,13.020716983291615,high_mstar
4132,17106,1362,30152434122752.0,13.479322377285753,high_mstar
4133,17109,4014,10278041288704.0,13.011910357990164,high_mstar
4145,17145,13811,3692010405888.0,12.5672629164095,high_mstar
4151,17163,3052,13114507526144.0,13.117751986676746,high_mstar
4159,17190,138,156064733462528.0,14.193304774984238,high_mstar
4161,17193,807,30569505226752.0,13.4852884096443,high_mstar
4166,17205,266,86725086937088.0,13.938144743870438,high_mstar
4208,17351,4161,11766052421632.0,13.070630778980442,high_mstar
4215,17378,312,90020350263296.0,13.954340698417177,high_mstar
4232,17422,123,71453248585728.0,13.85402197855433,high_mstar
4261,17518,1581,19824688234496.0,13.2972063662745,high_mstar
4285,17605,84,158344471904256.0,14.19960290595621,high_mstar
4316,17698,924,34439413366784.0,13.537055745170164,high_mstar
4320,17705,893,22396308291584.0,13.350176437051749,high_mstar
4323,17713,120,203439883681792.0,14.308436098856747,high_mstar
4367,17837,132,179053478805504.0,14.252982763277869,high_mstar
4374,17851,375,94402114486272.0,13.974981722046326,high_mstar
4392,17900,587,54796576882688.0,13.738753429152371,high_mstar
4393,17901,1015,42936641257472.0,13.632828068502706,high_mstar
4409,17951,70,258570536878080.0,14.412579037171405,high_mstar
4483,18203,10010,4910918664192.0,12.691162741302218,high_mstar
4513,18294,2179,18455172481024.0,13.266118108442916,high_mstar
4553,18429,30,389327343321088.0,14.590314906252068,high_mstar
4574,18498,20,431286791438336.0,14.63476615767462,high_mstar
4643,18708,1894,22135596646400.0,13.345091232515315,high_mstar
4704,18890,3729,12606683217920.0,13.100600839972854,high_mstar
4837,19337,455,74523831435264.0,13.872295174839584,high_mstar
4879,19459,147,187930807107584.0,14.273997978930446,high_mstar
4887,19485,5309,7714777858048.0,12.887323425355367,high_mstar
5033,19924,221,122974577360896.0,14.089815338650387,high_mstar
5066,20027,3203,7535037251584.0,12.877085403713345,high_mstar
5144,20246,137,173721042026496.0,14.23985242571552,high_mstar
5217,20482,7239,6937303318528.0,12.84119068349811,high_mstar
5370,20963,1974,20866920349696.0,13.319458358321604,high_mstar
5373,20973,225,128242103091200.0,14.108030631565471,high_mstar
5387,21015,4742,9392790437888.0,12.972794632920616,high_mstar
5424,21117,268,101358334115840.0,14.00585946404741,high_mstar
5600,21617,4177,9198640300032.0,12.9637236367114,high_mstar
5714,21960,1412,26058009083904.0,13.415941231142323,high_mstar
6059,23000,271,98774273753088.0,13.99464384517519,high_mstar
6092,23113,25,219906721185792.0,14.342238503254803,high_mstar
6171,23351,64,279798244966400.0,14.446844986053598,high_mstar
6808,25218,1203,37577016999936.0,13.574922301259804,high_mstar
7013,25787,75,134628685905920.0,14.129137606717835,high_mstar
36,494,1,1307340129173504.0,15.116388592175756,high_sfr
40,537,128,167641163497472.0,14.224380666351609,high_sfr
65,747,8,398251614273536.0,14.600157544846471,high_sfr
80,867,473,81075552387072.0,13.90888991630696,high_sfr
101,1003,35,381228075188224.0,14.581184876358591,high_sfr
102,1017,56,296168328265728.0,14.47153861395946,high_sfr
108,1065,191,156477503307776.0,14.194451908070404,high_sfr
111,1086,21,382146090893312.0,14.582229421392803,high_sfr
118,1134,312,90020350263296.0,13.954340698417177,high_sfr
124,1169,675,57136910434304.0,13.756916753064406,high_sfr
129,1205,130,164261326225408.0,14.215535324944792,high_sfr
130,1218,981,40483397042176.0,13.607276947872544,high_sfr
135,1251,56,296168328265728.0,14.47153861395946,high_sfr
139,1280,19,467371865145344.0,14.669662565180955,high_sfr
140,1288,1381,34546263261184.0,13.53840107825686,high_sfr
141,1301,106,201667337256960.0,14.304635564064275,high_sfr
146,1336,455,74523831435264.0,13.872295174839584,high_sfr
147,1344,35,381228075188224.0,14.581184876358591,high_sfr
152,1377,147,187930807107584.0,14.273997978930446,high_sfr
155,1396,192,129208068079616.0,14.111289632955176,high_sfr
157,1411,160,171195450261504.0,14.233492218562052,high_sfr
160,1425,77,230889556541440.0,14.363404289612728,high_sfr
163,1441,54,314248664186880.0,14.497273440256166,high_sfr
169,1477,332,99754541318144.0,13.998932676033132,high_sfr
179,1534,132,179053478805504.0,14.252982763277869,high_sfr
192,1617,70,258570536878080.0,14.412579037171405,high_sfr
193,1626,2,1033314370584576.0,15.014232469282954,high_sfr
215,1780,313,106644214120448.0,14.027937298194024,high_sfr
217,1798,60,290497797029888.0,14.463142843296431,high_sfr
228,1852,2553,10643940835328.0,13.027102451846844,high_sfr
229,1860,214,138947200024576.0,14.142849799575943,high_sfr
235,1896,7810,6039436525568.0,12.780996421195312,high_sfr
241,1920,2,1033314370584576.0,15.014232469282954,high_sfr
243,1940,83,128114512363520.0,14.10759832788998,high_sfr
245,1951,4651,10005938962432.0,13.000257849300956,high_sfr
246,1965,8,398251614273536.0,14.600157544846471,high_sfr
254,2011,197,138800206446592.0,14.1423901120738,high_sfr
258,2033,4,841819696922624.0,14.925219083166256,high_sfr
267,2079,360,96995049996288.0,13.986749571233757,high_sfr
268,2087,337,96431452979200.0,13.984218710535105,high_sfr
269,2097,14,437283203317760.0,14.640762795784122,high_sfr
277,2137,67,278848855867392.0,14.445368866896445,high_sfr
284,2165,414,81897241706496.0,13.91326927499826,high_sfr
287,2186,943,38863686860800.0,13.589543998202757,high_sfr
288,2192,109,188158054498304.0,14.274522813935697,high_sfr
289,2201,323,98153567092736.0,13.991906087334309,high_sfr
290,2208,139,146933045788672.0,14.16711948122038,high_sfr
294,2230,230,134836362674176.0,14.129807028543086,high_sfr
302,2293,323,98153567092736.0,13.991906087334309,high_sfr
305,2310,1145,31172694376448.0,13.493774341649688,high_sfr
309,2332,47,183143579516928.0,14.262791698161662,high_sfr
312,2353,201,151025663082496.0,14.179050751188042,high_sfr
313,2359,48,324151516594176.0,14.510748057859148,high_sfr
314,2366,467,73059776069632.0,13.863678336752544,high_sfr
315,2376,1251,31752647081984.0,13.501779936405264,high_sfr
317,2388,1451,25961900802048.0,13.414336486187658,high_sfr
319,2395,330,62948298981376.0,13.798983998892124,high_sfr
321,2412,25,219906721185792.0,14.342238503254803,high_sfr
322,2419,464,80022396207104.0,13.90321155184105,high_sfr
323,2426,191,156477503307776.0,14.194451908070404,high_sfr
325,2445,1121,34540905037824.0,13.538333712727198,high_sfr
326,2451,1093,21094633308160.0,13.3241719803637,high_sfr
328,2459,590,67743256674304.0,13.830866070987122,high_sfr
329,2469,605,61406233755648.0,13.788212461503669,high_sfr
332,2478,2,1033314370584576.0,15.014232469282954,high_sfr
336,2500,53,184230525009920.0,14.265361589731892,high_sfr
337,2509,2323,20626481872896.0,13.314425159457262,high_sfr
346,2562,110,164342309847040.0,14.215749386731398,high_sfr
347,2570,101,121944716345344.0,14.086162987825046,high_sfr
348,2575,600,63358732599296.0,13.801806481229209,high_sfr
352,2604,2071,20833110065152.0,13.318754108320794,high_sfr
354,2612,79,253893451710464.0,14.404651499917891,high_sfr
358,2641,51,316146536415232.0,14.499888428205248,high_sfr
366,2688,0,1535789976518656.0,15.186331828797393,high_sfr
367,2696,43,343380722712576.0,14.53577591035154,high_sfr
370,2713,541,71958049849344.0,13.857079384924416,high_sfr
373,2737,440,72182579331072.0,13.858432396831793,high_sfr
374,2744,30,389327343321088.0,14.590314906252068,high_sfr
375,2752,2889,14872389615616.0,13.172380754231275,high_sfr
376,2757,17,416661488271360.0,14.619783360778436,high_sfr
389,2828,5605,8357128175616.0,12.922057063114387,high_sfr
391,2834,243,117173376778240.0,14.068828945882146,high_sfr
392,2841,9603,5296648355840.0,12.7240011411086,high_sfr
402,2899,8,398251614273536.0,14.600157544846471,high_sfr
405,2922,304,64784951148544.0,13.811474135621111,high_sfr
406,2931,474,66994992840704.0,13.8260423450454,high_sfr
409,2948,57,301115828600832.0,14.478733585447388,high_sfr
413,2969,534,63930919550976.0,13.80571095115751,high_sfr
414,2974,397,89933930823680.0,13.953923575930144,high_sfr
415,2979,2958,16279280812032.0,13.21163521466466,high_sfr
416,2986,135,163210233643008.0,14.21274738649718,high_sfr
417,2991,1211,21409839448064.0,13.330613410541458,high_sfr
418,2994,217,144810090430464.0,14.160798824745036,high_sfr
422,3018,39,334133456797696.0,14.523919963740935,high_sfr
424,3024,54,314248664186880.0,14.497273440256166,high_sfr
426,3035,340,114998093283328.0,14.060690639628444,high_sfr
428,3045,16,379204239622144.0,14.578873184241475,high_sfr
429,3051,3861,11366758875136.0,13.055636647334447,high_sfr
431,3064,1085,41799745798144.0,13.62117364065544,high_sfr
432,3069,350,93156901126144.0,13.96921503325251,high_sfr
434,3082,4378,10484561477632.0,13.020550270583207,high_sfr
444,3147,80,193627108147200.0,14.286966159246084,high_sfr
446,3153,2,1033314370584576.0,15.014232469282954,high_sfr
447,3156,58,279208861368320.0,14.445929197555325,high_sfr
448,3162,39,334133456797696.0,14.523919963740935,high_sfr
449,3168,732,56478928994304.0,13.751886452628131,high_sfr
451,3184,1802,17505071398912.0,13.243163886485814,high_sfr
452,3190,6241,8060378021888.0,12.906355410163677,high_sfr
459,3228,769,60123984691200.0,13.779047755548502,high_sfr
460,3231,20,431286791438336.0,14.63476615767462,high_sfr
465,3264,58,279208861368320.0,14.445929197555325,high_sfr
473,3304,20,431286791438336.0,14.63476615767462,high_sfr
476,3321,473,81075552387072.0,13.90888991630696,high_sfr
482,3350,421,50628604723200.0,13.704395958803694,high_sfr
483,3355,577,63530560651264.0,13.802982687960412,high_sfr
485,3364,2275,10886938886144.0,13.036905785014008,high_sfr
489,3390,3486,12300929990656.0,13.08993794676802,high_sfr
492,3406,232,138538993582080.0,14.141572028375624,high_sfr
497,3432,27,456104488206336.0,14.659064345851233,high_sfr
504,3489,58,279208861368320.0,14.445929197555325,high_sfr
506,3504,2382,17989472616448.0,13.255018431654404,high_sfr
507,3507,221,122974577360896.0,14.089815338650387,high_sfr
508,3512,865,47775798525952.0,13.679207954597096,high_sfr
509,3516,35,381228075188224.0,14.581184876358591,high_sfr
510,3524,2079,20420856119296.0,13.310073945394976,high_sfr
511,3526,119,170198598418432.0,14.230955979358162,high_sfr
513,3533,2927,15771018199040.0,13.19785973289452,high_sfr
516,3545,457,66661625364480.0,13.823875898556722,high_sfr
518,3560,1042,39596536627200.0,13.597657201342832,high_sfr
520,3572,11,547336941993984.0,14.738254761430827,high_sfr
522,3582,1,1307340129173504.0,15.116388592175756,high_sfr
524,3590,806,45201494114304.0,13.655152790450169,high_sfr
529,3621,132,179053478805504.0,14.252982763277869,high_sfr
532,3628,12770,3957052932096.0,12.597371859708398,high_sfr
537,3655,24,367364893835264.0,14.565097651855222,high_sfr
538,3660,1986,21508319608832.0,13.332606481372164,high_sfr
541,3669,2072,20792584699904.0,13.317908479284966,high_sfr
544,3685,4,841819696922624.0,14.925219083166256,high_sfr
545,3693,108,199525524307968.0,14.299998460709714,high_sfr
549,3716,520,58895720513536.0,13.77008373918645,high_sfr
550,3722,47,183143579516928.0,14.262791698161662,high_sfr
551,3728,2036,21378533163008.0,13.329977903816378,high_sfr
552,3734,91,164138567335936.0,14.21521063841577,high_sfr
555,3750,71,276122960920576.0,14.441102521766004,high_sfr
557,3757,100,179395750789120.0,14.253812152026397,high_sfr
560,3771,10,635853466501120.0,14.803357043286407,high_sfr
561,3775,252,118042587561984.0,14.0720387209192,high_sfr
564,3786,174,128181143076864.0,14.107824140159272,high_sfr
568,3809,857,45056484442112.0,13.653757302635166,high_sfr
573,3825,7,581220677189632.0,14.764341056124303,high_sfr
578,3842,280,87607643996160.0,13.94254200115118,high_sfr
581,3866,2051,17799982350336.0,13.250419571682182,high_sfr
582,3870,3,899670222045184.0,14.95408334611498,high_sfr
583,3875,264,60795924774912.0,13.783874468958846,high_sfr
587,3890,46,176415714574336.0,14.246537268148105,high_sfr
591,3910,1568,29379719593984.0,13.4680476464792,high_sfr
592,3913,2458,17073396776960.0,13.23231993322566,high_sfr
594,3918,1831,21163868684288.0,13.325595058196155,high_sfr
596,3928,0,1535789976518656.0,15.186331828797393,high_sfr
600,3944,5,733527398154240.0,14.865416339917514,high_sfr
601,3950,315,87792570859520.0,13.943457766803316,high_sfr
603,3960,1310,31058701582336.0,13.492183295970344,high_sfr
613,4014,1417,29106238390272.0,13.46398608204797,high_sfr
617,4036,144,177805841137664.0,14.24994602396933,high_sfr
618,4040,289,82948426563584.0,13.918808152370818,high_sfr
621,4054,1132,35268874731520.0,13.547391603537989,high_sfr
622,4058,797,34029176881152.0,13.531851444238418,high_sfr
623,4066,1,1307340129173504.0,15.116388592175756,high_sfr
624,4073,16,379204239622144.0,14.578873184241475,high_sfr
633,4126,824,22897445830656.0,13.359787040264878,high_sfr
635,4136,360,96995049996288.0,13.986749571233757,high_sfr
637,4145,4522,7754560307200.0,12.889557177833648,high_sfr
639,4160,221,122974577360896.0,14.089815338650387,high_sfr
640,4162,225,128242103091200.0,14.108030631565471,high_sfr
641,4166,1504,27701498871808.0,13.442503268492034,high_sfr
642,4170,2,1033314370584576.0,15.014232469282954,high_sfr
644,4185,2030,23906933014528.0,13.37852386468535,high_sfr
645,4188,680,52192434192384.0,13.717607552300327,high_sfr
647,4199,115,127064946507776.0,14.104025757966165,high_sfr
649,4209,917,44073725460480.0,13.64417976207212,high_sfr
651,4218,0,1535789976518656.0,15.186331828797393,high_sfr
652,4223,11477,4250421952512.0,12.628432045944736,high_sfr
653,4227,35,381228075188224.0,14.581184876358591,high_sfr
656,4240,46,176415714574336.0,14.246537268148105,high_sfr
657,4244,25,219906721185792.0,14.342238503254803,high_sfr
659,4257,2,1033314370584576.0,15.014232469282954,high_sfr
662,4274,351,97704793341952.0,13.989915870483305,high_sfr
666,4304,1494,15812613111808.0,13.199003645154413,high_sfr
668,4308,262,116867452633088.0,14.067693577800224,high_sfr
670,4321,2514,9527186423808.0,12.9789646633848,high_sfr
671,4325,353,86192754262016.0,13.93547075867522,high_sfr
674,4338,0,1535789976518656.0,15.186331828797393,high_sfr
675,4343,5619,6668961185792.0,12.824058189776515,high_sfr
676,4346,311,85799353712640.0,13.933484016518973,high_sfr
679,4362,340,114998093283328.0,14.060690639628444,high_sfr
681,4367,217,144810090430464.0,14.160798824745036,high_sfr
683,4380,45,305942902079488.0,14.485640381953424,high_sfr
684,4384,1036,26848679428096.0,13.42892292946965,high_sfr
688,4398,9639,4770714615808.0,12.67858343783606,high_sfr
689,4401,677,50944049938432.0,13.707093467443425,high_sfr
691,4407,3809,12658882379776.0,13.10239536462906,high_sfr
692,4410,3402,12136801632256.0,13.084104253751615,high_sfr
693,4416,90,239398222299136.0,14.37912092113914,high_sfr
696,4434,30,389327343321088.0,14.590314906252068,high_sfr
697,4437,3,899670222045184.0,14.95408334611498,high_sfr
699,4454,1066,40706693398528.0,13.60966582610585,high_sfr
700,4459,660,56467705036800.0,13.751800137478204,high_sfr
701,4464,41,357260815499264.0,14.552985385232216,high_sfr
702,4468,378,51961936216064.0,13.71568532547038,high_sfr
703,4471,46,176415714574336.0,14.246537268148105,high_sfr
704,4475,190,106295365468160.0,14.026514329476427,high_sfr
705,4483,554,70259662913536.0,13.84670606183599,high_sfr
710,4512,318,58181103386624.0,13.764781953249615,high_sfr
718,4558,6246,6339519053824.0,12.802056311479028,high_sfr
721,4571,12572,3089179869184.0,12.489843196070908,high_sfr
722,4575,375,94402114486272.0,13.974981722046326,high_sfr
723,4579,644,58801696800768.0,13.769389858398895,high_sfr
724,4583,83,128114512363520.0,14.10759832788998,high_sfr
725,4586,68,276792942264320.0,14.442155012176563,high_sfr
728,4598,490,70984920989696.0,13.851166103275734,high_sfr
730,4604,139,146933045788672.0,14.16711948122038,high_sfr
732,4612,118,192892568076288.0,14.28531549511078,high_sfr
745,4689,86,192014666694656.0,14.283334402772732,high_sfr
748,4700,2180,21220162535424.0,13.326748706048235,high_sfr
749,4702,0,1535789976518656.0,15.186331828797393,high_sfr
750,4705,1280,29936356163584.0,13.476198937144144,high_sfr
752,4718,3988,11500716556288.0,13.060724900070744,high_sfr
753,4722,133,198890708008960.0,14.29861449375943,high_sfr
754,4725,250,78968426332160.0,13.897453483561131,high_sfr
757,4738,255,107881324085248.0,14.032946268142254,high_sfr
758,4743,308,100990426546176.0,14.004280206503156,high_sfr
759,4746,2184,19356259975168.0,13.286821446512771,high_sfr
760,4750,594,68042126000128.0,13.832777874836172,high_sfr
762,4758,603,62055935639552.0,13.7927833280139,high_sfr
764,4767,447,82554036158464.0,13.91673831125718,high_sfr
765,4774,23,392225506721792.0,14.593535832749234,high_sfr
766,4777,225,128242103091200.0,14.108030631565471,high_sfr
770,4802,12440,4164171333632.0,12.61952859012768,high_sfr
771,4804,335,52758300327936.0,13.722290795780912,high_sfr
773,4811,17,416661488271360.0,14.619783360778436,high_sfr
774,4815,51,316146536415232.0,14.499888428205248,high_sfr
775,4820,5336,9389218988032.0,12.972629468379552,high_sfr
776,4826,635,56298792026112.0,13.750499076520583,high_sfr
777,4829,14340,3610367754240.0,12.557551441657068,high_sfr
779,4840,1853,25921962639360.0,13.41366788034576,high_sfr
785,4878,4,841819696922624.0,14.925219083166256,high_sfr
787,4883,901,44662182117376.0,13.649939938134969,high_sfr
788,4886,21,382146090893312.0,14.582229421392803,high_sfr
789,4888,26,278377265102848.0,14.444633763828053,high_sfr
791,4903,1859,25785274466304.0,13.411371758529892,high_sfr
792,4908,2138,19700627013632.0,13.294480048711188,high_sfr
793,4912,58,279208861368320.0,14.445929197555325,high_sfr
795,4922,175,148736479068160.0,14.172417496531809,high_sfr
797,4936,575,73962927161344.0,13.86901409049232,high_sfr
802,4965,399,61582495186944.0,13.789457281578663,high_sfr
805,4983,346,41210869710848.0,13.615011779936784,high_sfr
806,4987,2177,21089774206976.0,13.324071930086127,high_sfr
807,4993,298,100322039037952.0,14.00139635057926,high_sfr
808,4996,4,841819696922624.0,14.925219083166256,high_sfr
809,4999,78,260628933509120.0,14.416022626901675,high_sfr
810,5002,68,276792942264320.0,14.442155012176563,high_sfr
814,5016,2126,18991305195520.0,13.278554813064211,high_sfr
816,5023,1,1307340129173504.0,15.116388592175756,high_sfr
817,5029,59,213580418908160.0,14.329561433984113,high_sfr
818,5034,426,84509076750336.0,13.926903357125804,high_sfr
819,5038,1055,37720340561920.0,13.576575605154764,high_sfr
820,5041,1066,40706693398528.0,13.60966582610585,high_sfr
821,5042,0,1535789976518656.0,15.186331828797393,high_sfr
822,5046,2954,13334193635328.0,13.124966757534995,high_sfr
826,5067,2145,13190578569216.0,13.120263845122349,high_sfr
829,5086,191,156477503307776.0,14.194451908070404,high_sfr
832,5105,71,276122960920576.0,14.441102521766004,high_sfr
833,5111,6374,7734688219136.0,12.888442812225716,high_sfr
837,5128,3498,11669949382656.0,13.067068972336642,high_sfr
839,5143,275,100861292314624.0,14.003724528383044,high_sfr
840,5149,6082,6346453286912.0,12.802531087772934,high_sfr
843,5165,81,272367582445568.0,14.43515541600576,high_sfr
848,5191,71,276122960920576.0,14.441102521766004,high_sfr
849,5196,8522,5819681734656.0,12.764899234707944,high_sfr
851,5201,1437,13160667938816.0,13.119277931434524,high_sfr
853,5217,7285,6757963792384.0,12.829815860595144,high_sfr
855,5222,601,72005806194688.0,13.857367517218025,high_sfr
856,5226,293,100814081228800.0,14.003521196522817,high_sfr
861,5257,11680,3938927247360.0,12.59537795939206,high_sfr
862,5259,95,183994033373184.0,14.264803739775209,high_sfr
863,5264,5,733527398154240.0,14.865416339917514,high_sfr
865,5276,5982,7385485672448.0,12.868379059963306,high_sfr
866,5281,6000,8199570194432.0,12.913791088105835,high_sfr
867,5285,207,96327551680512.0,13.983750522134436,high_sfr
869,5300,8,398251614273536.0,14.600157544846471,high_sfr
870,5302,89,103673405374464.0,14.015667364099745,high_sfr
871,5305,285,131206410665984.0,14.117955054924138,high_sfr
872,5309,37,197666877210624.0,14.2959339012316,high_sfr
874,5317,633,54819410673664.0,13.738934362422896,high_sfr
879,5345,223,131011845292032.0,14.117310563689344,high_sfr
880,5346,13,553877338324992.0,14.743413596521044,high_sfr
882,5354,211,129321414950912.0,14.111670447733609,high_sfr
883,5360,99,137743803875328.0,14.139072072109837,high_sfr
885,5375,944,41599903989760.0,13.619092328300647,high_sfr
886,5378,5,733527398154240.0,14.865416339917514,high_sfr
887,5385,630,73435887697920.0,13.865908349019634,high_sfr
888,5386,68,276792942264320.0,14.442155012176563,high_sfr
890,5398,43,343380722712576.0,14.53577591035154,high_sfr
891,5401,174,128181143076864.0,14.107824140159272,high_sfr
894,5412,35,381228075188224.0,14.581184876358591,high_sfr
896,5427,618,61449854517248.0,13.78852085902994,high_sfr
900,5443,239,113186665660416.0,14.053795266329251,high_sfr
901,5445,18,407155215695872.0,14.609760002516866,high_sfr
902,5447,0,1535789976518656.0,15.186331828797393,high_sfr
904,5454,48,324151516594176.0,14.510748057859148,high_sfr
906,5461,88,223381030961152.0,14.349046290987864,high_sfr
907,5466,1586,27962835468288.0,13.44658120733812,high_sfr
908,5471,248,105788097953792.0,14.02443680868444,high_sfr
910,5484,6035,7341642612736.0,12.865793239457751,high_sfr
911,5489,2264,19677424123904.0,13.293968246433106,high_sfr
912,5492,13,553877338324992.0,14.743413596521044,high_sfr
913,5494,3430,13386115973120.0,13.126654583275272,high_sfr
916,5507,2099,21272591335424.0,13.32782039700789,high_sfr
918,5514,1664,24091436253184.0,13.381862691996636,high_sfr
919,5517,73,205733010341888.0,14.313303980849447,high_sfr
920,5519,277,111711847710720.0,14.048099235089907,high_sfr
921,5522,0,1535789976518656.0,15.186331828797393,high_sfr
922,5523,0,1535789976518656.0,15.186331828797393,high_sfr
924,5530,29,212362409803776.0,14.327077644897338,high_sfr
925,5534,1019,40530692014080.0,13.607784018874453,high_sfr
926,5538,457,66661625364480.0,13.823875898556722,high_sfr
929,5555,1436,17782032826368.0,13.249981407635843,high_sfr
930,5558,421,50628604723200.0,13.704395958803694,high_sfr
931,5562,13,553877338324992.0,14.743413596521044,high_sfr
933,5573,285,131206410665984.0,14.117955054924138,high_sfr
934,5574,1922,22694770769920.0,13.355925800479987,high_sfr
936,5584,109,188158054498304.0,14.274522813935697,high_sfr
938,5591,346,41210869710848.0,13.615011779936784,high_sfr
939,5594,4505,10473940451328.0,13.020110100429209,high_sfr
940,5599,90,239398222299136.0,14.37912092113914,high_sfr
941,5600,484,65879643521024.0,13.818751240508782,high_sfr
943,5610,140,160620351586304.0,14.20580057221075,high_sfr
944,5613,340,114998093283328.0,14.060690639628444,high_sfr
945,5615,912,46594971926528.0,13.668339054407186,high_sfr
947,5626,126,188105843802112.0,14.274402287796992,high_sfr
954,5664,185,136576881393664.0,14.135377191784158,high_sfr
955,5672,226,114129838800896.0,14.057399203860903,high_sfr
957,5680,1950,25195477729280.0,13.401322597390068,high_sfr
958,5681,581,40077640073216.0,13.602902140669704,high_sfr
959,5682,1694,28702209474560.0,13.457915329684347,high_sfr
961,5695,110,164342309847040.0,14.215749386731398,high_sfr
962,5699,3430,13386115973120.0,13.126654583275272,high_sfr
964,5708,1327,26937300877312.0,13.43035407717704,high_sfr
965,5710,18214,2659910942720.0,12.424867096130033,high_sfr
966,5714,391,45155579068416.0,13.654711415977104,high_sfr
967,5717,54,314248664186880.0,14.497273440256166,high_sfr
968,5720,408,82125034356736.0,13.914475564253532,high_sfr
969,5722,11962,3642075381760.0,12.561348930350611,high_sfr
971,5734,339,30564960698368.0,13.485223841693184,high_sfr
972,5737,82,135533791543296.0,14.132047587839036,high_sfr
976,5761,67,278848855867392.0,14.445368866896445,high_sfr
977,5765,21,382146090893312.0,14.582229421392803,high_sfr
978,5769,9123,5047437492224.0,12.703070949319434,high_sfr
979,5771,584,73260012142592.0,13.86486698631133,high_sfr
982,5784,426,84509076750336.0,13.926903357125804,high_sfr
984,5796,58,279208861368320.0,14.445929197555325,high_sfr
985,5799,29099,1890710323200.0,12.276624995438052,high_sfr
989,5824,20523,2535116767232.0,12.403997967691692,high_sfr
990,5826,11,547336941993984.0,14.738254761430827,high_sfr
992,5831,91,164138567335936.0,14.21521063841577,high_sfr
995,5856,175,148736479068160.0,14.172417496531809,high_sfr
996,5862,44,332506201063424.0,14.521799749075257,high_sfr
997,5867,355,98771396460544.0,13.994631194001684,high_sfr
998,5871,83,128114512363520.0,14.10759832788998,high_sfr
1002,5890,1319,25120647151616.0,13.400030823391411,high_sfr
1004,5898,1216,30019755704320.0,13.477407153706803,high_sfr
1005,5901,29515,1768240185344.0,12.24754125620011,high_sfr
1007,5909,263,103605214380032.0,14.015381613705411,high_sfr
1009,5918,5472,7156217151488.0,12.854683510523357,high_sfr
1010,5922,133,198890708008960.0,14.29861449375943,high_sfr
1011,5924,6544,4555336581120.0,12.658520471303037,high_sfr
1013,5931,273,80389464915968.0,13.90519913794437,high_sfr
1014,5934,114,179024269672448.0,14.252911910702474,high_sfr
1015,5937,52,275655178584064.0,14.440366155746386,high_sfr
1016,5939,62,174374598475776.0,14.241483220589254,high_sfr
1019,5961,91,164138567335936.0,14.21521063841577,high_sfr
1022,5976,207,96327551680512.0,13.983750522134436,high_sfr
1026,6005,977,25847698292736.0,13.412421875736738,high_sfr
1028,6012,3479,13545981870080.0,13.131810490011707,high_sfr
1030,6021,80,193627108147200.0,14.286966159246084,high_sfr
1034,6042,470,47733666742272.0,13.678824796712158,high_sfr
1039,6062,13,553877338324992.0,14.743413596521044,high_sfr
1040,6064,4192,11434509467648.0,13.058217538416914,high_sfr
1042,6075,3047,11065621479424.0,13.043975810265533,high_sfr
1043,6077,3,899670222045184.0,14.95408334611498,high_sfr
1044,6078,1249,29251824779264.0,13.466152963301823,high_sfr
1045,6081,449,65302595371008.0,13.814930442115935,high_sfr
1049,6099,1791,16921507397632.0,13.228439048142356,high_sfr
1051,6106,93,235066697449472.0,14.371191105780005,high_sfr
1052,6109,149,134479007973376.0,14.128654496733631,high_sfr
1053,6110,16800,2453734424576.0,12.389827555871571,high_sfr
1054,6111,769,60123984691200.0,13.779047755548502,high_sfr
1055,6112,188,164069612978176.0,14.215028153643514,high_sfr
1056,6116,357,94136631820288.0,13.973758655325671,high_sfr
1057,6118,446,80648580628480.0,13.9065967284436,high_sfr
1058,6120,1,1307340129173504.0,15.116388592175756,high_sfr
1059,6124,760,51850631970816.0,13.714754054066727,high_sfr
1061,6135,385,66410315251712.0,13.822235541852368,high_sfr
1062,6139,12548,3018601267200.0,12.479805750024983,high_sfr
1063,6141,494,67602269339648.0,13.82996127501182,high_sfr
1064,6144,6715,7360561020928.0,12.866910917463532,high_sfr
1065,6146,360,96995049996288.0,13.986749571233757,high_sfr
1067,6152,2524,11751160545280.0,13.070080759673443,high_sfr
1068,6154,329,98934898819072.0,13.995349513953755,high_sfr
1069,6158,3431,12198816514048.0,13.086317699006726,high_sfr
1071,6167,308,100990426546176.0,14.004280206503156,high_sfr
1074,6179,325,43680027115520.0,13.64028289929643,high_sfr
1075,6180,422,87033871597568.0,13.939688303022058,high_sfr
1076,6184,6,459285179924480.0,14.662082431960792,high_sfr
1077,6187,3340,10130463653888.0,13.005629322726223,high_sfr
1078,6188,158,176244922515456.0,14.2461166141441,high_sfr
1080,6197,778,53514088742912.0,13.728468134503428,high_sfr
1083,6212,735,33370952171520.0,13.52336859853185,high_sfr
1084,6216,549,50785257783296.0,13.705737661249543,high_sfr
1089,6236,150,88344214110208.0,13.946178111711578,high_sfr
1092,6253,898,48686457421824.0,13.687408175077296,high_sfr
1093,6258,68,276792942264320.0,14.442155012176563,high_sfr
1096,6270,1128,21550652719104.0,13.333460428464834,high_sfr
1098,6279,39,334133456797696.0,14.523919963740935,high_sfr
1100,6288,31,390177377746944.0,14.591262085651834,high_sfr
1104,6306,1950,25195477729280.0,13.401322597390068,high_sfr
1105,6308,283,102168363270144.0,14.009316436070272,high_sfr
1106,6310,357,94136631820288.0,13.973758655325671,high_sfr
1107,6312,14699,2921400369152.0,12.465591079807565,high_sfr
1108,6316,435,70737238949888.0,13.849648104217357,high_sfr
1111,6330,1655,25557184020480.0,13.407513000044288,high_sfr
1116,6351,624,47573284945920.0,13.677363140585983,high_sfr
1117,6352,110,164342309847040.0,14.215749386731398,high_sfr
1118,6353,82,135533791543296.0,14.132047587839036,high_sfr
1119,6354,2923,5871566323712.0,12.76875397092467,high_sfr
1120,6356,1990,21178095763456.0,13.325886907773253,high_sfr
1123,6372,14655,3206208552960.0,12.505991768315663,high_sfr
1124,6374,140,160620351586304.0,14.20580057221075,high_sfr
1127,6386,1234,37203946242048.0,13.57058900816816,high_sfr
1128,6390,1877,22764811452416.0,13.35726405765258,high_sfr
1129,6393,1,1307340129173504.0,15.116388592175756,high_sfr
1131,6402,1947,24587314135040.0,13.39071108994085,high_sfr
1132,6405,12,655181557530624.0,14.816361664125669,high_sfr
1134,6415,2877,14483978190848.0,13.160887862209494,high_sfr
1140,6454,3617,11670667657216.0,13.067095701936587,high_sfr
1144,6473,886,41322236870656.0,13.616183822873923,high_sfr
1154,6519,2317,15737217351680.0,13.196927943039157,high_sfr
1164,6578,2064,18599823540224.0,13.269508824009824,high_sfr
1167,6592,1171,30931744194560.0,13.490404409906684,high_sfr
1174,6629,6344,7270199984128.0,12.86154635732516,high_sfr
1175,6631,969,42965829419008.0,13.63312319989718,high_sfr
1177,6638,4416,11025877303296.0,13.042413155311944,high_sfr
1178,6643,1128,21550652719104.0,13.333460428464834,high_sfr
1179,6650,771,34327614193664.0,13.53564362053812,high_sfr
1181,6658,16499,3095241424896.0,12.490694529094734,high_sfr
1184,6673,72,275153237835776.0,14.439574627690288,high_sfr
1185,6677,505,44539989458944.0,13.648750109915737,high_sfr
1187,6685,5,733527398154240.0,14.865416339917514,high_sfr
1194,6721,949,27251877871616.0,13.43539643399545,high_sfr
1195,6726,413,42628699652096.0,13.629702085109423,high_sfr
1196,6727,824,22897445830656.0,13.359787040264878,high_sfr
1198,6735,1,1307340129173504.0,15.116388592175756,high_sfr
1200,6743,4,841819696922624.0,14.925219083166256,high_sfr
1203,6751,1404,31474826870784.0,13.497963349923031,high_sfr
1204,6754,145,155587975315456.0,14.191976029312148,high_sfr
1205,6758,8095,3847935229952.0,12.585227753201748,high_sfr
1207,6769,2299,21601661747200.0,13.33448716133056,high_sfr
1209,6776,46,176415714574336.0,14.246537268148105,high_sfr
1211,6785,549,50785257783296.0,13.705737661249543,high_sfr
1212,6787,75,134628685905920.0,14.129137606717835,high_sfr
1213,6792,1093,21094633308160.0,13.3241719803637,high_sfr
1216,6808,675,57136910434304.0,13.756916753064406,high_sfr
1217,6810,4358,9448625012736.0,12.97536861350094,high_sfr
1219,6820,238,67912647835648.0,13.831950663436754,high_sfr
1221,6832,86,192014666694656.0,14.283334402772732,high_sfr
1222,6834,18,407155215695872.0,14.609760002516866,high_sfr
1223,6837,5336,9389218988032.0,12.972629468379552,high_sfr
1224,6838,552,53652412694528.0,13.729589256523033,high_sfr
1227,6855,4124,10595285860352.0,13.025112678451128,high_sfr
1228,6857,773,31473314824192.0,13.497942485971413,high_sfr
1232,6884,716,60128938164224.0,13.77908353457076,high_sfr
1237,6908,254,110979648061440.0,14.04524334324606,high_sfr
1238,6912,568,62956708560896.0,13.799042014598683,high_sfr
1239,6916,640,60992931233792.0,13.785279505436252,high_sfr
1240,6919,757,51282584797184.0,13.709969906816204,high_sfr
1242,6929,130,164261326225408.0,14.215535324944792,high_sfr
1243,6931,53,184230525009920.0,14.265361589731892,high_sfr
1244,6934,354,97267235160064.0,13.987966571146448,high_sfr
1246,6944,181,117365014528000.0,14.069538656862113,high_sfr
1247,6945,20,431286791438336.0,14.63476615767462,high_sfr
1250,6960,100,179395750789120.0,14.253812152026397,high_sfr
1252,6969,665,41173720760320.0,13.614620114815333,high_sfr
1261,7021,69,269337868894208.0,14.43029741949233,high_sfr
1262,7022,37139,1390538784768.0,12.143183106667143,high_sfr
1263,7025,436,73994627710976.0,13.869200189458352,high_sfr
1264,7026,32,390393736724480.0,14.59150284145414,high_sfr
1265,7030,266,86725086937088.0,13.938144743870438,high_sfr
1266,7034,671,61239136878592.0,13.78702906100228,high_sfr
1271,7057,675,57136910434304.0,13.756916753064406,high_sfr
1274,7067,331,72077663010816.0,13.857800696978211,high_sfr
1275,7072,601,72005806194688.0,13.857367517218025,high_sfr
1277,7080,227,121109320040448.0,14.083177565821742,high_sfr
1278,7082,5241,7651139780608.0,12.88372613627218,high_sfr
1287,7130,1208,33857629847552.0,13.529656552705063,high_sfr
1290,7146,2190,19734210805760.0,13.295219763133012,high_sfr
1294,7162,130,164261326225408.0,14.215535324944792,high_sfr
1296,7169,56,296168328265728.0,14.47153861395946,high_sfr
1299,7184,1305,28292933484544.0,13.451677978567004,high_sfr
1301,7191,51,316146536415232.0,14.499888428205248,high_sfr
1304,7202,174,128181143076864.0,14.107824140159272,high_sfr
1310,7228,76,236042040901632.0,14.372989361044429,high_sfr
1314,7243,4684,8291951312896.0,12.9186567434215,high_sfr
1315,7246,367,99850288889856.0,13.999349325722385,high_sfr
1322,7272,426,84509076750336.0,13.926903357125804,high_sfr
1324,7282,579,68386394472448.0,13.834969707081504,high_sfr
1325,7286,2378,14510351974400.0,13.161677947150745,high_sfr
1329,7304,3339,11578425475072.0,13.063649504643534,high_sfr
1330,7307,1789,22208229408768.0,13.346513935016093,high_sfr
1331,7309,24,367364893835264.0,14.565097651855222,high_sfr
1333,7317,764,54687277514752.0,13.737886303521826,high_sfr
1336,7327,4489,7501618085888.0,12.875154950055514,high_sfr
1339,7341,424,75413711749120.0,13.877450316633473,high_sfr
1340,7343,964,38233001951232.0,13.582438398978248,high_sfr
1341,7345,1101,39715017326592.0,13.598954756356433,high_sfr
1342,7348,3352,12401555537920.0,13.093476162514262,high_sfr
1348,7377,15611,2752199262208.0,12.439679874092752,high_sfr
1350,7380,456,47788842811392.0,13.67932651437282,high_sfr
1351,7381,69,269337868894208.0,14.43029741949233,high_sfr
1353,7386,398,58272455327744.0,13.765463317606624,high_sfr
1354,7390,2152,20014851686400.0,13.301352376253927,high_sfr
1355,7392,59,213580418908160.0,14.329561433984113,high_sfr
1364,7431,2943,12896780156928.0,13.110481296762558,high_sfr
1365,7432,4113,12037731123200.0,13.080544638622044,high_sfr
1366,7434,217,144810090430464.0,14.160798824745036,high_sfr
1374,7479,938,42465805467648.0,13.628039365953748,high_sfr
1376,7488,297,98328016584704.0,13.992677278915956,high_sfr
1377,7489,57,301115828600832.0,14.478733585447388,high_sfr
1381,7505,2505,17371399979008.0,13.239834820096926,high_sfr
1383,7512,266,86725086937088.0,13.938144743870438,high_sfr
1384,7515,8611,4839035633664.0,12.684758820175718,high_sfr
1385,7517,1263,25946312671232.0,13.41407564733588,high_sfr
1387,7526,323,98153567092736.0,13.991906087334309,high_sfr
1388,7528,18,407155215695872.0,14.609760002516866,high_sfr
1389,7529,545,49718398812160.0,13.696517133681578,high_sfr
1391,7540,1711,21040728113152.0,13.323060764476605,high_sfr
1394,7551,93,235066697449472.0,14.371191105780005,high_sfr
1395,7553,85,123098057670656.0,14.090251200375905,high_sfr
1396,7554,14419,2697552723968.0,12.43096994177185,high_sfr
1400,7569,768,39426872836096.0,13.59579233213572,high_sfr
1402,7574,15,497315974479872.0,14.696632409598273,high_sfr
1404,7580,5,733527398154240.0,14.865416339917514,high_sfr
1408,7595,159,169744321740800.0,14.229795255247776,high_sfr
1409,7599,381,49719699046400.0,13.69652849119078,high_sfr
1410,7603,378,51961936216064.0,13.71568532547038,high_sfr
1411,7604,48,324151516594176.0,14.510748057859148,high_sfr
1415,7621,59,213580418908160.0,14.329561433984113,high_sfr
1416,7623,12540,3746074460160.0,12.57357640553127,high_sfr
1418,7631,156,170201618317312.0,14.23096368514303,high_sfr
1419,7633,24,367364893835264.0,14.565097651855222,high_sfr
1421,7639,18,407155215695872.0,14.609760002516866,high_sfr
1423,7646,355,98771396460544.0,13.994631194001684,high_sfr
1428,7666,1291,31427647242240.0,13.497311869787596,high_sfr
1430,7671,726,55012763893760.0,13.740463464867142,high_sfr
1431,7673,226,114129838800896.0,14.057399203860903,high_sfr
1432,7678,19,467371865145344.0,14.669662565180955,high_sfr
1433,7679,359,39266109358080.0,13.594017871781636,high_sfr
1436,7691,0,1535789976518656.0,15.186331828797393,high_sfr
1440,7711,4081,10338823045120.0,13.014471102190932,high_sfr
1442,7720,7917,5851715731456.0,12.76728322051912,high_sfr
1446,7740,412,81883476000768.0,13.913196270432948,high_sfr
1453,7777,4335,9506914304000.0,12.978039579166335,high_sfr
1455,7785,1926,13806901133312.0,13.140096215021666,high_sfr
1456,7788,2659,13939937116160.0,13.144260814639589,high_sfr
1457,7791,10,635853466501120.0,14.803357043286407,high_sfr
1458,7792,583,64927419072512.0,13.812428139591622,high_sfr
1459,7796,1644,24726915252224.0,13.393169940360549,high_sfr
1462,7806,1063,37444019814400.0,13.573382466388164,high_sfr
1465,7815,346,41210869710848.0,13.615011779936784,high_sfr
1470,7835,1269,33591172005888.0,13.526225156768438,high_sfr
1471,7837,129,112128929300480.0,14.04971767517024,high_sfr
1472,7841,4113,12037731123200.0,13.080544638622044,high_sfr
1474,7849,4714,8635374632960.0,12.93628118353613,high_sfr
1475,7850,36,374207984697344.0,14.573113050061371,high_sfr
1476,7853,10269,4083273957376.0,12.61100851883686,high_sfr
1482,7890,483,47938524938240.0,13.68068466672228,high_sfr
1492,7943,338,84481679556608.0,13.926762539362514,high_sfr
1494,7949,117,221948206383104.0,14.34625163973729,high_sfr
1495,7952,125,135592662794240.0,14.132236189573916,high_sfr
1497,7960,7593,5877479768064.0,12.769191142835975,high_sfr
1499,7971,346,41210869710848.0,13.615011779936784,high_sfr
1502,7983,90,239398222299136.0,14.37912092113914,high_sfr
1507,8013,263,103605214380032.0,14.015381613705411,high_sfr
1511,8028,133,198890708008960.0,14.29861449375943,high_sfr
1512,8031,1234,37203946242048.0,13.57058900816816,high_sfr
1515,8042,52,275655178584064.0,14.440366155746386,high_sfr
1516,8044,617,34264479432704.0,13.534844138131485,high_sfr
1517,8046,31,390177377746944.0,14.591262085651834,high_sfr
1518,8047,5636,8685391183872.0,12.938789383539724,high_sfr
1527,8084,766,46798802518016.0,13.670234740542684,high_sfr
1529,8095,1258,28357582389248.0,13.452669202541903,high_sfr
1534,8114,813,49752859213824.0,13.696818043978332,high_sfr
1538,8132,107,187167024349184.0,14.272229335830058,high_sfr
1542,8141,3960,11835522678784.0,13.073187441943965,high_sfr
1543,8143,732,56478928994304.0,13.751886452628131,high_sfr
1546,8157,2809,16447781732352.0,13.216107334118194,high_sfr
1549,8168,2343,20930908651520.0,13.32078808231744,high_sfr
1553,8188,6546,5253615321088.0,12.720458269811871,high_sfr
1555,8192,10016,4835350413312.0,12.684427952473497,high_sfr
1557,8197,5882,8081769496576.0,12.907506459594297,high_sfr
1560,8208,6,459285179924480.0,14.662082431960792,high_sfr
1562,8215,2047,20460978831360.0,13.310926406056982,high_sfr
1565,8227,316,45303621222400.0,13.656132917554787,high_sfr
1571,8253,21135,2652942893056.0,12.423727901509812,high_sfr
1572,8254,5606,7873362919424.0,12.896160270528847,high_sfr
1573,8256,123,71453248585728.0,13.85402197855433,high_sfr
1582,8303,46,176415714574336.0,14.246537268148105,high_sfr
1583,8304,615,53642568663040.0,13.729509565776777,high_sfr
1586,8316,1884,22378010640384.0,13.349821476012478,high_sfr
1587,8319,3349,14986502995968.0,13.175700304847386,high_sfr
1595,8358,714,52639110791168.0,13.72130854432644,high_sfr
1615,8447,11523,3880721842176.0,12.588912515005584,high_sfr
1616,8449,148,122913483128832.0,14.089599525907348,high_sfr
1619,8459,1041,28719477424128.0,13.458176533276308,high_sfr
1626,8488,2442,18385997922304.0,13.264487206703569,high_sfr
1627,8492,10892,3250184781824.0,12.511908052500496,high_sfr
1628,8495,137,173721042026496.0,14.23985242571552,high_sfr
1630,8498,1505,26499977576448.0,13.42324550644892,high_sfr
1634,8510,79,253893451710464.0,14.404651499917891,high_sfr
1638,8523,4010,9689474531328.0,12.986300225520065,high_sfr
1643,8545,883,48145580949504.0,13.682556431495474,high_sfr
1645,8549,68,276792942264320.0,14.442155012176563,high_sfr
1646,8550,835,38440708079616.0,13.584791378794575,high_sfr
1652,8574,5274,6556790292480.0,12.81669129373588,high_sfr
1656,8590,282,80834186969088.0,13.907595074536232,high_sfr
1659,8605,398,58272455327744.0,13.765463317606624,high_sfr
1662,8618,53,184230525009920.0,14.265361589731892,high_sfr
1664,8623,2735,16947292930048.0,13.22910033620078,high_sfr
1665,8624,1071,41625778651136.0,13.61936237049585,high_sfr
1666,8626,1230,29698849505280.0,13.47273962564091,high_sfr
1670,8638,8973,5195608621056.0,12.715636428752507,high_sfr
1671,8640,7,581220677189632.0,14.764341056124303,high_sfr
1672,8643,256,125519060271104.0,14.098709679140052,high_sfr
1675,8652,1462,28310146908160.0,13.45194212302945,high_sfr
1676,8654,102,98802778243072.0,13.994769156719933,high_sfr
1684,8683,155,178474010542080.0,14.251574982913551,high_sfr
1686,8690,802,48450024505344.0,13.685294001046907,high_sfr
1689,8702,603,62055935639552.0,13.7927833280139,high_sfr
1695,8732,739,56257197113344.0,13.75017809063523,high_sfr
1696,8734,3820,11085796081664.0,13.044766885674214,high_sfr
1698,8741,521,66945118371840.0,13.82571891381303,high_sfr
1700,8748,336,101111641931776.0,14.0048011628674,high_sfr
1703,8760,1179,36900337352704.0,13.567030336612936,high_sfr
1704,8762,424,75413711749120.0,13.877450316633473,high_sfr
1706,8766,750,54375057719296.0,13.735399730967906,high_sfr
1708,8774,77,230889556541440.0,14.363404289612728,high_sfr
1709,8776,1063,37444019814400.0,13.573382466388164,high_sfr
1712,8787,181,117365014528000.0,14.069538656862113,high_sfr
1713,8791,677,50944049938432.0,13.707093467443425,high_sfr
1720,8815,238,67912647835648.0,13.831950663436754,high_sfr
1721,8818,1441,29624721473536.0,13.471654275876388,high_sfr
1724,8832,189,142160531816448.0,14.1527790394773,high_sfr
1725,8833,15,497315974479872.0,14.696632409598273,high_sfr
1726,8836,151,177005769261056.0,14.24798742182739,high_sfr
1727,8837,90,239398222299136.0,14.37912092113914,high_sfr
1731,8851,523,70654569218048.0,13.849140252837351,high_sfr
1732,8852,64,279798244966400.0,14.446844986053598,high_sfr
1735,8866,922,37289203859456.0,13.571583111086271,high_sfr
1742,8891,1018,30255922282496.0,13.480810395942845,high_sfr
1743,8892,728,58706783895552.0,13.768688289291433,high_sfr
1744,8894,88,223381030961152.0,14.349046290987864,high_sfr
1747,8909,134,174660482236416.0,14.242194654908252,high_sfr
1749,8918,17344,2660044374016.0,12.424888881454203,high_sfr
1751,8922,1822,21864581693440.0,13.33974117296976,high_sfr
1753,8927,31,390177377746944.0,14.591262085651834,high_sfr
1755,8935,62,174374598475776.0,14.241483220589254,high_sfr
1758,8943,947,37698773450752.0,13.57632722043827,high_sfr
1759,8946,695,44723809026048.0,13.650538784336064,high_sfr
1762,8958,860,36740299489280.0,13.5651426921443,high_sfr
1763,8959,2774,13585793155072.0,13.133084998132324,high_sfr
1764,8961,3625,9301388165120.0,12.968547768711158,high_sfr
1771,8989,2,1033314370584576.0,15.014232469282954,high_sfr
1775,9006,422,87033871597568.0,13.939688303022058,high_sfr
1778,9015,2847,15279969009664.0,13.184122473418626,high_sfr
1779,9018,11165,3396438065152.0,12.531023699536796,high_sfr
1782,9024,3261,12210560565248.0,13.086735602094404,high_sfr
1784,9030,20366,2216576155648.0,12.34568265709239,high_sfr
1785,9031,1411,17374604427264.0,13.239914925664335,high_sfr
1787,9038,2602,13041033805824.0,13.115312020718626,high_sfr
1789,9046,1308,30149049319424.0,13.47927362221953,high_sfr
1790,9048,336,101111641931776.0,14.0048011628674,high_sfr
1792,9063,187,118919146766336.0,14.075251784522123,high_sfr
1800,9101,1900,21789644161024.0,13.338250137994509,high_sfr
1806,9124,2519,13883790065664.0,13.142508038158912,high_sfr
1810,9140,3433,12845508984832.0,13.10875131723798,high_sfr
1815,9163,6538,4006539427840.0,12.602769420934308,high_sfr
1820,9179,72,275153237835776.0,14.439574627690288,high_sfr
1821,9180,541,71958049849344.0,13.857079384924416,high_sfr
1823,9187,2876,14513621434368.0,13.161775790985487,high_sfr
1825,9194,61,255725188153344.0,14.40777350681889,high_sfr
1826,9197,5,733527398154240.0,14.865416339917514,high_sfr
1828,9204,5,733527398154240.0,14.865416339917514,high_sfr
1829,9206,4,841819696922624.0,14.925219083166256,high_sfr
1831,9212,184,107746024226816.0,14.032401253884174,high_sfr
1834,9226,696,55055063449600.0,13.740797267487508,high_sfr
1839,9248,611,68188641427456.0,13.833712037761885,high_sfr
1852,9300,0,1535789976518656.0,15.186331828797393,high_sfr
1856,9316,20786,2400601767936.0,12.380320121601253,high_sfr
1857,9319,3,899670222045184.0,14.95408334611498,high_sfr
1860,9332,777,51981146128384.0,13.715845850996953,high_sfr
1861,9335,887,42830399537152.0,13.631752125668369,high_sfr
1862,9337,424,75413711749120.0,13.877450316633473,high_sfr
1865,9346,153,140163564961792.0,14.146635134939482,high_sfr
1867,9353,171,183455803506688.0,14.263531454936686,high_sfr
1871,9372,183,182627713679360.0,14.261566682205684,high_sfr
1876,9392,430,67993501433856.0,13.832467406437347,high_sfr
1877,9394,5251,8621193166848.0,12.935567376024036,high_sfr
1880,9403,219,66468171481088.0,13.822613731631124,high_sfr
1888,9436,377,84586503602176.0,13.92730107369279,high_sfr
1890,9442,28,471019466784768.0,14.673038856476026,high_sfr
1899,9478,3435,14558664065024.0,13.163121524990265,high_sfr
1900,9479,184,107746024226816.0,14.032401253884174,high_sfr
1905,9499,229,144828495036416.0,14.160854017797469,high_sfr
1907,9504,115,127064946507776.0,14.104025757966165,high_sfr
1912,9524,675,57136910434304.0,13.756916753064406,high_sfr
1914,9531,10,635853466501120.0,14.803357043286407,high_sfr
1922,9567,1064,36202195451904.0,13.5587349087579,high_sfr
1926,9583,761,58473605758976.0,13.766959875313992,high_sfr
1930,9593,4836,8243479838720.0,12.916110580110976,high_sfr
1932,9598,9,641211639529472.0,14.807001397240343,high_sfr
1933,9601,456,47788842811392.0,13.67932651437282,high_sfr
1934,9604,83,128114512363520.0,14.10759832788998,high_sfr
1938,9617,1042,39596536627200.0,13.597657201342832,high_sfr
1940,9626,10,635853466501120.0,14.803357043286407,high_sfr
1944,9640,55,242969403719680.0,14.385551587868612,high_sfr
1945,9642,399,61582495186944.0,13.789457281578663,high_sfr
1946,9644,44,332506201063424.0,14.521799749075257,high_sfr
1949,9655,309,102281827581952.0,14.00979847944098,high_sfr
1952,9661,139,146933045788672.0,14.16711948122038,high_sfr
1954,9667,35980,1409661796352.0,12.149114929962987,high_sfr
1956,9673,249,113038212464640.0,14.053225281157548,high_sfr
1962,9708,2025,22568004222976.0,13.353493154413483,high_sfr
1965,9721,407,75625037561856.0,13.878665603368333,high_sfr
1967,9731,991,36802236776448.0,13.565874215144914,high_sfr
1970,9740,1216,30019755704320.0,13.477407153706803,high_sfr
1971,9741,405,77950888181760.0,13.891821067956416,high_sfr
1976,9760,8532,4950088744960.0,12.694612985014569,high_sfr
1977,9762,75,134628685905920.0,14.129137606717835,high_sfr
1982,9785,75,134628685905920.0,14.129137606717835,high_sfr
1987,9817,1048,34086227804160.0,13.53257894213579,high_sfr
1989,9820,2260,21507724017664.0,13.332594455070536,high_sfr
1990,9821,551,55684209049600.0,13.745732055229078,high_sfr
1995,9835,319,95636196163584.0,13.980622294147857,high_sfr
1999,9853,150,88344214110208.0,13.946178111711578,high_sfr
2002,9864,568,62956708560896.0,13.799042014598683,high_sfr
2005,9882,1139,35410260525056.0,13.549129122018716,high_sfr
2013,9924,2054,22546013487104.0,13.353069762462006,high_sfr
2019,9958,783,54372062986240.0,13.735375811326948,high_sfr
2022,9969,1184,34884101865472.0,13.542627546008278,high_sfr
2025,9978,1060,33746575163392.0,13.52822970418592,high_sfr
2026,9980,2150,21033320972288.0,13.322907849294582,high_sfr
2029,9987,11637,3751791558656.0,12.574238701924475,high_sfr
2032,9997,530,71088553852928.0,13.851799679510531,high_sfr
2045,10058,308,100990426546176.0,14.004280206503156,high_sfr
2055,10099,27551,1836076105728.0,12.26389067883292,high_sfr
2057,10104,722,49357130825728.0,13.693349905831289,high_sfr
2060,10116,60,290497797029888.0,14.463142843296431,high_sfr
2063,10125,458,69916229107712.0,13.844577996830647,high_sfr
2065,10128,833,25827265740800.0,13.412078431084751,high_sfr
2067,10136,1748,23363588194304.0,13.368539542777487,high_sfr
2070,10145,372,95095382605824.0,13.978159430107814,high_sfr
2075,10164,95,183994033373184.0,14.264803739775209,high_sfr
2076,10165,1884,22378010640384.0,13.349821476012478,high_sfr
2077,10168,320,107388266872832.0,14.030956833405009,high_sfr
2078,10172,1476,22847502155776.0,13.358838726976556,high_sfr
2079,10174,793,33260883148800.0,13.52193377649981,high_sfr
2087,10216,898,48686457421824.0,13.687408175077296,high_sfr
2090,10227,327,99669908652032.0,13.998564060228068,high_sfr
2093,10237,1382,25363210043392.0,13.404204218291206,high_sfr
2098,10255,18,407155215695872.0,14.609760002516866,high_sfr
2100,10261,51,316146536415232.0,14.499888428205248,high_sfr
2103,10269,1682,24637930995712.0,13.391604234544618,high_sfr
2104,10270,703,55955853148160.0,13.747845521731092,high_sfr
2118,10320,394,76312400101376.0,13.882595112765458,high_sfr
2119,10321,202,158652518367232.0,14.200446970254973,high_sfr
2122,10330,2813,12571470987264.0,13.099386097437336,high_sfr
2123,10331,2244,21134307229696.0,13.324988016477729,high_sfr
2125,10340,2529,17889549615104.0,13.252599406965516,high_sfr
2126,10342,44921,1212044410880.0,12.083518533235184,high_sfr
2127,10347,1839,20663026843648.0,13.315193939894554,high_sfr
2128,10349,606,66377327050752.0,13.822019759815856,high_sfr
2134,10369,3734,13069813022720.0,13.116269374590354,high_sfr
2137,10381,1326,32969087516672.0,13.51810692736887,high_sfr
2139,10386,3386,13819412742144.0,13.14048958802622,high_sfr
2141,10390,46,176415714574336.0,14.246537268148105,high_sfr
2143,10397,81,272367582445568.0,14.43515541600576,high_sfr
2146,10407,3024,11935994085376.0,13.0768585949234,high_sfr
2148,10412,115,127064946507776.0,14.104025757966165,high_sfr
2149,10414,6742,5023572426752.0,12.701012668029207,high_sfr
2152,10428,1848,24820431454208.0,13.394809326580646,high_sfr
2154,10435,340,114998093283328.0,14.060690639628444,high_sfr
2160,10452,254,110979648061440.0,14.04524334324606,high_sfr
2163,10460,180,142675005145088.0,14.154347896882348,high_sfr
2168,10474,7941,4906357358592.0,12.69075917721982,high_sfr
2170,10478,2,1033314370584576.0,15.014232469282954,high_sfr
2178,10506,6595,6665866838016.0,12.82385663364307,high_sfr
2183,10525,4869,8808959049728.0,12.944924591082993,high_sfr
2186,10539,2,1033314370584576.0,15.014232469282954,high_sfr
2200,10599,72,275153237835776.0,14.439574627690288,high_sfr
2201,10601,1321,24956794568704.0,13.397188804146593,high_sfr
2211,10638,1628,14546756435968.0,13.162766167273997,high_sfr
2216,10661,928,41442772779008.0,13.61744880470864,high_sfr
2222,10683,9611,4836120592384.0,12.68449712179046,high_sfr
2223,10686,33,369590794190848.0,14.56772114522689,high_sfr
2225,10692,2653,7268410589184.0,12.861439452425255,high_sfr
2226,10693,40,235068089958400.0,14.371193678484511,high_sfr
2229,10708,2600,15371288444928.0,13.186710272253814,high_sfr
2232,10719,3,899670222045184.0,14.95408334611498,high_sfr
2233,10720,240,70644460945408.0,13.849078115580904,high_sfr
2234,10723,30,389327343321088.0,14.590314906252068,high_sfr
2239,10743,52,275655178584064.0,14.440366155746386,high_sfr
2240,10745,4155,8781599604736.0,12.94357363165041,high_sfr
2253,10788,161,170170278477824.0,14.230883709566198,high_sfr
2255,10791,1203,37577016999936.0,13.574922301259804,high_sfr
2257,10795,1719,21550073905152.0,13.333448763895577,high_sfr
2260,10806,0,1535789976518656.0,15.186331828797393,high_sfr
2268,10837,1,1307340129173504.0,15.116388592175756,high_sfr
2274,10861,7077,7248274784256.0,12.860234649214012,high_sfr
2277,10874,161,170170278477824.0,14.230883709566198,high_sfr
2284,10905,1568,29379719593984.0,13.4680476464792,high_sfr
2289,10918,4567,10449785454592.0,13.019107374002738,high_sfr
2290,10919,259,112847262580736.0,14.052491028540052,high_sfr
2291,10921,9077,4486921191424.0,12.6519484416235,high_sfr
2293,10925,13,553877338324992.0,14.743413596521044,high_sfr
2294,10928,411,84143316664320.0,13.92501962653793,high_sfr
2298,10942,356,95938353823744.0,13.981992262270406,high_sfr
2300,10949,265,116946104221696.0,14.067985758909591,high_sfr
2301,10950,101,121944716345344.0,14.086162987825046,high_sfr
2307,10967,115,127064946507776.0,14.104025757966165,high_sfr
2308,10968,8939,4274898862080.0,12.630925844406846,high_sfr
2310,10976,507,68217351438336.0,13.83389485376905,high_sfr
2317,10999,1587,22334144512000.0,13.348969321892556,high_sfr
2318,11000,1393,23691681333248.0,13.37459588249741,high_sfr
2325,11021,4844,6443161878528.0,12.809099042733632,high_sfr
2326,11022,9272,4012285362176.0,12.60339181338406,high_sfr
2332,11045,1493,33249468350464.0,13.521784705449477,high_sfr
2334,11051,239,113186665660416.0,14.053795266329251,high_sfr
2336,11056,527,70330672480256.0,13.847144770023505,high_sfr
2346,11086,602,64531443220480.0,13.80977137804191,high_sfr
2347,11087,5,733527398154240.0,14.865416339917514,high_sfr
2348,11088,852,25859515744256.0,13.412620387846518,high_sfr
2350,11093,676,59100150890496.0,13.77158858969388,high_sfr
2351,11094,17,416661488271360.0,14.619783360778436,high_sfr
2358,11124,80,193627108147200.0,14.286966159246084,high_sfr
2362,11141,1944,25524835450880.0,13.406962951032986,high_sfr
2363,11143,179,150488372740096.0,14.177502946110009,high_sfr
2366,11155,2343,20930908651520.0,13.32078808231744,high_sfr
2367,11156,211,129321414950912.0,14.111670447733609,high_sfr
2368,11158,3072,5178029244416.0,12.714164498909328,high_sfr
2373,11176,771,34327614193664.0,13.53564362053812,high_sfr
2379,11200,30,389327343321088.0,14.590314906252068,high_sfr
2384,11217,4398,11067552956416.0,13.044051608683343,high_sfr
2391,11239,39750,1269997895680.0,12.103803001353342,high_sfr
2400,11264,17357,2701609402368.0,12.431622559098123,high_sfr
2401,11265,39,334133456797696.0,14.523919963740935,high_sfr
2403,11269,3382,13388370411520.0,13.126727719330631,high_sfr
2414,11298,328,86779596111872.0,13.938417624511867,high_sfr
2417,11309,341,95518411718656.0,13.980087092391258,high_sfr
2419,11315,464,80022396207104.0,13.90321155184105,high_sfr
2422,11326,175,148736479068160.0,14.172417496531809,high_sfr
2425,11336,231,121593208504320.0,14.084909318427938,high_sfr
2426,11338,176,137337300320256.0,14.137788506087608,high_sfr
2427,11340,297,98328016584704.0,13.992677278915956,high_sfr
2433,11358,3730,10941682941952.0,13.0390841260368,high_sfr
2440,11378,2884,11485962043392.0,13.060167376774276,high_sfr
2441,11379,440,72182579331072.0,13.858432396831793,high_sfr
2444,11389,1,1307340129173504.0,15.116388592175756,high_sfr
2449,11412,193,98666782130176.0,13.994170964567004,high_sfr
2452,11426,3430,13386115973120.0,13.126654583275272,high_sfr
2454,11434,1001,38597696684032.0,13.586561388939597,high_sfr
2472,11509,6334,7792403415040.0,12.891671428006932,high_sfr
2476,11526,707,54530980970496.0,13.73664331038151,high_sfr
2481,11538,479,74532631085056.0,13.872346452580745,high_sfr
2486,11559,4,841819696922624.0,14.925219083166256,high_sfr
2497,11593,56,296168328265728.0,14.47153861395946,high_sfr
2516,11673,218,121661835706368.0,14.085154365070611,high_sfr
2522,11692,126,188105843802112.0,14.274402287796992,high_sfr
2527,11708,545,49718398812160.0,13.696517133681578,high_sfr
2535,11730,6358,6303403474944.0,12.79957510679777,high_sfr
2540,11750,15,497315974479872.0,14.696632409598273,high_sfr
2541,11751,6855,6446177058816.0,12.809302230219242,high_sfr
2543,11755,7159,6128110403584.0,12.787326580912309,high_sfr
2545,11761,68,276792942264320.0,14.442155012176563,high_sfr
2546,11762,465,72803009167360.0,13.86214933038132,high_sfr
2565,11843,3275,13886980882432.0,13.142607837629642,high_sfr
2569,11858,354,97267235160064.0,13.987966571146448,high_sfr
2581,11910,758,51911076085760.0,13.715260031638698,high_sfr
2582,11911,52,275655178584064.0,14.440366155746386,high_sfr
2590,11939,214,138947200024576.0,14.142849799575943,high_sfr
2601,11971,55,242969403719680.0,14.385551587868612,high_sfr
2606,11985,368,88182574022656.0,13.945382771599856,high_sfr
2613,12008,5389,7119389065216.0,12.85244272720577,high_sfr
2615,12010,343,105406022025216.0,14.02286542356733,high_sfr
2623,12039,285,131206410665984.0,14.117955054924138,high_sfr
2639,12095,708,33299906953216.0,13.522443019999974,high_sfr
2640,12096,8,398251614273536.0,14.600157544846471,high_sfr
2641,12099,5435,8389620400128.0,12.923742311024254,high_sfr
2651,12139,566,76039434797056.0,13.881038880084096,high_sfr
2652,12140,2095,21611373658112.0,13.33468237230564,high_sfr
2656,12151,9267,2654284546048.0,12.423947478496158,high_sfr
2660,12162,2821,13083530493952.0,13.11672495095704,high_sfr
2666,12188,6022,8443615772672.0,12.926528462484391,high_sfr
2674,12214,321,68799856377856.0,13.8375875316313,high_sfr
2676,12223,261,103206847774720.0,14.01370851368762,high_sfr
2678,12228,340,114998093283328.0,14.060690639628444,high_sfr
2685,12253,4,841819696922624.0,14.925219083166256,high_sfr
2701,12318,1737,13172439252992.0,13.119666204424464,high_sfr
2721,12398,10343,4609045692416.0,12.663611013584656,high_sfr
2725,12410,1336,26570152476672.0,13.424394046679277,high_sfr
2729,12424,870,50411692097536.0,13.702531275027706,high_sfr
2732,12436,131,185050360446976.0,14.267289935364555,high_sfr
2736,12454,369,93300698644480.0,13.969884895796945,high_sfr
2742,12476,268,101358334115840.0,14.00585946404741,high_sfr
2763,12544,251,119521037778944.0,14.077444355385916,high_sfr
2768,12556,23,392225506721792.0,14.593535832749234,high_sfr
2781,12591,1787,21646186381312.0,13.335381393555847,high_sfr
2786,12607,3022,13873717444608.0,13.142192845310037,high_sfr
2790,12618,598,61187324641280.0,13.786661464490484,high_sfr
2798,12643,2309,16126412062720.0,13.207537752714924,high_sfr
2807,12672,3326,11175944257536.0,13.048284226972903,high_sfr
2813,12691,11543,2544680042496.0,12.40563318372035,high_sfr
2815,12697,174,128181143076864.0,14.107824140159272,high_sfr
2822,12720,3874,10916599955456.0,13.038087395647908,high_sfr
2831,12754,3042,10405567004672.0,13.017265750121032,high_sfr
2838,12783,31,390177377746944.0,14.591262085651834,high_sfr
2845,12803,4281,10763190140928.0,13.031941012525577,high_sfr
2860,12850,607,60780804308992.0,13.783766442776596,high_sfr
2867,12867,4567,10449785454592.0,13.019107374002738,high_sfr
2886,12935,1387,14754413281280.0,13.168921944180353,high_sfr
2897,12971,392,64449759150080.0,13.809221298726092,high_sfr
2905,13003,201,151025663082496.0,14.179050751188042,high_sfr
2915,13034,288,106871897718784.0,14.028863521203665,high_sfr
2917,13044,422,87033871597568.0,13.939688303022058,high_sfr
2930,13083,708,33299906953216.0,13.522443019999974,high_sfr
2943,13137,28,471019466784768.0,14.673038856476026,high_sfr
2947,13148,764,54687277514752.0,13.737886303521826,high_sfr
2965,13213,1289,30400330072064.0,13.482878298993551,high_sfr
2966,13216,1007,44479826362368.0,13.648163083205011,high_sfr
2973,13240,620,68789261565952.0,13.837520647441265,high_sfr
2984,13276,214,138947200024576.0,14.142849799575943,high_sfr
2987,13285,875,44372460568576.0,13.647113512145127,high_sfr
2990,13294,39,334133456797696.0,14.523919963740935,high_sfr
3031,13436,118,192892568076288.0,14.28531549511078,high_sfr
3034,13442,3684,13495913414656.0,13.130202283299376,high_sfr
3037,13453,2240,20992216793088.0,13.322058302811596,high_sfr
3038,13455,15238,3058344919040.0,12.48548646341393,high_sfr
3073,13598,2059,22282026090496.0,13.347954678418915,high_sfr
3081,13626,2702,12590970306560.0,13.100059199730346,high_sfr
3107,13720,274,104744823554048.0,14.02013256951459,high_sfr
3116,13751,1198,35459849781248.0,13.54973689146475,high_sfr
3127,13790,0,1535789976518656.0,15.186331828797393,high_sfr
3129,13793,128,167641163497472.0,14.224380666351609,high_sfr
3146,13850,1745,22983758315520.0,13.36142104620753,high_sfr
3148,13854,1983,23039655804928.0,13.362475986767796,high_sfr
3150,13859,142,146151143636992.0,14.164802218073827,high_sfr
3188,13994,195,148659874299904.0,14.172193761247229,high_sfr
3211,14084,21292,2089932816384.0,12.320132325372931,high_sfr
3227,14141,5124,6776628445184.0,12.831013674421206,high_sfr
3228,14143,17,416661488271360.0,14.619783360778436,high_sfr
3239,14176,2447,16241252106240.0,13.210619507778864,high_sfr
3250,14210,73,205733010341888.0,14.313303980849447,high_sfr
3253,14220,154,187111844085760.0,14.272101278992713,high_sfr
3254,14221,26,278377265102848.0,14.444633763828053,high_sfr
3260,14234,1547,26002459721728.0,13.41501443231875,high_sfr
3309,14407,657,62052332732416.0,13.792758112567595,high_sfr
3326,14464,1284,28726158950400.0,13.458277559226644,high_sfr
3339,14510,3416,7655254917120.0,12.883959657118572,high_sfr
3356,14567,100,179395750789120.0,14.253812152026397,high_sfr
3369,14607,7278,5576633352192.0,12.74637209180118,high_sfr
3374,14627,37,197666877210624.0,14.2959339012316,high_sfr
3413,14749,1687,24665395298304.0,13.39208808004533,high_sfr
3432,14821,635,56298792026112.0,13.750499076520583,high_sfr
3467,14918,118,192892568076288.0,14.28531549511078,high_sfr
3515,15076,1632,16514722824192.0,13.217871289081984,high_sfr
3541,15169,4501,8083361759232.0,12.907592015458524,high_sfr
3621,15453,172,112941214990336.0,14.052852455445842,high_sfr
3638,15512,548,75069074178048.0,13.875461059774146,high_sfr
3665,15596,291,91769182093312.0,13.962696861006464,high_sfr
3671,15616,566,76039434797056.0,13.881038880084096,high_sfr
3684,15653,4779,9397586624512.0,12.973016337618004,high_sfr
3693,15688,1987,20840294907904.0,13.31890386030739,high_sfr
3738,15835,850,36240657219584.0,13.559196064949882,high_sfr
3774,15951,13403,3122853576704.0,12.494551621655669,high_sfr
3777,15957,88,223381030961152.0,14.349046290987864,high_sfr
3829,16138,661,46589586440192.0,13.668288855381904,high_sfr
3841,16174,3182,14760387018752.0,13.169097744878949,high_sfr
3845,16184,411,84143316664320.0,13.92501962653793,high_sfr
3905,16359,256,125519060271104.0,14.098709679140052,high_sfr
3946,16505,2015,16880846766080.0,13.22739422763398,high_sfr
3971,16578,24511,1704694644736.0,12.231646596828348,high_sfr
3994,16663,107,187167024349184.0,14.272229335830058,high_sfr
4030,16775,38749,1475512631296.0,12.168942931679876,high_sfr
4048,16844,34769,1472379486208.0,12.168019758048787,high_sfr
4078,16926,1544,25792408977408.0,13.41149190657131,high_sfr
4086,16944,206,115317153988608.0,14.061893915520756,high_sfr
4092,16965,1107,28071425998848.0,13.448264474896664,high_sfr
4133,17109,4014,10278041288704.0,13.011910357990164,high_sfr
4151,17163,3052,13114507526144.0,13.117751986676746,high_sfr
4159,17190,138,156064733462528.0,14.193304774984238,high_sfr
4161,17193,807,30569505226752.0,13.4852884096443,high_sfr
4162,17195,902,26650678919168.0,13.425708277043366,high_sfr
4208,17351,4161,11766052421632.0,13.070630778980442,high_sfr
4266,17532,33,369590794190848.0,14.56772114522689,high_sfr
4307,17670,1370,25851468972032.0,13.412485226281856,high_sfr
4320,17705,893,22396308291584.0,13.350176437051749,high_sfr
4333,17738,52,275655178584064.0,14.440366155746386,high_sfr
4361,17822,8040,4765947265024.0,12.678149232589584,high_sfr
4374,17851,375,94402114486272.0,13.974981722046326,high_sfr
4483,18203,10010,4910918664192.0,12.691162741302218,high_sfr
4495,18239,88,223381030961152.0,14.349046290987864,high_sfr
4604,18580,117,221948206383104.0,14.34625163973729,high_sfr
4616,18610,7661,5133753647104.0,12.710435024391844,high_sfr
4704,18890,3729,12606683217920.0,13.100600839972854,high_sfr
4767,19114,303,106752687210496.0,14.028378816024944,high_sfr
4771,19123,2366,18402575908864.0,13.264878617830536,high_sfr
4836,19336,1363,23592098070528.0,13.372766564876084,high_sfr
4844,19353,38027,1205611266048.0,12.08120729766724,high_sfr
4879,19459,147,187930807107584.0,14.273997978930446,high_sfr
4931,19618,145,155587975315456.0,14.191976029312148,high_sfr
5217,20482,7239,6937303318528.0,12.84119068349811,high_sfr
5264,20627,3645,11719130742784.0,13.06889539942842,high_sfr
5370,20963,1974,20866920349696.0,13.319458358321604,high_sfr
5424,21117,268,101358334115840.0,14.00585946404741,high_sfr
5714,21960,1412,26058009083904.0,13.415941231142323,high_sfr
40,537,128,167641163497472.0,14.224380666351609,high_ngal5
65,747,8,398251614273536.0,14.600157544846471,high_ngal5
77,846,332,99754541318144.0,13.998932676033132,high_ngal5
80,867,473,81075552387072.0,13.90888991630696,high_ngal5
99,983,25,219906721185792.0,14.342238503254803,high_ngal5
101,1003,35,381228075188224.0,14.581184876358591,high_ngal5
102,1017,56,296168328265728.0,14.47153861395946,high_ngal5
103,1034,215,116181465825280.0,14.065136851532658,high_ngal5
108,1065,191,156477503307776.0,14.194451908070404,high_ngal5
111,1086,21,382146090893312.0,14.582229421392803,high_ngal5
118,1134,312,90020350263296.0,13.954340698417177,high_ngal5
124,1169,675,57136910434304.0,13.756916753064406,high_ngal5
129,1205,130,164261326225408.0,14.215535324944792,high_ngal5
146,1336,455,74523831435264.0,13.872295174839584,high_ngal5
147,1344,35,381228075188224.0,14.581184876358591,high_ngal5
152,1377,147,187930807107584.0,14.273997978930446,high_ngal5
155,1396,192,129208068079616.0,14.111289632955176,high_ngal5
157,1411,160,171195450261504.0,14.233492218562052,high_ngal5
160,1425,77,230889556541440.0,14.363404289612728,high_ngal5
163,1441,54,314248664186880.0,14.497273440256166,high_ngal5
169,1477,332,99754541318144.0,13.998932676033132,high_ngal5
170,1482,130,164261326225408.0,14.215535324944792,high_ngal5
192,1617,70,258570536878080.0,14.412579037171405,high_ngal5
193,1626,2,1033314370584576.0,15.014232469282954,high_ngal5
194,1636,2,1033314370584576.0,15.014232469282954,high_ngal5
198,1662,88,223381030961152.0,14.349046290987864,high_ngal5
203,1708,3,899670222045184.0,14.95408334611498,high_ngal5
229,1860,214,138947200024576.0,14.142849799575943,high_ngal5
241,1920,2,1033314370584576.0,15.014232469282954,high_ngal5
242,1924,15850,3375513468928.0,12.52833984524424,high_ngal5
246,1965,8,398251614273536.0,14.600157544846471,high_ngal5
249,1978,264,60795924774912.0,13.783874468958846,high_ngal5
250,1988,39,334133456797696.0,14.523919963740935,high_ngal5
254,2011,197,138800206446592.0,14.1423901120738,high_ngal5
264,2061,319,95636196163584.0,13.980622294147857,high_ngal5
267,2079,360,96995049996288.0,13.986749571233757,high_ngal5
268,2087,337,96431452979200.0,13.984218710535105,high_ngal5
277,2137,67,278848855867392.0,14.445368866896445,high_ngal5
286,2181,18,407155215695872.0,14.609760002516866,high_ngal5
290,2208,139,146933045788672.0,14.16711948122038,high_ngal5
308,2328,14,437283203317760.0,14.640762795784122,high_ngal5
311,2341,24,367364893835264.0,14.565097651855222,high_ngal5
312,2353,201,151025663082496.0,14.179050751188042,high_ngal5
315,2376,1251,31752647081984.0,13.501779936405264,high_ngal5
321,2412,25,219906721185792.0,14.342238503254803,high_ngal5
323,2426,191,156477503307776.0,14.194451908070404,high_ngal5
324,2436,357,94136631820288.0,13.973758655325671,high_ngal5
325,2445,1121,34540905037824.0,13.538333712727198,high_ngal5
328,2459,590,67743256674304.0,13.830866070987122,high_ngal5
334,2490,831,48571189559296.0,13.68637873992994,high_ngal5
346,2562,110,164342309847040.0,14.215749386731398,high_ngal5
348,2575,600,63358732599296.0,13.801806481229209,high_ngal5
354,2612,79,253893451710464.0,14.404651499917891,high_ngal5
358,2641,51,316146536415232.0,14.499888428205248,high_ngal5
360,2657,4,841819696922624.0,14.925219083166256,high_ngal5
367,2696,43,343380722712576.0,14.53577591035154,high_ngal5
374,2744,30,389327343321088.0,14.590314906252068,high_ngal5
391,2834,243,117173376778240.0,14.068828945882146,high_ngal5
392,2841,9603,5296648355840.0,12.7240011411086,high_ngal5
393,2849,0,1535789976518656.0,15.186331828797393,high_ngal5
395,2863,1121,34540905037824.0,13.538333712727198,high_ngal5
409,2948,57,301115828600832.0,14.478733585447388,high_ngal5
414,2974,397,89933930823680.0,13.953923575930144,high_ngal5
416,2986,135,163210233643008.0,14.21274738649718,high_ngal5
418,2994,217,144810090430464.0,14.160798824745036,high_ngal5
420,3001,207,96327551680512.0,13.983750522134436,high_ngal5
421,3009,3061,11308811419648.0,13.053416962041831,high_ngal5
424,3024,54,314248664186880.0,14.497273440256166,high_ngal5
436,3089,21,382146090893312.0,14.582229421392803,high_ngal5
446,3153,2,1033314370584576.0,15.014232469282954,high_ngal5
447,3156,58,279208861368320.0,14.445929197555325,high_ngal5
448,3162,39,334133456797696.0,14.523919963740935,high_ngal5
450,3174,145,155587975315456.0,14.191976029312148,high_ngal5
458,3220,449,65302595371008.0,13.814930442115935,high_ngal5
459,3228,769,60123984691200.0,13.779047755548502,high_ngal5
465,3264,58,279208861368320.0,14.445929197555325,high_ngal5
468,3278,46,176415714574336.0,14.246537268148105,high_ngal5
479,3334,127,201790498799616.0,14.304900713853124,high_ngal5
481,3344,31,390177377746944.0,14.591262085651834,high_ngal5
482,3350,421,50628604723200.0,13.704395958803694,high_ngal5
488,3383,353,86192754262016.0,13.93547075867522,high_ngal5
491,3399,7,581220677189632.0,14.764341056124303,high_ngal5
496,3426,109,188158054498304.0,14.274522813935697,high_ngal5
505,3495,132,179053478805504.0,14.252982763277869,high_ngal5
519,3566,367,99850288889856.0,13.999349325722385,high_ngal5
521,3576,223,131011845292032.0,14.117310563689344,high_ngal5
537,3655,24,367364893835264.0,14.565097651855222,high_ngal5
560,3771,10,635853466501120.0,14.803357043286407,high_ngal5
563,3778,99,137743803875328.0,14.139072072109837,high_ngal5
564,3786,174,128181143076864.0,14.107824140159272,high_ngal5
573,3825,7,581220677189632.0,14.764341056124303,high_ngal5
580,3856,73,205733010341888.0,14.313303980849447,high_ngal5
583,3875,264,60795924774912.0,13.783874468958846,high_ngal5
587,3890,46,176415714574336.0,14.246537268148105,high_ngal5
599,3940,75,134628685905920.0,14.129137606717835,high_ngal5
600,3944,5,733527398154240.0,14.865416339917514,high_ngal5
601,3950,315,87792570859520.0,13.943457766803316,high_ngal5
604,3965,5,733527398154240.0,14.865416339917514,high_ngal5
605,3969,311,85799353712640.0,13.933484016518973,high_ngal5
606,3975,2467,18016039337984.0,13.255659321453376,high_ngal5
607,3982,1507,28647563984896.0,13.457087698104562,high_ngal5
608,3989,424,75413711749120.0,13.877450316633473,high_ngal5
614,4018,1306,34307722706944.0,13.535391891223416,high_ngal5
617,4036,144,177805841137664.0,14.24994602396933,high_ngal5
628,4094,178,91614747820032.0,13.961965390494417,high_ngal5
629,4098,15,497315974479872.0,14.696632409598273,high_ngal5
635,4136,360,96995049996288.0,13.986749571233757,high_ngal5
640,4162,225,128242103091200.0,14.108030631565471,high_ngal5
642,4170,2,1033314370584576.0,15.014232469282954,high_ngal5
648,4204,223,131011845292032.0,14.117310563689344,high_ngal5
651,4218,0,1535789976518656.0,15.186331828797393,high_ngal5
653,4227,35,381228075188224.0,14.581184876358591,high_ngal5
655,4234,408,82125034356736.0,13.914475564253532,high_ngal5
656,4240,46,176415714574336.0,14.246537268148105,high_ngal5
657,4244,25,219906721185792.0,14.342238503254803,high_ngal5
658,4250,145,155587975315456.0,14.191976029312148,high_ngal5
659,4257,2,1033314370584576.0,15.014232469282954,high_ngal5
661,4266,0,1535789976518656.0,15.186331828797393,high_ngal5
671,4325,353,86192754262016.0,13.93547075867522,high_ngal5
676,4346,311,85799353712640.0,13.933484016518973,high_ngal5
677,4351,99,137743803875328.0,14.139072072109837,high_ngal5
678,4359,342,63594288906240.0,13.80341811552461,high_ngal5
681,4367,217,144810090430464.0,14.160798824745036,high_ngal5
682,4371,11,547336941993984.0,14.738254761430827,high_ngal5
683,4380,45,305942902079488.0,14.485640381953424,high_ngal5
693,4416,90,239398222299136.0,14.37912092113914,high_ngal5
694,4420,2,1033314370584576.0,15.014232469282954,high_ngal5
696,4434,30,389327343321088.0,14.590314906252068,high_ngal5
697,4437,3,899670222045184.0,14.95408334611498,high_ngal5
702,4468,378,51961936216064.0,13.71568532547038,high_ngal5
705,4483,554,70259662913536.0,13.84670606183599,high_ngal5
717,4551,131,185050360446976.0,14.267289935364555,high_ngal5
723,4579,644,58801696800768.0,13.769389858398895,high_ngal5
725,4586,68,276792942264320.0,14.442155012176563,high_ngal5
732,4612,118,192892568076288.0,14.28531549511078,high_ngal5
749,4702,0,1535789976518656.0,15.186331828797393,high_ngal5
751,4710,175,148736479068160.0,14.172417496531809,high_ngal5
758,4743,308,100990426546176.0,14.004280206503156,high_ngal5
760,4750,594,68042126000128.0,13.832777874836172,high_ngal5
761,4753,15,497315974479872.0,14.696632409598273,high_ngal5
765,4774,23,392225506721792.0,14.593535832749234,high_ngal5
773,4811,17,416661488271360.0,14.619783360778436,high_ngal5
774,4815,51,316146536415232.0,14.499888428205248,high_ngal5
775,4820,5336,9389218988032.0,12.972629468379552,high_ngal5
780,4844,597,66684287188992.0,13.824023513211596,high_ngal5
781,4851,209,136998895484928.0,14.13671706579338,high_ngal5
788,4886,21,382146090893312.0,14.582229421392803,high_ngal5
795,4922,175,148736479068160.0,14.172417496531809,high_ngal5
798,4940,1148,34034721751040.0,13.531922204404935,high_ngal5
803,4970,1963,25916585541632.0,13.413577783537026,high_ngal5
805,4983,346,41210869710848.0,13.615011779936784,high_ngal5
808,4996,4,841819696922624.0,14.925219083166256,high_ngal5
809,4999,78,260628933509120.0,14.416022626901675,high_ngal5
810,5002,68,276792942264320.0,14.442155012176563,high_ngal5
817,5029,59,213580418908160.0,14.329561433984113,high_ngal5
818,5034,426,84509076750336.0,13.926903357125804,high_ngal5
821,5042,0,1535789976518656.0,15.186331828797393,high_ngal5
829,5086,191,156477503307776.0,14.194451908070404,high_ngal5
831,5099,3037,13833814933504.0,13.140941961461529,high_ngal5
832,5105,71,276122960920576.0,14.441102521766004,high_ngal5
836,5123,69,269337868894208.0,14.43029741949233,high_ngal5
839,5143,275,100861292314624.0,14.003724528383044,high_ngal5
848,5191,71,276122960920576.0,14.441102521766004,high_ngal5
850,5197,49,324038740148224.0,14.510596934980796,high_ngal5
854,5218,56,296168328265728.0,14.47153861395946,high_ngal5
856,5226,293,100814081228800.0,14.003521196522817,high_ngal5
858,5233,275,100861292314624.0,14.003724528383044,high_ngal5
859,5240,1208,33857629847552.0,13.529656552705063,high_ngal5
867,5285,207,96327551680512.0,13.983750522134436,high_ngal5
871,5305,285,131206410665984.0,14.117955054924138,high_ngal5
877,5329,64,279798244966400.0,14.446844986053598,high_ngal5
879,5345,223,131011845292032.0,14.117310563689344,high_ngal5
882,5354,211,129321414950912.0,14.111670447733609,high_ngal5
883,5360,99,137743803875328.0,14.139072072109837,high_ngal5
886,5378,5,733527398154240.0,14.865416339917514,high_ngal5
896,5427,618,61449854517248.0,13.78852085902994,high_ngal5
897,5429,548,75069074178048.0,13.875461059774146,high_ngal5
900,5443,239,113186665660416.0,14.053795266329251,high_ngal5
901,5445,18,407155215695872.0,14.609760002516866,high_ngal5
903,5448,754,54715698118656.0,13.7381119447652,high_ngal5
904,5454,48,324151516594176.0,14.510748057859148,high_ngal5
914,5497,635,56298792026112.0,13.750499076520583,high_ngal5
915,5499,59,213580418908160.0,14.329561433984113,high_ngal5
919,5517,73,205733010341888.0,14.313303980849447,high_ngal5
921,5522,0,1535789976518656.0,15.186331828797393,high_ngal5
930,5558,421,50628604723200.0,13.704395958803694,high_ngal5
933,5573,285,131206410665984.0,14.117955054924138,high_ngal5
936,5584,109,188158054498304.0,14.274522813935697,high_ngal5
937,5587,128,167641163497472.0,14.224380666351609,high_ngal5
938,5591,346,41210869710848.0,13.615011779936784,high_ngal5
940,5599,90,239398222299136.0,14.37912092113914,high_ngal5
943,5610,140,160620351586304.0,14.20580057221075,high_ngal5
949,5634,479,74532631085056.0,13.872346452580745,high_ngal5
952,5650,36,374207984697344.0,14.573113050061371,high_ngal5
955,5672,226,114129838800896.0,14.057399203860903,high_ngal5
958,5681,581,40077640073216.0,13.602902140669704,high_ngal5
963,5703,15850,3375513468928.0,12.52833984524424,high_ngal5
967,5717,54,314248664186880.0,14.497273440256166,high_ngal5
968,5720,408,82125034356736.0,13.914475564253532,high_ngal5
975,5756,5,733527398154240.0,14.865416339917514,high_ngal5
976,5761,67,278848855867392.0,14.445368866896445,high_ngal5
977,5765,21,382146090893312.0,14.582229421392803,high_ngal5
982,5784,426,84509076750336.0,13.926903357125804,high_ngal5
984,5796,58,279208861368320.0,14.445929197555325,high_ngal5
991,5827,963,42378647830528.0,13.627147095623746,high_ngal5
992,5831,91,164138567335936.0,14.21521063841577,high_ngal5
995,5856,175,148736479068160.0,14.172417496531809,high_ngal5
996,5862,44,332506201063424.0,14.521799749075257,high_ngal5
998,5871,83,128114512363520.0,14.10759832788998,high_ngal5
1001,5885,166,154801711087616.0,14.189775756810716,high_ngal5
1006,5902,168,173127850000384.0,14.238366935747166,high_ngal5
1015,5937,52,275655178584064.0,14.440366155746386,high_ngal5
1022,5976,207,96327551680512.0,13.983750522134436,high_ngal5
1027,6006,64,279798244966400.0,14.446844986053598,high_ngal5
1030,6021,80,193627108147200.0,14.286966159246084,high_ngal5
1035,6044,62,174374598475776.0,14.241483220589254,high_ngal5
1045,6081,449,65302595371008.0,13.814930442115935,high_ngal5
1048,6095,1,1307340129173504.0,15.116388592175756,high_ngal5
1050,6102,641,54070911959040.0,13.732963694440407,high_ngal5
1051,6106,93,235066697449472.0,14.371191105780005,high_ngal5
1052,6109,149,134479007973376.0,14.128654496733631,high_ngal5
1054,6111,769,60123984691200.0,13.779047755548502,high_ngal5
1056,6116,357,94136631820288.0,13.973758655325671,high_ngal5
1057,6118,446,80648580628480.0,13.9065967284436,high_ngal5
1065,6146,360,96995049996288.0,13.986749571233757,high_ngal5
1066,6148,243,117173376778240.0,14.068828945882146,high_ngal5
1071,6167,308,100990426546176.0,14.004280206503156,high_ngal5
1079,6192,116,198077717676032.0,14.296835623268862,high_ngal5
1085,6218,191,156477503307776.0,14.194451908070404,high_ngal5
1087,6229,80,193627108147200.0,14.286966159246084,high_ngal5
1090,6241,91,164138567335936.0,14.21521063841577,high_ngal5
1095,6264,31,390177377746944.0,14.591262085651834,high_ngal5
1098,6279,39,334133456797696.0,14.523919963740935,high_ngal5
1099,6284,811,55779629465600.0,13.746475624996728,high_ngal5
1101,6294,15,497315974479872.0,14.696632409598273,high_ngal5
1102,6297,76,236042040901632.0,14.372989361044429,high_ngal5
1106,6310,357,94136631820288.0,13.973758655325671,high_ngal5
1111,6330,1655,25557184020480.0,13.407513000044288,high_ngal5
1114,6343,8,398251614273536.0,14.600157544846471,high_ngal5
1117,6352,110,164342309847040.0,14.215749386731398,high_ngal5
1124,6374,140,160620351586304.0,14.20580057221075,high_ngal5
1129,6393,1,1307340129173504.0,15.116388592175756,high_ngal5
1146,6478,35,381228075188224.0,14.581184876358591,high_ngal5
1147,6485,631,42157649952768.0,13.624876393452327,high_ngal5
1149,6492,23,392225506721792.0,14.593535832749234,high_ngal5
1152,6510,14,437283203317760.0,14.640762795784122,high_ngal5
1157,6534,454,64366418329600.0,13.808659343477768,high_ngal5
1159,6545,4,841819696922624.0,14.925219083166256,high_ngal5
1160,6550,1308,30149049319424.0,13.47927362221953,high_ngal5
1170,6604,68,276792942264320.0,14.442155012176563,high_ngal5
1184,6673,72,275153237835776.0,14.439574627690288,high_ngal5
1187,6685,5,733527398154240.0,14.865416339917514,high_ngal5
1200,6743,4,841819696922624.0,14.925219083166256,high_ngal5
1202,6748,84,158344471904256.0,14.19960290595621,high_ngal5
1204,6754,145,155587975315456.0,14.191976029312148,high_ngal5
1212,6787,75,134628685905920.0,14.129137606717835,high_ngal5
1214,6794,0,1535789976518656.0,15.186331828797393,high_ngal5
1216,6808,675,57136910434304.0,13.756916753064406,high_ngal5
1222,6834,18,407155215695872.0,14.609760002516866,high_ngal5
1223,6837,5336,9389218988032.0,12.972629468379552,high_ngal5
1226,6847,25,219906721185792.0,14.342238503254803,high_ngal5
1234,6895,90,239398222299136.0,14.37912092113914,high_ngal5
1238,6912,568,62956708560896.0,13.799042014598683,high_ngal5
1244,6934,354,97267235160064.0,13.987966571146448,high_ngal5
1259,7008,184,107746024226816.0,14.032401253884174,high_ngal5
1264,7026,32,390393736724480.0,14.59150284145414,high_ngal5
1267,7036,297,98328016584704.0,13.992677278915956,high_ngal5
1269,7046,55,242969403719680.0,14.385551587868612,high_ngal5
1271,7057,675,57136910434304.0,13.756916753064406,high_ngal5
1275,7072,601,72005806194688.0,13.857367517218025,high_ngal5
1276,7078,223,131011845292032.0,14.117310563689344,high_ngal5
1293,7159,5,733527398154240.0,14.865416339917514,high_ngal5
1294,7162,130,164261326225408.0,14.215535324944792,high_ngal5
1296,7169,56,296168328265728.0,14.47153861395946,high_ngal5
1297,7172,299,108280252727296.0,14.03454926074773,high_ngal5
1301,7191,51,316146536415232.0,14.499888428205248,high_ngal5
1310,7228,76,236042040901632.0,14.372989361044429,high_ngal5
1311,7232,12,655181557530624.0,14.816361664125669,high_ngal5
1315,7246,367,99850288889856.0,13.999349325722385,high_ngal5
1316,7248,4,841819696922624.0,14.925219083166256,high_ngal5
1319,7262,0,1535789976518656.0,15.186331828797393,high_ngal5
1320,7264,27,456104488206336.0,14.659064345851233,high_ngal5
1322,7272,426,84509076750336.0,13.926903357125804,high_ngal5
1323,7274,67,278848855867392.0,14.445368866896445,high_ngal5
1331,7309,24,367364893835264.0,14.565097651855222,high_ngal5
1338,7334,7,581220677189632.0,14.764341056124303,high_ngal5
1339,7341,424,75413711749120.0,13.877450316633473,high_ngal5
1353,7386,398,58272455327744.0,13.765463317606624,high_ngal5
1355,7392,59,213580418908160.0,14.329561433984113,high_ngal5
1360,7409,479,74532631085056.0,13.872346452580745,high_ngal5
1362,7422,70,258570536878080.0,14.412579037171405,high_ngal5
1371,7463,394,76312400101376.0,13.882595112765458,high_ngal5
1372,7468,4,841819696922624.0,14.925219083166256,high_ngal5
1374,7479,938,42465805467648.0,13.628039365953748,high_ngal5
1376,7488,297,98328016584704.0,13.992677278915956,high_ngal5
1377,7489,57,301115828600832.0,14.478733585447388,high_ngal5
1392,7542,54,314248664186880.0,14.497273440256166,high_ngal5
1394,7551,93,235066697449472.0,14.371191105780005,high_ngal5
1402,7574,15,497315974479872.0,14.696632409598273,high_ngal5
1404,7580,5,733527398154240.0,14.865416339917514,high_ngal5
1406,7586,407,75625037561856.0,13.878665603368333,high_ngal5
1409,7599,381,49719699046400.0,13.69652849119078,high_ngal5
1411,7604,48,324151516594176.0,14.510748057859148,high_ngal5
1412,7606,331,72077663010816.0,13.857800696978211,high_ngal5
1419,7633,24,367364893835264.0,14.565097651855222,high_ngal5
1424,7648,418,64368444178432.0,13.808673012113472,high_ngal5
1431,7673,226,114129838800896.0,14.057399203860903,high_ngal5
1434,7681,31,390177377746944.0,14.591262085651834,high_ngal5
1437,7692,844,42405965332480.0,13.62742695396891,high_ngal5
1454,7780,107,187167024349184.0,14.272229335830058,high_ngal5
1464,7812,5435,8389620400128.0,12.923742311024254,high_ngal5
1465,7815,346,41210869710848.0,13.615011779936784,high_ngal5
1466,7816,5,733527398154240.0,14.865416339917514,high_ngal5
1483,7891,58,279208861368320.0,14.445929197555325,high_ngal5
1486,7901,675,57136910434304.0,13.756916753064406,high_ngal5
1495,7952,125,135592662794240.0,14.132236189573916,high_ngal5
1499,7971,346,41210869710848.0,13.615011779936784,high_ngal5
1502,7983,90,239398222299136.0,14.37912092113914,high_ngal5
1509,8018,39,334133456797696.0,14.523919963740935,high_ngal5
1511,8028,133,198890708008960.0,14.29861449375943,high_ngal5
1526,8079,377,84586503602176.0,13.92730107369279,high_ngal5
1527,8084,766,46798802518016.0,13.670234740542684,high_ngal5
1538,8132,107,187167024349184.0,14.272229335830058,high_ngal5
1540,8136,32,390393736724480.0,14.59150284145414,high_ngal5
1541,8139,163,176176588914688.0,14.24594819703475,high_ngal5
1543,8143,732,56478928994304.0,13.751886452628131,high_ngal5
1544,8145,55,242969403719680.0,14.385551587868612,high_ngal5
1549,8168,2343,20930908651520.0,13.32078808231744,high_ngal5
1556,8195,0,1535789976518656.0,15.186331828797393,high_ngal5
1558,8200,120,203439883681792.0,14.308436098856747,high_ngal5
1564,8223,45,305942902079488.0,14.485640381953424,high_ngal5
1569,8243,1791,16921507397632.0,13.228439048142356,high_ngal5
1573,8256,123,71453248585728.0,13.85402197855433,high_ngal5
1575,8265,8,398251614273536.0,14.600157544846471,high_ngal5
1582,8303,46,176415714574336.0,14.246537268148105,high_ngal5
1586,8316,1884,22378010640384.0,13.349821476012478,high_ngal5
1591,8335,0,1535789976518656.0,15.186331828797393,high_ngal5
1593,8347,54,314248664186880.0,14.497273440256166,high_ngal5
1594,8353,107,187167024349184.0,14.272229335830058,high_ngal5
1603,8390,363,90174650318848.0,13.955084466877407,high_ngal5
1608,8413,191,156477503307776.0,14.194451908070404,high_ngal5
1613,8438,697,55324035776512.0,13.742913853496914,high_ngal5
1618,8454,35,381228075188224.0,14.581184876358591,high_ngal5
1619,8459,1041,28719477424128.0,13.458176533276308,high_ngal5
1620,8461,4852,9032182005760.0,12.955792680389546,high_ngal5
1622,8471,11,547336941993984.0,14.738254761430827,high_ngal5
1623,8475,549,50785257783296.0,13.705737661249543,high_ngal5
1628,8495,137,173721042026496.0,14.23985242571552,high_ngal5
1629,8496,313,106644214120448.0,14.027937298194024,high_ngal5
1632,8504,207,96327551680512.0,13.983750522134436,high_ngal5
1636,8516,77,230889556541440.0,14.363404289612728,high_ngal5
1645,8549,68,276792942264320.0,14.442155012176563,high_ngal5
1651,8572,337,96431452979200.0,13.984218710535105,high_ngal5
1659,8605,398,58272455327744.0,13.765463317606624,high_ngal5
1661,8613,4,841819696922624.0,14.925219083166256,high_ngal5
1662,8618,53,184230525009920.0,14.265361589731892,high_ngal5
1663,8621,19,467371865145344.0,14.669662565180955,high_ngal5
1680,8666,473,81075552387072.0,13.90888991630696,high_ngal5
1681,8670,6,459285179924480.0,14.662082431960792,high_ngal5
1684,8683,155,178474010542080.0,14.251574982913551,high_ngal5
1685,8686,13981,1751333208064.0,12.24336878266618,high_ngal5
1689,8702,603,62055935639552.0,13.7927833280139,high_ngal5
1695,8732,739,56257197113344.0,13.75017809063523,high_ngal5
1697,8736,109,188158054498304.0,14.274522813935697,high_ngal5
1700,8748,336,101111641931776.0,14.0048011628674,high_ngal5
1703,8760,1179,36900337352704.0,13.567030336612936,high_ngal5
1704,8762,424,75413711749120.0,13.877450316633473,high_ngal5
1706,8766,750,54375057719296.0,13.735399730967906,high_ngal5
1707,8767,92,207364997251072.0,14.31673545029975,high_ngal5
1709,8776,1063,37444019814400.0,13.573382466388164,high_ngal5
1711,8782,2057,20998067847168.0,13.322179334642575,high_ngal5
1712,8787,181,117365014528000.0,14.069538656862113,high_ngal5
1724,8832,189,142160531816448.0,14.1527790394773,high_ngal5
1726,8836,151,177005769261056.0,14.24798742182739,high_ngal5
1727,8837,90,239398222299136.0,14.37912092113914,high_ngal5
1728,8839,17,416661488271360.0,14.619783360778436,high_ngal5
1730,8846,10,635853466501120.0,14.803357043286407,high_ngal5
1732,8852,64,279798244966400.0,14.446844986053598,high_ngal5
1737,8870,644,58801696800768.0,13.769389858398895,high_ngal5
1738,8874,1695,24266189832192.0,13.385001590721846,high_ngal5
1739,8878,426,84509076750336.0,13.926903357125804,high_ngal5
1744,8894,88,223381030961152.0,14.349046290987864,high_ngal5
1747,8909,134,174660482236416.0,14.242194654908252,high_ngal5
1751,8922,1822,21864581693440.0,13.33974117296976,high_ngal5
1752,8924,239,113186665660416.0,14.053795266329251,high_ngal5
1753,8927,31,390177377746944.0,14.591262085651834,high_ngal5
1755,8935,62,174374598475776.0,14.241483220589254,high_ngal5
1758,8943,947,37698773450752.0,13.57632722043827,high_ngal5
1765,8962,350,93156901126144.0,13.96921503325251,high_ngal5
1771,8989,2,1033314370584576.0,15.014232469282954,high_ngal5
1775,9006,422,87033871597568.0,13.939688303022058,high_ngal5
1776,9007,84,158344471904256.0,14.19960290595621,high_ngal5
1783,9027,581,40077640073216.0,13.602902140669704,high_ngal5
1789,9046,1308,30149049319424.0,13.47927362221953,high_ngal5
1792,9063,187,118919146766336.0,14.075251784522123,high_ngal5
1797,9087,264,60795924774912.0,13.783874468958846,high_ngal5
1816,9164,4,841819696922624.0,14.925219083166256,high_ngal5
1819,9176,206,115317153988608.0,14.061893915520756,high_ngal5
1820,9179,72,275153237835776.0,14.439574627690288,high_ngal5
1822,9182,46,176415714574336.0,14.246537268148105,high_ngal5
1827,9199,600,63358732599296.0,13.801806481229209,high_ngal5
1828,9204,5,733527398154240.0,14.865416339917514,high_ngal5
1829,9206,4,841819696922624.0,14.925219083166256,high_ngal5
1831,9212,184,107746024226816.0,14.032401253884174,high_ngal5
1832,9217,502,61252621565952.0,13.787124680910242,high_ngal5
1836,9237,6,459285179924480.0,14.662082431960792,high_ngal5
1837,9241,0,1535789976518656.0,15.186331828797393,high_ngal5
1840,9251,46,176415714574336.0,14.246537268148105,high_ngal5
1842,9258,280,87607643996160.0,13.94254200115118,high_ngal5
1843,9261,794,29630346035200.0,13.47173672337679,high_ngal5
1846,9279,726,55012763893760.0,13.740463464867142,high_ngal5
1847,9283,84,158344471904256.0,14.19960290595621,high_ngal5
1848,9285,35,381228075188224.0,14.581184876358591,high_ngal5
1855,9309,145,155587975315456.0,14.191976029312148,high_ngal5
1860,9332,777,51981146128384.0,13.715845850996953,high_ngal5
1862,9337,424,75413711749120.0,13.877450316633473,high_ngal5
1865,9346,153,140163564961792.0,14.146635134939482,high_ngal5
1880,9403,219,66468171481088.0,13.822613731631124,high_ngal5
1884,9417,2,1033314370584576.0,15.014232469282954,high_ngal5
1888,9436,377,84586503602176.0,13.92730107369279,high_ngal5
1890,9442,28,471019466784768.0,14.673038856476026,high_ngal5
1895,9461,46,176415714574336.0,14.246537268148105,high_ngal5
1908,9506,16,379204239622144.0,14.578873184241475,high_ngal5
1909,9509,639,61046635102208.0,13.785661730577091,high_ngal5
1912,9524,675,57136910434304.0,13.756916753064406,high_ngal5
1915,9533,4,841819696922624.0,14.925219083166256,high_ngal5
1918,9547,151,177005769261056.0,14.24798742182739,high_ngal5
1919,9551,5480,8214641901568.0,12.914588636114024,high_ngal5
1920,9554,176,137337300320256.0,14.137788506087608,high_ngal5
1923,9568,72,275153237835776.0,14.439574627690288,high_ngal5
1927,9584,43,343380722712576.0,14.53577591035154,high_ngal5
1929,9591,1,1307340129173504.0,15.116388592175756,high_ngal5
1931,9595,36,374207984697344.0,14.573113050061371,high_ngal5
1934,9604,83,128114512363520.0,14.10759832788998,high_ngal5
1936,9608,5480,8214641901568.0,12.914588636114024,high_ngal5
1938,9617,1042,39596536627200.0,13.597657201342832,high_ngal5
1942,9631,1522,26302249697280.0,13.419992896373008,high_ngal5
1946,9644,44,332506201063424.0,14.521799749075257,high_ngal5
1948,9650,233,146538932207616.0,14.165953022619735,high_ngal5
1951,9659,430,67993501433856.0,13.832467406437347,high_ngal5
1952,9661,139,146933045788672.0,14.16711948122038,high_ngal5
1971,9741,405,77950888181760.0,13.891821067956416,high_ngal5
1973,9747,5,733527398154240.0,14.865416339917514,high_ngal5
1977,9762,75,134628685905920.0,14.129137606717835,high_ngal5
1982,9785,75,134628685905920.0,14.129137606717835,high_ngal5
1989,9820,2260,21507724017664.0,13.332594455070536,high_ngal5
1992,9825,2318,16561760894976.0,13.21910651036642,high_ngal5
1993,9827,5435,8389620400128.0,12.923742311024254,high_ngal5
1995,9835,319,95636196163584.0,13.980622294147857,high_ngal5
2002,9864,568,62956708560896.0,13.799042014598683,high_ngal5
2013,9924,2054,22546013487104.0,13.353069762462006,high_ngal5
2014,9926,107,187167024349184.0,14.272229335830058,high_ngal5
2019,9958,783,54372062986240.0,13.735375811326948,high_ngal5
2021,9964,481,56581853020160.0,13.752677166225473,high_ngal5
2052,10086,0,1535789976518656.0,15.186331828797393,high_ngal5
2053,10089,5,733527398154240.0,14.865416339917514,high_ngal5
2057,10104,722,49357130825728.0,13.693349905831289,high_ngal5
2062,10122,1649,26776988286976.0,13.427761728616955,high_ngal5
2065,10128,833,25827265740800.0,13.412078431084751,high_ngal5
2066,10131,77,230889556541440.0,14.363404289612728,high_ngal5
2069,10141,437,84636801695744.0,13.92755924363093,high_ngal5
2070,10145,372,95095382605824.0,13.978159430107814,high_ngal5
2075,10164,95,183994033373184.0,14.264803739775209,high_ngal5
2076,10165,1884,22378010640384.0,13.349821476012478,high_ngal5
2080,10176,237,74851809230848.0,13.874202302066884,high_ngal5
2092,10232,15,497315974479872.0,14.696632409598273,high_ngal5
2100,10261,51,316146536415232.0,14.499888428205248,high_ngal5
2103,10269,1682,24637930995712.0,13.391604234544618,high_ngal5
2104,10270,703,55955853148160.0,13.747845521731092,high_ngal5
2105,10271,624,47573284945920.0,13.677363140585983,high_ngal5
2111,10293,719,52121881804800.0,13.71702008706141,high_ngal5
2115,10306,11,547336941993984.0,14.738254761430827,high_ngal5
2118,10320,394,76312400101376.0,13.882595112765458,high_ngal5
2122,10330,2813,12571470987264.0,13.099386097437336,high_ngal5
2123,10331,2244,21134307229696.0,13.324988016477729,high_ngal5
2129,10351,317,108471882088448.0,14.035317175636992,high_ngal5
2134,10369,3734,13069813022720.0,13.116269374590354,high_ngal5
2135,10372,370,105982210342912.0,14.025232972828052,high_ngal5
2140,10387,189,142160531816448.0,14.1527790394773,high_ngal5
2141,10390,46,176415714574336.0,14.246537268148105,high_ngal5
2146,10407,3024,11935994085376.0,13.0768585949234,high_ngal5
2148,10412,115,127064946507776.0,14.104025757966165,high_ngal5
2152,10428,1848,24820431454208.0,13.394809326580646,high_ngal5
2153,10431,78,260628933509120.0,14.416022626901675,high_ngal5
2154,10435,340,114998093283328.0,14.060690639628444,high_ngal5
2166,10466,416,90803720421376.0,13.958103642853386,high_ngal5
2171,10480,69,269337868894208.0,14.43029741949233,high_ngal5
2172,10483,24,367364893835264.0,14.565097651855222,high_ngal5
2180,10513,10,635853466501120.0,14.803357043286407,high_ngal5
2182,10522,442,78141225697280.0,13.89288021914101,high_ngal5
2183,10525,4869,8808959049728.0,12.944924591082993,high_ngal5
2187,10541,2,1033314370584576.0,15.014232469282954,high_ngal5
2192,10561,87,78567408926720.0,13.895242430790525,high_ngal5
2200,10599,72,275153237835776.0,14.439574627690288,high_ngal5
2206,10622,866,43967274024960.0,13.6431295401565,high_ngal5
2209,10633,99,137743803875328.0,14.139072072109837,high_ngal5
2210,10636,5,733527398154240.0,14.865416339917514,high_ngal5
2214,10655,353,86192754262016.0,13.93547075867522,high_ngal5
2220,10674,93,235066697449472.0,14.371191105780005,high_ngal5
2223,10686,33,369590794190848.0,14.56772114522689,high_ngal5
2235,10724,365,96600407932928.0,13.984978960397331,high_ngal5
2237,10732,46,176415714574336.0,14.246537268148105,high_ngal5
2239,10743,52,275655178584064.0,14.440366155746386,high_ngal5
2246,10764,308,100990426546176.0,14.004280206503156,high_ngal5
2254,10790,19,467371865145344.0,14.669662565180955,high_ngal5
2255,10791,1203,37577016999936.0,13.574922301259804,high_ngal5
2260,10806,0,1535789976518656.0,15.186331828797393,high_ngal5
2261,10808,72,275153237835776.0,14.439574627690288,high_ngal5
2262,10811,258,114313599647744.0,14.058097900567022,high_ngal5
2270,10842,618,61449854517248.0,13.78852085902994,high_ngal5
2274,10861,7077,7248274784256.0,12.860234649214012,high_ngal5
2277,10874,161,170170278477824.0,14.230883709566198,high_ngal5
2284,10905,1568,29379719593984.0,13.4680476464792,high_ngal5
2286,10910,502,61252621565952.0,13.787124680910242,high_ngal5
2295,10930,85,123098057670656.0,14.090251200375905,high_ngal5
2297,10938,408,82125034356736.0,13.914475564253532,high_ngal5
2298,10942,356,95938353823744.0,13.981992262270406,high_ngal5
2300,10949,265,116946104221696.0,14.067985758909591,high_ngal5
2301,10950,101,121944716345344.0,14.086162987825046,high_ngal5
2303,10955,21,382146090893312.0,14.582229421392803,high_ngal5
2304,10958,2901,15494228738048.0,13.190169963076348,high_ngal5
2316,10996,49,324038740148224.0,14.510596934980796,high_ngal5
2317,10999,1587,22334144512000.0,13.348969321892556,high_ngal5
2320,11005,64,279798244966400.0,14.446844986053598,high_ngal5
2327,11023,67,278848855867392.0,14.445368866896445,high_ngal5
2329,11031,223,131011845292032.0,14.117310563689344,high_ngal5
2331,11040,166,154801711087616.0,14.189775756810716,high_ngal5
2337,11057,133,198890708008960.0,14.29861449375943,high_ngal5
2339,11061,723,42922057662464.0,13.632680533658156,high_ngal5
2342,11072,217,144810090430464.0,14.160798824745036,high_ngal5
2346,11086,602,64531443220480.0,13.80977137804191,high_ngal5
2348,11088,852,25859515744256.0,13.412620387846518,high_ngal5
2351,11094,17,416661488271360.0,14.619783360778436,high_ngal5
2357,11120,37,197666877210624.0,14.2959339012316,high_ngal5
2358,11124,80,193627108147200.0,14.286966159246084,high_ngal5
2362,11141,1944,25524835450880.0,13.406962951032986,high_ngal5
2366,11155,2343,20930908651520.0,13.32078808231744,high_ngal5
2367,11156,211,129321414950912.0,14.111670447733609,high_ngal5
2373,11176,771,34327614193664.0,13.53564362053812,high_ngal5
2379,11200,30,389327343321088.0,14.590314906252068,high_ngal5
2380,11202,90,239398222299136.0,14.37912092113914,high_ngal5
2381,11206,523,70654569218048.0,13.849140252837351,high_ngal5
2389,11230,231,121593208504320.0,14.084909318427938,high_ngal5
2395,11251,1692,10293136588800.0,13.012547735854486,high_ngal5
2404,11270,44,332506201063424.0,14.521799749075257,high_ngal5
2413,11294,94,141371298021376.0,14.15036124555552,high_ngal5
2417,11309,341,95518411718656.0,13.980087092391258,high_ngal5
2419,11315,464,80022396207104.0,13.90321155184105,high_ngal5
2422,11326,175,148736479068160.0,14.172417496531809,high_ngal5
2424,11333,148,122913483128832.0,14.089599525907348,high_ngal5
2427,11340,297,98328016584704.0,13.992677278915956,high_ngal5
2428,11343,74,205864174616576.0,14.313580775369577,high_ngal5
2434,11360,1121,34540905037824.0,13.538333712727198,high_ngal5
2447,11402,55,242969403719680.0,14.385551587868612,high_ngal5
2450,11414,156,170201618317312.0,14.23096368514303,high_ngal5
2457,11442,3022,13873717444608.0,13.142192845310037,high_ngal5
2458,11444,407,75625037561856.0,13.878665603368333,high_ngal5
2476,11526,707,54530980970496.0,13.73664331038151,high_ngal5
2478,11531,40,235068089958400.0,14.371193678484511,high_ngal5
2479,11533,88,223381030961152.0,14.349046290987864,high_ngal5
2480,11535,93,235066697449472.0,14.371191105780005,high_ngal5
2481,11538,479,74532631085056.0,13.872346452580745,high_ngal5
2486,11559,4,841819696922624.0,14.925219083166256,high_ngal5
2489,11567,919,41157715296256.0,13.614451258661624,high_ngal5
2492,11574,207,96327551680512.0,13.983750522134436,high_ngal5
2497,11593,56,296168328265728.0,14.47153861395946,high_ngal5
2498,11595,594,68042126000128.0,13.832777874836172,high_ngal5
2523,11693,74,205864174616576.0,14.313580775369577,high_ngal5
2528,11709,4776,10271374442496.0,13.011628561693929,high_ngal5
2536,11732,554,70259662913536.0,13.84670606183599,high_ngal5
2542,11752,499,50880686587904.0,13.70655296308309,high_ngal5
2545,11761,68,276792942264320.0,14.442155012176563,high_ngal5
2549,11773,80,193627108147200.0,14.286966159246084,high_ngal5
2568,11855,5,733527398154240.0,14.865416339917514,high_ngal5
2569,11858,354,97267235160064.0,13.987966571146448,high_ngal5
2582,11911,52,275655178584064.0,14.440366155746386,high_ngal5
2584,11916,4776,10271374442496.0,13.011628561693929,high_ngal5
2590,11939,214,138947200024576.0,14.142849799575943,high_ngal5
2591,11940,5,733527398154240.0,14.865416339917514,high_ngal5
2597,11958,13,553877338324992.0,14.743413596521044,high_ngal5
2601,11971,55,242969403719680.0,14.385551587868612,high_ngal5
2611,12002,777,51981146128384.0,13.715845850996953,high_ngal5
2612,12004,618,61449854517248.0,13.78852085902994,high_ngal5
2615,12010,343,105406022025216.0,14.02286542356733,high_ngal5
2617,12018,237,74851809230848.0,13.874202302066884,high_ngal5
2620,12027,90,239398222299136.0,14.37912092113914,high_ngal5
2626,12053,1682,24637930995712.0,13.391604234544618,high_ngal5
2627,12056,206,115317153988608.0,14.061893915520756,high_ngal5
2631,12072,987,23991269982208.0,13.380053238033137,high_ngal5
2636,12086,133,198890708008960.0,14.29861449375943,high_ngal5
2638,12091,239,113186665660416.0,14.053795266329251,high_ngal5
2640,12096,8,398251614273536.0,14.600157544846471,high_ngal5
2641,12099,5435,8389620400128.0,12.923742311024254,high_ngal5
2642,12101,91,164138567335936.0,14.21521063841577,high_ngal5
2643,12105,317,108471882088448.0,14.035317175636992,high_ngal5
2653,12141,229,144828495036416.0,14.160854017797469,high_ngal5
2667,12190,550,57694941609984.0,13.76113773816142,high_ngal5
2668,12193,5154,8908629344256.0,12.949810889893556,high_ngal5
2679,12232,138,156064733462528.0,14.193304774984238,high_ngal5
2685,12253,4,841819696922624.0,14.925219083166256,high_ngal5
2693,12289,4,841819696922624.0,14.925219083166256,high_ngal5
2694,12291,2014,24412074016768.0,13.387604678056029,high_ngal5
2701,12318,1737,13172439252992.0,13.119666204424464,high_ngal5
2706,12333,432,71766454042624.0,13.855921488411973,high_ngal5
2710,12346,275,100861292314624.0,14.003724528383044,high_ngal5
2721,12398,10343,4609045692416.0,12.663611013584656,high_ngal5
2722,12401,356,95938353823744.0,13.981992262270406,high_ngal5
2725,12410,1336,26570152476672.0,13.424394046679277,high_ngal5
2728,12421,24792,1686270377984.0,12.226927211007627,high_ngal5
2732,12436,131,185050360446976.0,14.267289935364555,high_ngal5
2736,12454,369,93300698644480.0,13.969884895796945,high_ngal5
2737,12455,1701,25694396481536.0,13.409838421288878,high_ngal5
2742,12476,268,101358334115840.0,14.00585946404741,high_ngal5
2753,12511,149,134479007973376.0,14.128654496733631,high_ngal5
2755,12519,37,197666877210624.0,14.2959339012316,high_ngal5
2757,12526,8,398251614273536.0,14.600157544846471,high_ngal5
2758,12527,354,97267235160064.0,13.987966571146448,high_ngal5
2764,12545,4,841819696922624.0,14.925219083166256,high_ngal5
2768,12556,23,392225506721792.0,14.593535832749234,high_ngal5
2771,12564,227,121109320040448.0,14.083177565821742,high_ngal5
2772,12567,70,258570536878080.0,14.412579037171405,high_ngal5
2775,12574,23,392225506721792.0,14.593535832749234,high_ngal5
2786,12607,3022,13873717444608.0,13.142192845310037,high_ngal5
2789,12614,2059,22282026090496.0,13.347954678418915,high_ngal5
2804,12662,95,183994033373184.0,14.264803739775209,high_ngal5
2811,12687,357,94136631820288.0,13.973758655325671,high_ngal5
2816,12699,20,431286791438336.0,14.63476615767462,high_ngal5
2830,12752,337,96431452979200.0,13.984218710535105,high_ngal5
2832,12755,100,179395750789120.0,14.253812152026397,high_ngal5
2839,12784,116,198077717676032.0,14.296835623268862,high_ngal5
2842,12793,227,121109320040448.0,14.083177565821742,high_ngal5
2844,12801,1030,37313014923264.0,13.571860341821226,high_ngal5
2846,12805,367,99850288889856.0,13.999349325722385,high_ngal5
2850,12819,237,74851809230848.0,13.874202302066884,high_ngal5
2851,12822,7,581220677189632.0,14.764341056124303,high_ngal5
2852,12825,1822,21864581693440.0,13.33974117296976,high_ngal5
2864,12860,217,144810090430464.0,14.160798824745036,high_ngal5
2878,12909,1086,33712083304448.0,13.527785591431366,high_ngal5
2879,12910,82,135533791543296.0,14.132047587839036,high_ngal5
2880,12911,723,42922057662464.0,13.632680533658156,high_ngal5
2882,12922,193,98666782130176.0,13.994170964567004,high_ngal5
2883,12925,217,144810090430464.0,14.160798824745036,high_ngal5
2890,12949,610,60040820031488.0,13.778446615162142,high_ngal5
2891,12952,1,1307340129173504.0,15.116388592175756,high_ngal5
2905,13003,201,151025663082496.0,14.179050751188042,high_ngal5
2909,13013,2026,20392764768256.0,13.30947610965254,high_ngal5
2913,13029,455,74523831435264.0,13.872295174839584,high_ngal5
2917,13044,422,87033871597568.0,13.939688303022058,high_ngal5
2920,13050,675,57136910434304.0,13.756916753064406,high_ngal5
2925,13066,2255,21215601229824.0,13.326655343766792,high_ngal5
2926,13070,2014,24412074016768.0,13.387604678056029,high_ngal5
2930,13083,708,33299906953216.0,13.522443019999974,high_ngal5
2942,13133,291,91769182093312.0,13.962696861006464,high_ngal5
2943,13137,28,471019466784768.0,14.673038856476026,high_ngal5
2947,13148,764,54687277514752.0,13.737886303521826,high_ngal5
2949,13153,2883,14846562140160.0,13.17162590035971,high_ngal5
2966,13216,1007,44479826362368.0,13.648163083205011,high_ngal5
2981,13265,1412,26058009083904.0,13.415941231142323,high_ngal5
2984,13276,214,138947200024576.0,14.142849799575943,high_ngal5
2990,13294,39,334133456797696.0,14.523919963740935,high_ngal5
3003,13336,2,1033314370584576.0,15.014232469282954,high_ngal5
3004,13338,85,123098057670656.0,14.090251200375905,high_ngal5
3008,13349,241,116610618621952.0,14.066738099299023,high_ngal5
3009,13352,5,733527398154240.0,14.865416339917514,high_ngal5
3012,13362,1947,24587314135040.0,13.39071108994085,high_ngal5
3013,13363,548,75069074178048.0,13.875461059774146,high_ngal5
3024,13409,183,182627713679360.0,14.261566682205684,high_ngal5
3028,13428,639,61046635102208.0,13.785661730577091,high_ngal5
3031,13436,118,192892568076288.0,14.28531549511078,high_ngal5
3033,13440,7,581220677189632.0,14.764341056124303,high_ngal5
3041,13463,718,48454722125824.0,13.68533610735697,high_ngal5
3042,13465,192,129208068079616.0,14.111289632955176,high_ngal5
3046,13482,265,116946104221696.0,14.067985758909591,high_ngal5
3055,13524,228,104807805222912.0,14.020393626531456,high_ngal5
3062,13550,971,18281220014080.0,13.2620051754078,high_ngal5
3073,13598,2059,22282026090496.0,13.347954678418915,high_ngal5
3074,13599,241,116610618621952.0,14.066738099299023,high_ngal5
3075,13601,5,733527398154240.0,14.865416339917514,high_ngal5
3088,13652,446,80648580628480.0,13.9065967284436,high_ngal5
3096,13682,4852,9032182005760.0,12.955792680389546,high_ngal5
3104,13709,703,55955853148160.0,13.747845521731092,high_ngal5
3109,13731,84,158344471904256.0,14.19960290595621,high_ngal5
3112,13740,241,116610618621952.0,14.066738099299023,high_ngal5
3115,13749,108,199525524307968.0,14.299998460709714,high_ngal5
3116,13751,1198,35459849781248.0,13.54973689146475,high_ngal5
3117,13754,1251,31752647081984.0,13.501779936405264,high_ngal5
3119,13761,594,68042126000128.0,13.832777874836172,high_ngal5
3121,13766,57,301115828600832.0,14.478733585447388,high_ngal5
3126,13789,70,258570536878080.0,14.412579037171405,high_ngal5
3129,13793,128,167641163497472.0,14.224380666351609,high_ngal5
3132,13799,291,91769182093312.0,13.962696861006464,high_ngal5
3141,13836,72,275153237835776.0,14.439574627690288,high_ngal5
3152,13864,308,100990426546176.0,14.004280206503156,high_ngal5
3165,13913,25,219906721185792.0,14.342238503254803,high_ngal5
3173,13942,214,138947200024576.0,14.142849799575943,high_ngal5
3183,13975,414,81897241706496.0,13.91326927499826,high_ngal5
3200,14037,122,201308741042176.0,14.303862632831848,high_ngal5
3203,14048,86,192014666694656.0,14.283334402772732,high_ngal5
3211,14084,21292,2089932816384.0,12.320132325372931,high_ngal5
3216,14102,197,138800206446592.0,14.1423901120738,high_ngal5
3219,14113,101,121944716345344.0,14.086162987825046,high_ngal5
3222,14127,732,56478928994304.0,13.751886452628131,high_ngal5
3223,14129,1848,24820431454208.0,13.394809326580646,high_ngal5
3224,14131,2,1033314370584576.0,15.014232469282954,high_ngal5
3228,14143,17,416661488271360.0,14.619783360778436,high_ngal5
3233,14155,80,193627108147200.0,14.286966159246084,high_ngal5
3240,14177,293,100814081228800.0,14.003521196522817,high_ngal5
3251,14212,491,74550289104896.0,13.872449331979723,high_ngal5
3258,14231,400,67376317988864.0,13.828507273774644,high_ngal5
3262,14238,45,305942902079488.0,14.485640381953424,high_ngal5
3264,14244,791,50164374962176.0,13.700395405395952,high_ngal5
3273,14281,2551,15600938123264.0,13.1931507143485,high_ngal5
3280,14298,550,57694941609984.0,13.76113773816142,high_ngal5
3283,14308,62,174374598475776.0,14.241483220589254,high_ngal5
3292,14352,14,437283203317760.0,14.640762795784122,high_ngal5
3295,14362,285,131206410665984.0,14.117955054924138,high_ngal5
3298,14371,315,87792570859520.0,13.943457766803316,high_ngal5
3303,14393,342,63594288906240.0,13.80341811552461,high_ngal5
3309,14407,657,62052332732416.0,13.792758112567595,high_ngal5
3311,14412,1007,44479826362368.0,13.648163083205011,high_ngal5
3314,14421,450,82344773943296.0,13.91563604164045,high_ngal5
3317,14429,233,146538932207616.0,14.165953022619735,high_ngal5
3319,14435,21,382146090893312.0,14.582229421392803,high_ngal5
3327,14465,128,167641163497472.0,14.224380666351609,high_ngal5
3329,14473,2,1033314370584576.0,15.014232469282954,high_ngal5
3333,14487,398,58272455327744.0,13.765463317606624,high_ngal5
3334,14491,189,142160531816448.0,14.1527790394773,high_ngal5
3347,14529,4,841819696922624.0,14.925219083166256,high_ngal5
3348,14531,342,63594288906240.0,13.80341811552461,high_ngal5
3353,14551,149,134479007973376.0,14.128654496733631,high_ngal5
3357,14568,5435,8389620400128.0,12.923742311024254,high_ngal5
3358,14570,739,56257197113344.0,13.75017809063523,high_ngal5
3360,14576,93,235066697449472.0,14.371191105780005,high_ngal5
3361,14577,178,91614747820032.0,13.961965390494417,high_ngal5
3374,14627,37,197666877210624.0,14.2959339012316,high_ngal5
3375,14628,7,581220677189632.0,14.764341056124303,high_ngal5
3379,14637,206,115317153988608.0,14.061893915520756,high_ngal5
3382,14645,5,733527398154240.0,14.865416339917514,high_ngal5
3387,14663,504,72348950593536.0,13.85943223614971,high_ngal5
3405,14725,657,62052332732416.0,13.792758112567595,high_ngal5
3408,14732,5,733527398154240.0,14.865416339917514,high_ngal5
3411,14742,164,162742719741952.0,14.211501569611247,high_ngal5
3413,14749,1687,24665395298304.0,13.39208808004533,high_ngal5
3417,14764,43,343380722712576.0,14.53577591035154,high_ngal5
3422,14783,644,58801696800768.0,13.769389858398895,high_ngal5
3432,14821,635,56298792026112.0,13.750499076520583,high_ngal5
3434,14825,2104,22701823492096.0,13.356060742688664,high_ngal5
3452,14870,19,467371865145344.0,14.669662565180955,high_ngal5
3457,14885,70,258570536878080.0,14.412579037171405,high_ngal5
3458,14887,1533,27039268601856.0,13.431994939988757,high_ngal5
3463,14904,145,155587975315456.0,14.191976029312148,high_ngal5
3467,14918,118,192892568076288.0,14.28531549511078,high_ngal5
3469,14922,1761,15409655840768.0,13.18779293929438,high_ngal5
3475,14945,2,1033314370584576.0,15.014232469282954,high_ngal5
3489,14998,319,95636196163584.0,13.980622294147857,high_ngal5
3494,15016,206,115317153988608.0,14.061893915520756,high_ngal5
3502,15042,657,62052332732416.0,13.792758112567595,high_ngal5
3504,15045,568,62956708560896.0,13.799042014598683,high_ngal5
3509,15063,3492,13315706191872.0,13.124364203978136,high_ngal5
3516,15077,2343,20930908651520.0,13.32078808231744,high_ngal5
3528,15126,523,70654569218048.0,13.849140252837351,high_ngal5
3536,15152,24,367364893835264.0,14.565097651855222,high_ngal5
3556,15224,131,185050360446976.0,14.267289935364555,high_ngal5
3558,15230,750,54375057719296.0,13.735399730967906,high_ngal5
3561,15239,21,382146090893312.0,14.582229421392803,high_ngal5
3571,15285,487,68941133119488.0,13.838478417213745,high_ngal5
3577,15306,419,79921825185792.0,13.902665393374416,high_ngal5
3589,15348,133,198890708008960.0,14.29861449375943,high_ngal5
3594,15363,243,117173376778240.0,14.068828945882146,high_ngal5
3607,15404,405,77950888181760.0,13.891821067956416,high_ngal5
3629,15480,1156,26604791136256.0,13.42495985379908,high_ngal5
3633,15491,110,164342309847040.0,14.215749386731398,high_ngal5
3638,15512,548,75069074178048.0,13.875461059774146,high_ngal5
3648,15544,239,113186665660416.0,14.053795266329251,high_ngal5
3650,15549,5336,9389218988032.0,12.972629468379552,high_ngal5
3678,15635,97,228157068148736.0,14.358233927460835,high_ngal5
3683,15650,2,1033314370584576.0,15.014232469282954,high_ngal5
3685,15655,641,54070911959040.0,13.732963694440407,high_ngal5
3697,15697,68,276792942264320.0,14.442155012176563,high_ngal5
3707,15734,19,467371865145344.0,14.669662565180955,high_ngal5
3732,15818,2565,18356220461056.0,13.26378326499806,high_ngal5
3734,15823,963,42378647830528.0,13.627147095623746,high_ngal5
3739,15836,2014,24412074016768.0,13.387604678056029,high_ngal5
3743,15850,278,120271566536704.0,14.080162967691026,high_ngal5
3757,15901,352,94567856603136.0,13.975743545788117,high_ngal5
3759,15905,80,193627108147200.0,14.286966159246084,high_ngal5
3761,15910,1064,36202195451904.0,13.5587349087579,high_ngal5
3767,15923,263,103605214380032.0,14.015381613705411,high_ngal5
3773,15949,557,65727797133312.0,13.817749077147573,high_ngal5
3777,15957,88,223381030961152.0,14.349046290987864,high_ngal5
3783,15976,455,74523831435264.0,13.872295174839584,high_ngal5
3792,16012,14,437283203317760.0,14.640762795784122,high_ngal5
3797,16031,1413,28413511335936.0,13.453524907062974,high_ngal5
3805,16060,231,121593208504320.0,14.084909318427938,high_ngal5
3808,16068,2130,16984646352896.0,13.230056508604648,high_ngal5
3818,16101,1746,21280245940224.0,13.32797664288358,high_ngal5
3821,16108,353,86192754262016.0,13.93547075867522,high_ngal5
3825,16119,1944,25524835450880.0,13.406962951032986,high_ngal5
3829,16138,661,46589586440192.0,13.668288855381904,high_ngal5
3834,16154,3734,13069813022720.0,13.116269374590354,high_ngal5
3836,16158,5,733527398154240.0,14.865416339917514,high_ngal5
3853,16210,419,79921825185792.0,13.902665393374416,high_ngal5
3856,16223,502,61252621565952.0,13.787124680910242,high_ngal5
3860,16237,193,98666782130176.0,13.994170964567004,high_ngal5
3865,16249,21,382146090893312.0,14.582229421392803,high_ngal5
3868,16259,93,235066697449472.0,14.371191105780005,high_ngal5
3871,16267,3576,11290149912576.0,13.052699708600988,high_ngal5
3876,16284,185,136576881393664.0,14.135377191784158,high_ngal5
3884,16305,806,45201494114304.0,13.655152790450169,high_ngal5
3904,16357,93,235066697449472.0,14.371191105780005,high_ngal5
3910,16375,2,1033314370584576.0,15.014232469282954,high_ngal5
3926,16434,21126,2447040053248.0,12.388641077959155,high_ngal5
3932,16454,116,198077717676032.0,14.296835623268862,high_ngal5
3934,16461,576,54804923547648.0,13.738819576249396,high_ngal5
3947,16506,12,655181557530624.0,14.816361664125669,high_ngal5
3951,16513,987,23991269982208.0,13.380053238033137,high_ngal5
3956,16530,360,96995049996288.0,13.986749571233757,high_ngal5
3990,16650,548,75069074178048.0,13.875461059774146,high_ngal5
3994,16663,107,187167024349184.0,14.272229335830058,high_ngal5
4001,16687,0,1535789976518656.0,15.186331828797393,high_ngal5
4003,16692,1020,34816451936256.0,13.541784511094416,high_ngal5
4010,16711,354,97267235160064.0,13.987966571146448,high_ngal5
4016,16732,1251,31752647081984.0,13.501779936405264,high_ngal5
4018,16740,52,275655178584064.0,14.440366155746386,high_ngal5
4020,16745,2452,17822501568512.0,13.250968661606157,high_ngal5
4022,16749,145,155587975315456.0,14.191976029312148,high_ngal5
4035,16795,8,398251614273536.0,14.600157544846471,high_ngal5
4073,16916,581,40077640073216.0,13.602902140669704,high_ngal5
4074,16917,109,188158054498304.0,14.274522813935697,high_ngal5
4087,16945,3792,12543354470400.0,13.098413695439454,high_ngal5
4093,16966,250,78968426332160.0,13.897453483561131,high_ngal5
4123,17071,739,56257197113344.0,13.75017809063523,high_ngal5
4131,17102,1336,26570152476672.0,13.424394046679277,high_ngal5
4138,17125,25,219906721185792.0,14.342238503254803,high_ngal5
4154,17173,1,1307340129173504.0,15.116388592175756,high_ngal5
4166,17205,266,86725086937088.0,13.938144743870438,high_ngal5
4178,17248,437,84636801695744.0,13.92755924363093,high_ngal5
4180,17252,5,733527398154240.0,14.865416339917514,high_ngal5
4185,17268,168,173127850000384.0,14.238366935747166,high_ngal5
4195,17303,225,128242103091200.0,14.108030631565471,high_ngal5
4196,17304,14,437283203317760.0,14.640762795784122,high_ngal5
4215,17378,312,90020350263296.0,13.954340698417177,high_ngal5
4232,17422,123,71453248585728.0,13.85402197855433,high_ngal5
4233,17423,4132,7882572562432.0,12.896667977303704,high_ngal5
4238,17437,1522,26302249697280.0,13.419992896373008,high_ngal5
4241,17448,67,278848855867392.0,14.445368866896445,high_ngal5
4253,17493,0,1535789976518656.0,15.186331828797393,high_ngal5
4260,17517,56,296168328265728.0,14.47153861395946,high_ngal5
4264,17526,17,416661488271360.0,14.619783360778436,high_ngal5
4287,17609,67,278848855867392.0,14.445368866896445,high_ngal5
4289,17614,93,235066697449472.0,14.371191105780005,high_ngal5
4301,17653,297,98328016584704.0,13.992677278915956,high_ngal5
4302,17655,517,62366234443776.0,13.79494952295672,high_ngal5
4309,17672,48,324151516594176.0,14.510748057859148,high_ngal5
4323,17713,120,203439883681792.0,14.308436098856747,high_ngal5
4327,17724,8025,6284411142144.0,12.798264589945829,high_ngal5
4328,17726,125,135592662794240.0,14.132236189573916,high_ngal5
4333,17738,52,275655178584064.0,14.440366155746386,high_ngal5
4334,17739,39,334133456797696.0,14.523919963740935,high_ngal5
4335,17741,79,253893451710464.0,14.404651499917891,high_ngal5
4356,17809,411,84143316664320.0,13.92501962653793,high_ngal5
4360,17820,778,53514088742912.0,13.728468134503428,high_ngal5
4367,17837,132,179053478805504.0,14.252982763277869,high_ngal5
4383,17877,58,279208861368320.0,14.445929197555325,high_ngal5
4393,17901,1015,42936641257472.0,13.632828068502706,high_ngal5
4394,17902,175,148736479068160.0,14.172417496531809,high_ngal5
4411,17955,338,84481679556608.0,13.926762539362514,high_ngal5
4417,17975,400,67376317988864.0,13.828507273774644,high_ngal5
4445,18078,75,134628685905920.0,14.129137606717835,high_ngal5
4493,18232,685,49596285845504.0,13.695449154369244,high_ngal5
4495,18239,88,223381030961152.0,14.349046290987864,high_ngal5
4510,18287,9,641211639529472.0,14.807001397240343,high_ngal5
4551,18425,1715,30002506629120.0,13.477157540376938,high_ngal5
4553,18429,30,389327343321088.0,14.590314906252068,high_ngal5
4561,18448,915,43412803813376.0,13.637617835628028,high_ngal5
4569,18476,13302,3584111149056.0,12.554381469369885,high_ngal5
4582,18517,327,99669908652032.0,13.998564060228068,high_ngal5
4595,18554,915,43412803813376.0,13.637617835628028,high_ngal5
4602,18576,600,63358732599296.0,13.801806481229209,high_ngal5
4603,18578,284,109812230651904.0,14.040650713600575,high_ngal5
4608,18591,857,45056484442112.0,13.653757302635166,high_ngal5
4609,18592,266,86725086937088.0,13.938144743870438,high_ngal5
4611,18597,3338,14494706171904.0,13.161209416019812,high_ngal5
4634,18674,1412,26058009083904.0,13.415941231142323,high_ngal5
4642,18704,30,389327343321088.0,14.590314906252068,high_ngal5
4644,18709,243,117173376778240.0,14.068828945882146,high_ngal5
4660,18757,160,171195450261504.0,14.233492218562052,high_ngal5
4661,18760,354,97267235160064.0,13.987966571146448,high_ngal5
4662,18762,334,104113522081792.0,14.017507138579992,high_ngal5
4672,18789,336,101111641931776.0,14.0048011628674,high_ngal5
4682,18821,74,205864174616576.0,14.313580775369577,high_ngal5
4688,18840,11,547336941993984.0,14.738254761430827,high_ngal5
4706,18892,0,1535789976518656.0,15.186331828797393,high_ngal5
4712,18905,367,99850288889856.0,13.999349325722385,high_ngal5
4756,19067,9,641211639529472.0,14.807001397240343,high_ngal5
4766,19110,280,87607643996160.0,13.94254200115118,high_ngal5
4770,19121,122,201308741042176.0,14.303862632831848,high_ngal5
4789,19176,437,84636801695744.0,13.92755924363093,high_ngal5
4792,19186,69,269337868894208.0,14.43029741949233,high_ngal5
4808,19240,2958,16279280812032.0,13.21163521466466,high_ngal5
4811,19248,14302,2902477242368.0,12.46276882322448,high_ngal5
4837,19337,455,74523831435264.0,13.872295174839584,high_ngal5
4853,19384,109,188158054498304.0,14.274522813935697,high_ngal5
4859,19406,101,121944716345344.0,14.086162987825046,high_ngal5
4865,19423,2039,23104170491904.0,13.363690380677458,high_ngal5
4866,19424,2014,24412074016768.0,13.387604678056029,high_ngal5
4870,19435,594,68042126000128.0,13.832777874836172,high_ngal5
4873,19442,1117,30655123554304.0,13.486503070874091,high_ngal5
4890,19491,707,54530980970496.0,13.73664331038151,high_ngal5
4898,19510,1148,34034721751040.0,13.531922204404935,high_ngal5
4908,19535,84,158344471904256.0,14.19960290595621,high_ngal5
4929,19613,811,55779629465600.0,13.746475624996728,high_ngal5
4931,19618,145,155587975315456.0,14.191976029312148,high_ngal5
4932,19619,6914,6254892154880.0,12.79621982610869,high_ngal5
4935,19627,9379,4671741100032.0,12.66947876690764,high_ngal5
4939,19640,41,357260815499264.0,14.552985385232216,high_ngal5
4940,19642,26,278377265102848.0,14.444633763828053,high_ngal5
4955,19688,116,198077717676032.0,14.296835623268862,high_ngal5
4962,19709,2125,16832335446016.0,13.226144377470204,high_ngal5
4968,19731,455,74523831435264.0,13.872295174839584,high_ngal5
4988,19787,583,64927419072512.0,13.812428139591622,high_ngal5
4991,19797,88,223381030961152.0,14.349046290987864,high_ngal5
5037,19937,354,97267235160064.0,13.987966571146448,high_ngal5
5040,19946,2467,18016039337984.0,13.255659321453376,high_ngal5
5058,20005,672,54302471094272.0,13.73481959309139,high_ngal5
5062,20018,548,75069074178048.0,13.875461059774146,high_ngal5
5078,20068,189,142160531816448.0,14.1527790394773,high_ngal5
5079,20070,56,296168328265728.0,14.47153861395946,high_ngal5
5096,20114,239,113186665660416.0,14.053795266329251,high_ngal5
5119,20178,242,109316430364672.0,14.038685441734156,high_ngal5
5124,20192,18,407155215695872.0,14.609760002516866,high_ngal5
5129,20206,21,382146090893312.0,14.582229421392803,high_ngal5
5135,20229,197,138800206446592.0,14.1423901120738,high_ngal5
5139,20239,764,54687277514752.0,13.737886303521826,high_ngal5
5141,20243,116,198077717676032.0,14.296835623268862,high_ngal5
5144,20246,137,173721042026496.0,14.23985242571552,high_ngal5
5147,20255,399,61582495186944.0,13.789457281578663,high_ngal5
5151,20263,1963,25916585541632.0,13.413577783537026,high_ngal5
5157,20286,332,99754541318144.0,13.998932676033132,high_ngal5
5169,20320,938,42465805467648.0,13.628039365953748,high_ngal5
5175,20338,174,128181143076864.0,14.107824140159272,high_ngal5
5207,20451,716,60128938164224.0,13.77908353457076,high_ngal5
5209,20459,54,314248664186880.0,14.497273440256166,high_ngal5
5224,20496,2343,20930908651520.0,13.32078808231744,high_ngal5
5225,20497,2,1033314370584576.0,15.014232469282954,high_ngal5
5228,20508,128,167641163497472.0,14.224380666351609,high_ngal5
5254,20595,93,235066697449472.0,14.371191105780005,high_ngal5
5262,20623,625,42342132219904.0,13.62677272397207,high_ngal5
5365,20952,0,1535789976518656.0,15.186331828797393,high_ngal5
5370,20963,1974,20866920349696.0,13.319458358321604,high_ngal5
5382,21000,84,158344471904256.0,14.19960290595621,high_ngal5
5394,21031,144,177805841137664.0,14.24994602396933,high_ngal5
5404,21063,2,1033314370584576.0,15.014232469282954,high_ngal5
5425,21118,363,90174650318848.0,13.955084466877407,high_ngal5
5434,21138,1,1307340129173504.0,15.116388592175756,high_ngal5
5446,21174,1617,21241257787392.0,13.32718022963874,high_ngal5
5532,21425,2866,10838831267840.0,13.034982455514884,high_ngal5
5539,21444,24,367364893835264.0,14.565097651855222,high_ngal5
5546,21462,1874,22557489102848.0,13.353290756239227,high_ngal5
5559,21506,15,497315974479872.0,14.696632409598273,high_ngal5
5561,21511,1726,28609909620736.0,13.456516485862668,high_ngal5
5578,21555,1186,35239422328832.0,13.54702878051592,high_ngal5
5580,21561,54,314248664186880.0,14.497273440256166,high_ngal5
5587,21581,3061,11308811419648.0,13.053416962041831,high_ngal5
5588,21583,84,158344471904256.0,14.19960290595621,high_ngal5
5594,21600,131,185050360446976.0,14.267289935364555,high_ngal5
5600,21617,4177,9198640300032.0,12.9637236367114,high_ngal5
5601,21620,2813,12571470987264.0,13.099386097437336,high_ngal5
5611,21646,239,113186665660416.0,14.053795266329251,high_ngal5
5621,21677,378,51961936216064.0,13.71568532547038,high_ngal5
5625,21689,151,177005769261056.0,14.24798742182739,high_ngal5
5637,21722,265,116946104221696.0,14.067985758909591,high_ngal5
5662,21808,80,193627108147200.0,14.286966159246084,high_ngal5
5676,21846,1026,41776719069184.0,13.62093432970606,high_ngal5
5690,21889,418,64368444178432.0,13.808673012113472,high_ngal5
5701,21920,38,128062117117952.0,14.107420677287024,high_ngal5
5714,21960,1412,26058009083904.0,13.415941231142323,high_ngal5
5748,22060,271,98774273753088.0,13.99464384517519,high_ngal5
5777,22124,811,55779629465600.0,13.746475624996728,high_ngal5
5804,22214,80,193627108147200.0,14.286966159246084,high_ngal5
5844,22321,24,367364893835264.0,14.565097651855222,high_ngal5
5870,22404,726,55012763893760.0,13.740463464867142,high_ngal5
5877,22424,193,98666782130176.0,13.994170964567004,high_ngal5
5878,22425,133,198890708008960.0,14.29861449375943,high_ngal5
5889,22469,152,163909508005888.0,14.214604146704874,high_ngal5
5920,22553,343,105406022025216.0,14.02286542356733,high_ngal5
5923,22560,1782,26502519324672.0,13.423287159853702,high_ngal5
5925,22563,579,68386394472448.0,13.834969707081504,high_ngal5
5962,22678,35,381228075188224.0,14.581184876358591,high_ngal5
6000,22814,56,296168328265728.0,14.47153861395946,high_ngal5
6007,22835,9,641211639529472.0,14.807001397240343,high_ngal5
6032,22910,754,54715698118656.0,13.7381119447652,high_ngal5
6059,23000,271,98774273753088.0,13.99464384517519,high_ngal5
6077,23070,6914,6254892154880.0,12.79621982610869,high_ngal5
6092,23113,25,219906721185792.0,14.342238503254803,high_ngal5
6171,23351,64,279798244966400.0,14.446844986053598,high_ngal5
6210,23460,69,269337868894208.0,14.43029741949233,high_ngal5
6250,23578,107,187167024349184.0,14.272229335830058,high_ngal5
6293,23708,58,279208861368320.0,14.445929197555325,high_ngal5
6303,23735,93,235066697449472.0,14.371191105780005,high_ngal5
6356,23890,191,156477503307776.0,14.194451908070404,high_ngal5
6399,24029,226,114129838800896.0,14.057399203860903,high_ngal5
6450,24197,83,128114512363520.0,14.10759832788998,high_ngal5
6468,24246,719,52121881804800.0,13.71702008706141,high_ngal5
6469,24247,51,316146536415232.0,14.499888428205248,high_ngal5
6479,24272,242,109316430364672.0,14.038685441734156,high_ngal5
6514,24377,87,78567408926720.0,13.895242430790525,high_ngal5
6567,24536,41,357260815499264.0,14.552985385232216,high_ngal5
6638,24766,191,156477503307776.0,14.194451908070404,high_ngal5
6678,24866,624,47573284945920.0,13.677363140585983,high_ngal5
6734,24999,48,324151516594176.0,14.510748057859148,high_ngal5
6738,25012,60,290497797029888.0,14.463142843296431,high_ngal5
6783,25154,3492,13315706191872.0,13.124364203978136,high_ngal5
6808,25218,1203,37577016999936.0,13.574922301259804,high_ngal5
6830,25274,2419,20165412519936.0,13.304607110712563,high_ngal5
6873,25391,90,239398222299136.0,14.37912092113914,high_ngal5
6909,25482,4068,11765202026496.0,13.070599389075923,high_ngal5
6968,25658,347,51592959098880.0,13.712590437418966,high_ngal5
7013,25787,75,134628685905920.0,14.129137606717835,high_ngal5
7039,25872,32,390393736724480.0,14.59150284145414,high_ngal5
7109,26071,27,456104488206336.0,14.659064345851233,high_ngal5
7194,26317,3360,13231308406784.0,13.121602792467918,high_ngal5
7204,26334,12,655181557530624.0,14.816361664125669,high_ngal5
7223,26383,1291,31427647242240.0,13.497311869787596,high_ngal5
7257,26472,6,459285179924480.0,14.662082431960792,high_ngal5
7270,26505,2972,12689573150720.0,13.103447013630976,high_ngal5
7308,26625,1687,24665395298304.0,13.39208808004533,high_ngal5
7453,27050,59,213580418908160.0,14.329561433984113,high_ngal5
7631,27563,9,641211639529472.0,14.807001397240343,high_ngal5
7658,27631,82,135533791543296.0,14.132047587839036,high_ngal5
7659,27632,1884,22378010640384.0,13.349821476012478,high_ngal5
7946,28436,368,88182574022656.0,13.945382771599856,high_ngal5
8092,28819,432,71766454042624.0,13.855921488411973,high_ngal5
36,494,1,1307340129173504.0,15.116388592175756,high_nhalo10
40,537,128,167641163497472.0,14.224380666351609,high_nhalo10
65,747,8,398251614273536.0,14.600157544846471,high_nhalo10
99,983,25,219906721185792.0,14.342238503254803,high_nhalo10
101,1003,35,381228075188224.0,14.581184876358591,high_nhalo10
102,1017,56,296168328265728.0,14.47153861395946,high_nhalo10
108,1065,191,156477503307776.0,14.194451908070404,high_nhalo10
111,1086,21,382146090893312.0,14.582229421392803,high_nhalo10
129,1205,130,164261326225408.0,14.215535324944792,high_nhalo10
135,1251,56,296168328265728.0,14.47153861395946,high_nhalo10
139,1280,19,467371865145344.0,14.669662565180955,high_nhalo10
141,1301,106,201667337256960.0,14.304635564064275,high_nhalo10
142,1309,113,200451358195712.0,14.302009003240094,high_nhalo10
147,1344,35,381228075188224.0,14.581184876358591,high_nhalo10
152,1377,147,187930807107584.0,14.273997978930446,high_nhalo10
155,1396,192,129208068079616.0,14.111289632955176,high_nhalo10
160,1425,77,230889556541440.0,14.363404289612728,high_nhalo10
163,1441,54,314248664186880.0,14.497273440256166,high_nhalo10
170,1482,130,164261326225408.0,14.215535324944792,high_nhalo10
179,1534,132,179053478805504.0,14.252982763277869,high_nhalo10
192,1617,70,258570536878080.0,14.412579037171405,high_nhalo10
193,1626,2,1033314370584576.0,15.014232469282954,high_nhalo10
194,1636,2,1033314370584576.0,15.014232469282954,high_nhalo10
198,1662,88,223381030961152.0,14.349046290987864,high_nhalo10
203,1708,3,899670222045184.0,14.95408334611498,high_nhalo10
210,1748,37,197666877210624.0,14.2959339012316,high_nhalo10
229,1860,214,138947200024576.0,14.142849799575943,high_nhalo10
235,1896,7810,6039436525568.0,12.780996421195312,high_nhalo10
241,1920,2,1033314370584576.0,15.014232469282954,high_nhalo10
242,1924,15850,3375513468928.0,12.52833984524424,high_nhalo10
246,1965,8,398251614273536.0,14.600157544846471,high_nhalo10
250,1988,39,334133456797696.0,14.523919963740935,high_nhalo10
254,2011,197,138800206446592.0,14.1423901120738,high_nhalo10
258,2033,4,841819696922624.0,14.925219083166256,high_nhalo10
264,2061,319,95636196163584.0,13.980622294147857,high_nhalo10
267,2079,360,96995049996288.0,13.986749571233757,high_nhalo10
268,2087,337,96431452979200.0,13.984218710535105,high_nhalo10
269,2097,14,437283203317760.0,14.640762795784122,high_nhalo10
277,2137,67,278848855867392.0,14.445368866896445,high_nhalo10
284,2165,414,81897241706496.0,13.91326927499826,high_nhalo10
288,2192,109,188158054498304.0,14.274522813935697,high_nhalo10
289,2201,323,98153567092736.0,13.991906087334309,high_nhalo10
290,2208,139,146933045788672.0,14.16711948122038,high_nhalo10
302,2293,323,98153567092736.0,13.991906087334309,high_nhalo10
308,2328,14,437283203317760.0,14.640762795784122,high_nhalo10
311,2341,24,367364893835264.0,14.565097651855222,high_nhalo10
312,2353,201,151025663082496.0,14.179050751188042,high_nhalo10
313,2359,48,324151516594176.0,14.510748057859148,high_nhalo10
321,2412,25,219906721185792.0,14.342238503254803,high_nhalo10
322,2419,464,80022396207104.0,13.90321155184105,high_nhalo10
323,2426,191,156477503307776.0,14.194451908070404,high_nhalo10
328,2459,590,67743256674304.0,13.830866070987122,high_nhalo10
332,2478,2,1033314370584576.0,15.014232469282954,high_nhalo10
336,2500,53,184230525009920.0,14.265361589731892,high_nhalo10
346,2562,110,164342309847040.0,14.215749386731398,high_nhalo10
347,2570,101,121944716345344.0,14.086162987825046,high_nhalo10
354,2612,79,253893451710464.0,14.404651499917891,high_nhalo10
358,2641,51,316146536415232.0,14.499888428205248,high_nhalo10
360,2657,4,841819696922624.0,14.925219083166256,high_nhalo10
366,2688,0,1535789976518656.0,15.186331828797393,high_nhalo10
367,2696,43,343380722712576.0,14.53577591035154,high_nhalo10
374,2744,30,389327343321088.0,14.590314906252068,high_nhalo10
393,2849,0,1535789976518656.0,15.186331828797393,high_nhalo10
406,2931,474,66994992840704.0,13.8260423450454,high_nhalo10
409,2948,57,301115828600832.0,14.478733585447388,high_nhalo10
410,2954,778,53514088742912.0,13.728468134503428,high_nhalo10
414,2974,397,89933930823680.0,13.953923575930144,high_nhalo10
416,2986,135,163210233643008.0,14.21274738649718,high_nhalo10
420,3001,207,96327551680512.0,13.983750522134436,high_nhalo10
422,3018,39,334133456797696.0,14.523919963740935,high_nhalo10
424,3024,54,314248664186880.0,14.497273440256166,high_nhalo10
428,3045,16,379204239622144.0,14.578873184241475,high_nhalo10
436,3089,21,382146090893312.0,14.582229421392803,high_nhalo10
444,3147,80,193627108147200.0,14.286966159246084,high_nhalo10
446,3153,2,1033314370584576.0,15.014232469282954,high_nhalo10
447,3156,58,279208861368320.0,14.445929197555325,high_nhalo10
448,3162,39,334133456797696.0,14.523919963740935,high_nhalo10
450,3174,145,155587975315456.0,14.191976029312148,high_nhalo10
458,3220,449,65302595371008.0,13.814930442115935,high_nhalo10
464,3255,449,65302595371008.0,13.814930442115935,high_nhalo10
465,3264,58,279208861368320.0,14.445929197555325,high_nhalo10
468,3278,46,176415714574336.0,14.246537268148105,high_nhalo10
479,3334,127,201790498799616.0,14.304900713853124,high_nhalo10
488,3383,353,86192754262016.0,13.93547075867522,high_nhalo10
491,3399,7,581220677189632.0,14.764341056124303,high_nhalo10
492,3406,232,138538993582080.0,14.141572028375624,high_nhalo10
496,3426,109,188158054498304.0,14.274522813935697,high_nhalo10
497,3432,27,456104488206336.0,14.659064345851233,high_nhalo10
499,3447,84,158344471904256.0,14.19960290595621,high_nhalo10
503,3481,334,104113522081792.0,14.017507138579992,high_nhalo10
504,3489,58,279208861368320.0,14.445929197555325,high_nhalo10
505,3495,132,179053478805504.0,14.252982763277869,high_nhalo10
507,3507,221,122974577360896.0,14.089815338650387,high_nhalo10
509,3516,35,381228075188224.0,14.581184876358591,high_nhalo10
516,3545,457,66661625364480.0,13.823875898556722,high_nhalo10
520,3572,11,547336941993984.0,14.738254761430827,high_nhalo10
521,3576,223,131011845292032.0,14.117310563689344,high_nhalo10
522,3582,1,1307340129173504.0,15.116388592175756,high_nhalo10
529,3621,132,179053478805504.0,14.252982763277869,high_nhalo10
537,3655,24,367364893835264.0,14.565097651855222,high_nhalo10
544,3685,4,841819696922624.0,14.925219083166256,high_nhalo10
545,3693,108,199525524307968.0,14.299998460709714,high_nhalo10
550,3722,47,183143579516928.0,14.262791698161662,high_nhalo10
552,3734,91,164138567335936.0,14.21521063841577,high_nhalo10
555,3750,71,276122960920576.0,14.441102521766004,high_nhalo10
557,3757,100,179395750789120.0,14.253812152026397,high_nhalo10
560,3771,10,635853466501120.0,14.803357043286407,high_nhalo10
561,3775,252,118042587561984.0,14.0720387209192,high_nhalo10
563,3778,99,137743803875328.0,14.139072072109837,high_nhalo10
564,3786,174,128181143076864.0,14.107824140159272,high_nhalo10
573,3825,7,581220677189632.0,14.764341056124303,high_nhalo10
574,3828,3,899670222045184.0,14.95408334611498,high_nhalo10
580,3856,73,205733010341888.0,14.313303980849447,high_nhalo10
582,3870,3,899670222045184.0,14.95408334611498,high_nhalo10
587,3890,46,176415714574336.0,14.246537268148105,high_nhalo10
596,3928,0,1535789976518656.0,15.186331828797393,high_nhalo10
599,3940,75,134628685905920.0,14.129137606717835,high_nhalo10
600,3944,5,733527398154240.0,14.865416339917514,high_nhalo10
601,3950,315,87792570859520.0,13.943457766803316,high_nhalo10
604,3965,5,733527398154240.0,14.865416339917514,high_nhalo10
609,3994,7,581220677189632.0,14.764341056124303,high_nhalo10
617,4036,144,177805841137664.0,14.24994602396933,high_nhalo10
618,4040,289,82948426563584.0,13.918808152370818,high_nhalo10
622,4058,797,34029176881152.0,13.531851444238418,high_nhalo10
623,4066,1,1307340129173504.0,15.116388592175756,high_nhalo10
624,4073,16,379204239622144.0,14.578873184241475,high_nhalo10
628,4094,178,91614747820032.0,13.961965390494417,high_nhalo10
633,4126,824,22897445830656.0,13.359787040264878,high_nhalo10
635,4136,360,96995049996288.0,13.986749571233757,high_nhalo10
639,4160,221,122974577360896.0,14.089815338650387,high_nhalo10
640,4162,225,128242103091200.0,14.108030631565471,high_nhalo10
642,4170,2,1033314370584576.0,15.014232469282954,high_nhalo10
648,4204,223,131011845292032.0,14.117310563689344,high_nhalo10
651,4218,0,1535789976518656.0,15.186331828797393,high_nhalo10
653,4227,35,381228075188224.0,14.581184876358591,high_nhalo10
655,4234,408,82125034356736.0,13.914475564253532,high_nhalo10
656,4240,46,176415714574336.0,14.246537268148105,high_nhalo10
657,4244,25,219906721185792.0,14.342238503254803,high_nhalo10
658,4250,145,155587975315456.0,14.191976029312148,high_nhalo10
659,4257,2,1033314370584576.0,15.014232469282954,high_nhalo10
661,4266,0,1535789976518656.0,15.186331828797393,high_nhalo10
669,4313,159,169744321740800.0,14.229795255247776,high_nhalo10
671,4325,353,86192754262016.0,13.93547075867522,high_nhalo10
674,4338,0,1535789976518656.0,15.186331828797393,high_nhalo10
677,4351,99,137743803875328.0,14.139072072109837,high_nhalo10
681,4367,217,144810090430464.0,14.160798824745036,high_nhalo10
682,4371,11,547336941993984.0,14.738254761430827,high_nhalo10
683,4380,45,305942902079488.0,14.485640381953424,high_nhalo10
693,4416,90,239398222299136.0,14.37912092113914,high_nhalo10
694,4420,2,1033314370584576.0,15.014232469282954,high_nhalo10
696,4434,30,389327343321088.0,14.590314906252068,high_nhalo10
697,4437,3,899670222045184.0,14.95408334611498,high_nhalo10
700,4459,660,56467705036800.0,13.751800137478204,high_nhalo10
701,4464,41,357260815499264.0,14.552985385232216,high_nhalo10
702,4468,378,51961936216064.0,13.71568532547038,high_nhalo10
707,4487,6,459285179924480.0,14.662082431960792,high_nhalo10
715,4536,138,156064733462528.0,14.193304774984238,high_nhalo10
717,4551,131,185050360446976.0,14.267289935364555,high_nhalo10
720,4566,347,51592959098880.0,13.712590437418966,high_nhalo10
724,4583,83,128114512363520.0,14.10759832788998,high_nhalo10
725,4586,68,276792942264320.0,14.442155012176563,high_nhalo10
727,4591,8,398251614273536.0,14.600157544846471,high_nhalo10
730,4604,139,146933045788672.0,14.16711948122038,high_nhalo10
732,4612,118,192892568076288.0,14.28531549511078,high_nhalo10
736,4626,3,899670222045184.0,14.95408334611498,high_nhalo10
738,4636,0,1535789976518656.0,15.186331828797393,high_nhalo10
741,4656,877,48391908229120.0,13.684772747899844,high_nhalo10
745,4689,86,192014666694656.0,14.283334402772732,high_nhalo10
749,4702,0,1535789976518656.0,15.186331828797393,high_nhalo10
751,4710,175,148736479068160.0,14.172417496531809,high_nhalo10
753,4722,133,198890708008960.0,14.29861449375943,high_nhalo10
755,4729,76,236042040901632.0,14.372989361044429,high_nhalo10
757,4738,255,107881324085248.0,14.032946268142254,high_nhalo10
761,4753,15,497315974479872.0,14.696632409598273,high_nhalo10
765,4774,23,392225506721792.0,14.593535832749234,high_nhalo10
767,4781,504,72348950593536.0,13.85943223614971,high_nhalo10
773,4811,17,416661488271360.0,14.619783360778436,high_nhalo10
774,4815,51,316146536415232.0,14.499888428205248,high_nhalo10
780,4844,597,66684287188992.0,13.824023513211596,high_nhalo10
781,4851,209,136998895484928.0,14.13671706579338,high_nhalo10
788,4886,21,382146090893312.0,14.582229421392803,high_nhalo10
789,4888,26,278377265102848.0,14.444633763828053,high_nhalo10
793,4912,58,279208861368320.0,14.445929197555325,high_nhalo10
795,4922,175,148736479068160.0,14.172417496531809,high_nhalo10
800,4955,151,177005769261056.0,14.24798742182739,high_nhalo10
805,4983,346,41210869710848.0,13.615011779936784,high_nhalo10
807,4993,298,100322039037952.0,14.00139635057926,high_nhalo10
808,4996,4,841819696922624.0,14.925219083166256,high_nhalo10
809,4999,78,260628933509120.0,14.416022626901675,high_nhalo10
810,5002,68,276792942264320.0,14.442155012176563,high_nhalo10
816,5023,1,1307340129173504.0,15.116388592175756,high_nhalo10
817,5029,59,213580418908160.0,14.329561433984113,high_nhalo10
821,5042,0,1535789976518656.0,15.186331828797393,high_nhalo10
824,5052,7187,6563024601088.0,12.817104032185728,high_nhalo10
828,5079,2681,12201187344384.0,13.086402095594666,high_nhalo10
829,5086,191,156477503307776.0,14.194451908070404,high_nhalo10
832,5105,71,276122960920576.0,14.441102521766004,high_nhalo10
836,5123,69,269337868894208.0,14.43029741949233,high_nhalo10
843,5165,81,272367582445568.0,14.43515541600576,high_nhalo10
848,5191,71,276122960920576.0,14.441102521766004,high_nhalo10
850,5197,49,324038740148224.0,14.510596934980796,high_nhalo10
854,5218,56,296168328265728.0,14.47153861395946,high_nhalo10
856,5226,293,100814081228800.0,14.003521196522817,high_nhalo10
857,5228,469,79334874284032.0,13.899464137881631,high_nhalo10
860,5247,117,221948206383104.0,14.34625163973729,high_nhalo10
862,5259,95,183994033373184.0,14.264803739775209,high_nhalo10
863,5264,5,733527398154240.0,14.865416339917514,high_nhalo10
866,5281,6000,8199570194432.0,12.913791088105835,high_nhalo10
867,5285,207,96327551680512.0,13.983750522134436,high_nhalo10
869,5300,8,398251614273536.0,14.600157544846471,high_nhalo10
872,5309,37,197666877210624.0,14.2959339012316,high_nhalo10
877,5329,64,279798244966400.0,14.446844986053598,high_nhalo10
879,5345,223,131011845292032.0,14.117310563689344,high_nhalo10
880,5346,13,553877338324992.0,14.743413596521044,high_nhalo10
882,5354,211,129321414950912.0,14.111670447733609,high_nhalo10
883,5360,99,137743803875328.0,14.139072072109837,high_nhalo10
886,5378,5,733527398154240.0,14.865416339917514,high_nhalo10
888,5386,68,276792942264320.0,14.442155012176563,high_nhalo10
890,5398,43,343380722712576.0,14.53577591035154,high_nhalo10
894,5412,35,381228075188224.0,14.581184876358591,high_nhalo10
899,5438,46,176415714574336.0,14.246537268148105,high_nhalo10
900,5443,239,113186665660416.0,14.053795266329251,high_nhalo10
902,5447,0,1535789976518656.0,15.186331828797393,high_nhalo10
904,5454,48,324151516594176.0,14.510748057859148,high_nhalo10
906,5461,88,223381030961152.0,14.349046290987864,high_nhalo10
915,5499,59,213580418908160.0,14.329561433984113,high_nhalo10
919,5517,73,205733010341888.0,14.313303980849447,high_nhalo10
920,5519,277,111711847710720.0,14.048099235089907,high_nhalo10
921,5522,0,1535789976518656.0,15.186331828797393,high_nhalo10
922,5523,0,1535789976518656.0,15.186331828797393,high_nhalo10
926,5538,457,66661625364480.0,13.823875898556722,high_nhalo10
931,5562,13,553877338324992.0,14.743413596521044,high_nhalo10
933,5573,285,131206410665984.0,14.117955054924138,high_nhalo10
936,5584,109,188158054498304.0,14.274522813935697,high_nhalo10
937,5587,128,167641163497472.0,14.224380666351609,high_nhalo10
938,5591,346,41210869710848.0,13.615011779936784,high_nhalo10
940,5599,90,239398222299136.0,14.37912092113914,high_nhalo10
943,5610,140,160620351586304.0,14.20580057221075,high_nhalo10
949,5634,479,74532631085056.0,13.872346452580745,high_nhalo10
950,5639,3,899670222045184.0,14.95408334611498,high_nhalo10
951,5646,79,253893451710464.0,14.404651499917891,high_nhalo10
952,5650,36,374207984697344.0,14.573113050061371,high_nhalo10
954,5664,185,136576881393664.0,14.135377191784158,high_nhalo10
955,5672,226,114129838800896.0,14.057399203860903,high_nhalo10
961,5695,110,164342309847040.0,14.215749386731398,high_nhalo10
963,5703,15850,3375513468928.0,12.52833984524424,high_nhalo10
967,5717,54,314248664186880.0,14.497273440256166,high_nhalo10
968,5720,408,82125034356736.0,13.914475564253532,high_nhalo10
973,5740,116,198077717676032.0,14.296835623268862,high_nhalo10
975,5756,5,733527398154240.0,14.865416339917514,high_nhalo10
976,5761,67,278848855867392.0,14.445368866896445,high_nhalo10
977,5765,21,382146090893312.0,14.582229421392803,high_nhalo10
984,5796,58,279208861368320.0,14.445929197555325,high_nhalo10
987,5810,341,95518411718656.0,13.980087092391258,high_nhalo10
992,5831,91,164138567335936.0,14.21521063841577,high_nhalo10
995,5856,175,148736479068160.0,14.172417496531809,high_nhalo10
996,5862,44,332506201063424.0,14.521799749075257,high_nhalo10
998,5871,83,128114512363520.0,14.10759832788998,high_nhalo10
1001,5885,166,154801711087616.0,14.189775756810716,high_nhalo10
1006,5902,168,173127850000384.0,14.238366935747166,high_nhalo10
1010,5922,133,198890708008960.0,14.29861449375943,high_nhalo10
1013,5931,273,80389464915968.0,13.90519913794437,high_nhalo10
1014,5934,114,179024269672448.0,14.252911910702474,high_nhalo10
1015,5937,52,275655178584064.0,14.440366155746386,high_nhalo10
1016,5939,62,174374598475776.0,14.241483220589254,high_nhalo10
1019,5961,91,164138567335936.0,14.21521063841577,high_nhalo10
1022,5976,207,96327551680512.0,13.983750522134436,high_nhalo10
1024,5993,106,201667337256960.0,14.304635564064275,high_nhalo10
1027,6006,64,279798244966400.0,14.446844986053598,high_nhalo10
1029,6015,3,899670222045184.0,14.95408334611498,high_nhalo10
1030,6021,80,193627108147200.0,14.286966159246084,high_nhalo10
1035,6044,62,174374598475776.0,14.241483220589254,high_nhalo10
1037,6053,26,278377265102848.0,14.444633763828053,high_nhalo10
1038,6057,236,111531140317184.0,14.047396142538728,high_nhalo10
1041,6068,100,179395750789120.0,14.253812152026397,high_nhalo10
1043,6077,3,899670222045184.0,14.95408334611498,high_nhalo10
1048,6095,1,1307340129173504.0,15.116388592175756,high_nhalo10
1052,6109,149,134479007973376.0,14.128654496733631,high_nhalo10
1055,6112,188,164069612978176.0,14.215028153643514,high_nhalo10
1058,6120,1,1307340129173504.0,15.116388592175756,high_nhalo10
1064,6144,6715,7360561020928.0,12.866910917463532,high_nhalo10
1065,6146,360,96995049996288.0,13.986749571233757,high_nhalo10
1068,6154,329,98934898819072.0,13.995349513953755,high_nhalo10
1076,6184,6,459285179924480.0,14.662082431960792,high_nhalo10
1079,6192,116,198077717676032.0,14.296835623268862,high_nhalo10
1085,6218,191,156477503307776.0,14.194451908070404,high_nhalo10
1086,6222,0,1535789976518656.0,15.186331828797393,high_nhalo10
1087,6229,80,193627108147200.0,14.286966159246084,high_nhalo10
1088,6233,3753,12264870510592.0,13.088662967395056,high_nhalo10
1090,6241,91,164138567335936.0,14.21521063841577,high_nhalo10
1091,6247,36,374207984697344.0,14.573113050061371,high_nhalo10
1093,6258,68,276792942264320.0,14.442155012176563,high_nhalo10
1094,6260,133,198890708008960.0,14.29861449375943,high_nhalo10
1095,6264,31,390177377746944.0,14.591262085651834,high_nhalo10
1098,6279,39,334133456797696.0,14.523919963740935,high_nhalo10
1100,6288,31,390177377746944.0,14.591262085651834,high_nhalo10
1101,6294,15,497315974479872.0,14.696632409598273,high_nhalo10
1102,6297,76,236042040901632.0,14.372989361044429,high_nhalo10
1105,6308,283,102168363270144.0,14.009316436070272,high_nhalo10
1109,6318,96,214734724923392.0,14.331902280221906,high_nhalo10
1113,6339,62,174374598475776.0,14.241483220589254,high_nhalo10
1114,6343,8,398251614273536.0,14.600157544846471,high_nhalo10
1115,6348,142,146151143636992.0,14.164802218073827,high_nhalo10
1117,6352,110,164342309847040.0,14.215749386731398,high_nhalo10
1118,6353,82,135533791543296.0,14.132047587839036,high_nhalo10
1122,6366,78,260628933509120.0,14.416022626901675,high_nhalo10
1124,6374,140,160620351586304.0,14.20580057221075,high_nhalo10
1129,6393,1,1307340129173504.0,15.116388592175756,high_nhalo10
1132,6405,12,655181557530624.0,14.816361664125669,high_nhalo10
1137,6434,16,379204239622144.0,14.578873184241475,high_nhalo10
1146,6478,35,381228075188224.0,14.581184876358591,high_nhalo10
1149,6492,23,392225506721792.0,14.593535832749234,high_nhalo10
1152,6510,14,437283203317760.0,14.640762795784122,high_nhalo10
1153,6516,125,135592662794240.0,14.132236189573916,high_nhalo10
1159,6545,4,841819696922624.0,14.925219083166256,high_nhalo10
1163,6568,54,314248664186880.0,14.497273440256166,high_nhalo10
1169,6600,168,173127850000384.0,14.238366935747166,high_nhalo10
1170,6604,68,276792942264320.0,14.442155012176563,high_nhalo10
1184,6673,72,275153237835776.0,14.439574627690288,high_nhalo10
1187,6685,5,733527398154240.0,14.865416339917514,high_nhalo10
1198,6735,1,1307340129173504.0,15.116388592175756,high_nhalo10
1200,6743,4,841819696922624.0,14.925219083166256,high_nhalo10
1204,6754,145,155587975315456.0,14.191976029312148,high_nhalo10
1209,6776,46,176415714574336.0,14.246537268148105,high_nhalo10
1212,6787,75,134628685905920.0,14.129137606717835,high_nhalo10
1214,6794,0,1535789976518656.0,15.186331828797393,high_nhalo10
1219,6820,238,67912647835648.0,13.831950663436754,high_nhalo10
1221,6832,86,192014666694656.0,14.283334402772732,high_nhalo10
1226,6847,25,219906721185792.0,14.342238503254803,high_nhalo10
1228,6857,773,31473314824192.0,13.497942485971413,high_nhalo10
1234,6895,90,239398222299136.0,14.37912092113914,high_nhalo10
1237,6908,254,110979648061440.0,14.04524334324606,high_nhalo10
1242,6929,130,164261326225408.0,14.215535324944792,high_nhalo10
1243,6931,53,184230525009920.0,14.265361589731892,high_nhalo10
1244,6934,354,97267235160064.0,13.987966571146448,high_nhalo10
1247,6945,20,431286791438336.0,14.63476615767462,high_nhalo10
1250,6960,100,179395750789120.0,14.253812152026397,high_nhalo10
1259,7008,184,107746024226816.0,14.032401253884174,high_nhalo10
1261,7021,69,269337868894208.0,14.43029741949233,high_nhalo10
1264,7026,32,390393736724480.0,14.59150284145414,high_nhalo10
1267,7036,297,98328016584704.0,13.992677278915956,high_nhalo10
1269,7046,55,242969403719680.0,14.385551587868612,high_nhalo10
1273,7062,504,72348950593536.0,13.85943223614971,high_nhalo10
1276,7078,223,131011845292032.0,14.117310563689344,high_nhalo10
1277,7080,227,121109320040448.0,14.083177565821742,high_nhalo10
1289,7137,199,122852950933504.0,14.08938559271472,high_nhalo10
1293,7159,5,733527398154240.0,14.865416339917514,high_nhalo10
1294,7162,130,164261326225408.0,14.215535324944792,high_nhalo10
1296,7169,56,296168328265728.0,14.47153861395946,high_nhalo10
1297,7172,299,108280252727296.0,14.03454926074773,high_nhalo10
1301,7191,51,316146536415232.0,14.499888428205248,high_nhalo10
1302,7193,63,282241997471744.0,14.45062163703409,high_nhalo10
1310,7228,76,236042040901632.0,14.372989361044429,high_nhalo10
1311,7232,12,655181557530624.0,14.816361664125669,high_nhalo10
1316,7248,4,841819696922624.0,14.925219083166256,high_nhalo10
1319,7262,0,1535789976518656.0,15.186331828797393,high_nhalo10
1320,7264,27,456104488206336.0,14.659064345851233,high_nhalo10
1323,7274,67,278848855867392.0,14.445368866896445,high_nhalo10
1331,7309,24,367364893835264.0,14.565097651855222,high_nhalo10
1338,7334,7,581220677189632.0,14.764341056124303,high_nhalo10
1339,7341,424,75413711749120.0,13.877450316633473,high_nhalo10
1351,7381,69,269337868894208.0,14.43029741949233,high_nhalo10
1353,7386,398,58272455327744.0,13.765463317606624,high_nhalo10
1355,7392,59,213580418908160.0,14.329561433984113,high_nhalo10
1362,7422,70,258570536878080.0,14.412579037171405,high_nhalo10
1366,7434,217,144810090430464.0,14.160798824745036,high_nhalo10
1372,7468,4,841819696922624.0,14.925219083166256,high_nhalo10
1376,7488,297,98328016584704.0,13.992677278915956,high_nhalo10
1377,7489,57,301115828600832.0,14.478733585447388,high_nhalo10
1385,7517,1263,25946312671232.0,13.41407564733588,high_nhalo10
1387,7526,323,98153567092736.0,13.991906087334309,high_nhalo10
1388,7528,18,407155215695872.0,14.609760002516866,high_nhalo10
1389,7529,545,49718398812160.0,13.696517133681578,high_nhalo10
1392,7542,54,314248664186880.0,14.497273440256166,high_nhalo10
1394,7551,93,235066697449472.0,14.371191105780005,high_nhalo10
1395,7553,85,123098057670656.0,14.090251200375905,high_nhalo10
1402,7574,15,497315974479872.0,14.696632409598273,high_nhalo10
1404,7580,5,733527398154240.0,14.865416339917514,high_nhalo10
1409,7599,381,49719699046400.0,13.69652849119078,high_nhalo10
1411,7604,48,324151516594176.0,14.510748057859148,high_nhalo10
1415,7621,59,213580418908160.0,14.329561433984113,high_nhalo10
1418,7631,156,170201618317312.0,14.23096368514303,high_nhalo10
1419,7633,24,367364893835264.0,14.565097651855222,high_nhalo10
1422,7642,149,134479007973376.0,14.128654496733631,high_nhalo10
1431,7673,226,114129838800896.0,14.057399203860903,high_nhalo10
1432,7678,19,467371865145344.0,14.669662565180955,high_nhalo10
1436,7691,0,1535789976518656.0,15.186331828797393,high_nhalo10
1454,7780,107,187167024349184.0,14.272229335830058,high_nhalo10
1457,7791,10,635853466501120.0,14.803357043286407,high_nhalo10
1466,7816,5,733527398154240.0,14.865416339917514,high_nhalo10
1475,7850,36,374207984697344.0,14.573113050061371,high_nhalo10
1483,7891,58,279208861368320.0,14.445929197555325,high_nhalo10
1490,7935,180,142675005145088.0,14.154347896882348,high_nhalo10
1491,7939,157,111486940741632.0,14.047223998361677,high_nhalo10
1494,7949,117,221948206383104.0,14.34625163973729,high_nhalo10
1495,7952,125,135592662794240.0,14.132236189573916,high_nhalo10
1502,7983,90,239398222299136.0,14.37912092113914,high_nhalo10
1503,7986,36,374207984697344.0,14.573113050061371,high_nhalo10
1509,8018,39,334133456797696.0,14.523919963740935,high_nhalo10
1511,8028,133,198890708008960.0,14.29861449375943,high_nhalo10
1515,8042,52,275655178584064.0,14.440366155746386,high_nhalo10
1516,8044,617,34264479432704.0,13.534844138131485,high_nhalo10
1517,8046,31,390177377746944.0,14.591262085651834,high_nhalo10
1523,8064,57,301115828600832.0,14.478733585447388,high_nhalo10
1526,8079,377,84586503602176.0,13.92730107369279,high_nhalo10
1538,8132,107,187167024349184.0,14.272229335830058,high_nhalo10
1540,8136,32,390393736724480.0,14.59150284145414,high_nhalo10
1541,8139,163,176176588914688.0,14.24594819703475,high_nhalo10
1544,8145,55,242969403719680.0,14.385551587868612,high_nhalo10
1550,8172,184,107746024226816.0,14.032401253884174,high_nhalo10
1556,8195,0,1535789976518656.0,15.186331828797393,high_nhalo10
1558,8200,120,203439883681792.0,14.308436098856747,high_nhalo10
1560,8208,6,459285179924480.0,14.662082431960792,high_nhalo10
1564,8223,45,305942902079488.0,14.485640381953424,high_nhalo10
1567,8233,398,58272455327744.0,13.765463317606624,high_nhalo10
1575,8265,8,398251614273536.0,14.600157544846471,high_nhalo10
1579,8288,1,1307340129173504.0,15.116388592175756,high_nhalo10
1581,8297,2225,19869063970816.0,13.29817740803157,high_nhalo10
1582,8303,46,176415714574336.0,14.246537268148105,high_nhalo10
1583,8304,615,53642568663040.0,13.729509565776777,high_nhalo10
1591,8335,0,1535789976518656.0,15.186331828797393,high_nhalo10
1593,8347,54,314248664186880.0,14.497273440256166,high_nhalo10
1594,8353,107,187167024349184.0,14.272229335830058,high_nhalo10
1604,8394,234,160051117424640.0,14.204258710592995,high_nhalo10
1608,8413,191,156477503307776.0,14.194451908070404,high_nhalo10
1616,8449,148,122913483128832.0,14.089599525907348,high_nhalo10
1618,8454,35,381228075188224.0,14.581184876358591,high_nhalo10
1620,8461,4852,9032182005760.0,12.955792680389546,high_nhalo10
1622,8471,11,547336941993984.0,14.738254761430827,high_nhalo10
1628,8495,137,173721042026496.0,14.23985242571552,high_nhalo10
1631,8501,251,119521037778944.0,14.077444355385916,high_nhalo10
1632,8504,207,96327551680512.0,13.983750522134436,high_nhalo10
1634,8510,79,253893451710464.0,14.404651499917891,high_nhalo10
1637,8519,438,58306320138240.0,13.765715632844694,high_nhalo10
1642,8541,65,227894857039872.0,14.357734524458976,high_nhalo10
1645,8549,68,276792942264320.0,14.442155012176563,high_nhalo10
1651,8572,337,96431452979200.0,13.984218710535105,high_nhalo10
1656,8590,282,80834186969088.0,13.907595074536232,high_nhalo10
1659,8605,398,58272455327744.0,13.765463317606624,high_nhalo10
1661,8613,4,841819696922624.0,14.925219083166256,high_nhalo10
1662,8618,53,184230525009920.0,14.265361589731892,high_nhalo10
1663,8621,19,467371865145344.0,14.669662565180955,high_nhalo10
1666,8626,1230,29698849505280.0,13.47273962564091,high_nhalo10
1671,8640,7,581220677189632.0,14.764341056124303,high_nhalo10
1672,8643,256,125519060271104.0,14.098709679140052,high_nhalo10
1676,8654,102,98802778243072.0,13.994769156719933,high_nhalo10
1678,8660,599,63776908902400.0,13.804663466315493,high_nhalo10
1681,8670,6,459285179924480.0,14.662082431960792,high_nhalo10
1684,8683,155,178474010542080.0,14.251574982913551,high_nhalo10
1697,8736,109,188158054498304.0,14.274522813935697,high_nhalo10
1703,8760,1179,36900337352704.0,13.567030336612936,high_nhalo10
1704,8762,424,75413711749120.0,13.877450316633473,high_nhalo10
1707,8767,92,207364997251072.0,14.31673545029975,high_nhalo10
1717,8800,20,431286791438336.0,14.63476615767462,high_nhalo10
1720,8815,238,67912647835648.0,13.831950663436754,high_nhalo10
1724,8832,189,142160531816448.0,14.1527790394773,high_nhalo10
1725,8833,15,497315974479872.0,14.696632409598273,high_nhalo10
1726,8836,151,177005769261056.0,14.24798742182739,high_nhalo10
1727,8837,90,239398222299136.0,14.37912092113914,high_nhalo10
1728,8839,17,416661488271360.0,14.619783360778436,high_nhalo10
1730,8846,10,635853466501120.0,14.803357043286407,high_nhalo10
1732,8852,64,279798244966400.0,14.446844986053598,high_nhalo10
1733,8856,241,116610618621952.0,14.066738099299023,high_nhalo10
1744,8894,88,223381030961152.0,14.349046290987864,high_nhalo10
1747,8909,134,174660482236416.0,14.242194654908252,high_nhalo10
1752,8924,239,113186665660416.0,14.053795266329251,high_nhalo10
1755,8935,62,174374598475776.0,14.241483220589254,high_nhalo10
1771,8989,2,1033314370584576.0,15.014232469282954,high_nhalo10
1773,8998,162,137401439617024.0,14.13799128304707,high_nhalo10
1776,9007,84,158344471904256.0,14.19960290595621,high_nhalo10
1790,9048,336,101111641931776.0,14.0048011628674,high_nhalo10
1792,9063,187,118919146766336.0,14.075251784522123,high_nhalo10
1816,9164,4,841819696922624.0,14.925219083166256,high_nhalo10
1819,9176,206,115317153988608.0,14.061893915520756,high_nhalo10
1820,9179,72,275153237835776.0,14.439574627690288,high_nhalo10
1822,9182,46,176415714574336.0,14.246537268148105,high_nhalo10
1828,9204,5,733527398154240.0,14.865416339917514,high_nhalo10
1829,9206,4,841819696922624.0,14.925219083166256,high_nhalo10
1831,9212,184,107746024226816.0,14.032401253884174,high_nhalo10
1836,9237,6,459285179924480.0,14.662082431960792,high_nhalo10
1837,9241,0,1535789976518656.0,15.186331828797393,high_nhalo10
1840,9251,46,176415714574336.0,14.246537268148105,high_nhalo10
1847,9283,84,158344471904256.0,14.19960290595621,high_nhalo10
1848,9285,35,381228075188224.0,14.581184876358591,high_nhalo10
1852,9300,0,1535789976518656.0,15.186331828797393,high_nhalo10
1853,9301,28,471019466784768.0,14.673038856476026,high_nhalo10
1855,9309,145,155587975315456.0,14.191976029312148,high_nhalo10
1857,9319,3,899670222045184.0,14.95408334611498,high_nhalo10
1869,9362,39,334133456797696.0,14.523919963740935,high_nhalo10
1876,9392,430,67993501433856.0,13.832467406437347,high_nhalo10
1884,9417,2,1033314370584576.0,15.014232469282954,high_nhalo10
1888,9436,377,84586503602176.0,13.92730107369279,high_nhalo10
1890,9442,28,471019466784768.0,14.673038856476026,high_nhalo10
1895,9461,46,176415714574336.0,14.246537268148105,high_nhalo10
1900,9479,184,107746024226816.0,14.032401253884174,high_nhalo10
1907,9504,115,127064946507776.0,14.104025757966165,high_nhalo10
1908,9506,16,379204239622144.0,14.578873184241475,high_nhalo10
1909,9509,639,61046635102208.0,13.785661730577091,high_nhalo10
1914,9531,10,635853466501120.0,14.803357043286407,high_nhalo10
1915,9533,4,841819696922624.0,14.925219083166256,high_nhalo10
1918,9547,151,177005769261056.0,14.24798742182739,high_nhalo10
1923,9568,72,275153237835776.0,14.439574627690288,high_nhalo10
1927,9584,43,343380722712576.0,14.53577591035154,high_nhalo10
1929,9591,1,1307340129173504.0,15.116388592175756,high_nhalo10
1931,9595,36,374207984697344.0,14.573113050061371,high_nhalo10
1932,9598,9,641211639529472.0,14.807001397240343,high_nhalo10
1934,9604,83,128114512363520.0,14.10759832788998,high_nhalo10
1940,9626,10,635853466501120.0,14.803357043286407,high_nhalo10
1944,9640,55,242969403719680.0,14.385551587868612,high_nhalo10
1946,9644,44,332506201063424.0,14.521799749075257,high_nhalo10
1947,9645,20,431286791438336.0,14.63476615767462,high_nhalo10
1952,9661,139,146933045788672.0,14.16711948122038,high_nhalo10
1973,9747,5,733527398154240.0,14.865416339917514,high_nhalo10
1977,9762,75,134628685905920.0,14.129137606717835,high_nhalo10
1982,9785,75,134628685905920.0,14.129137606717835,high_nhalo10
1990,9821,551,55684209049600.0,13.745732055229078,high_nhalo10
1991,9822,843,38889406332928.0,13.589831313466272,high_nhalo10
1995,9835,319,95636196163584.0,13.980622294147857,high_nhalo10
2001,9862,4046,10475932745728.0,13.02019270164199,high_nhalo10
2020,9960,371,79526629474304.0,13.900512576420692,high_nhalo10
2025,9978,1060,33746575163392.0,13.52822970418592,high_nhalo10
2042,10048,54,314248664186880.0,14.497273440256166,high_nhalo10
2052,10086,0,1535789976518656.0,15.186331828797393,high_nhalo10
2053,10089,5,733527398154240.0,14.865416339917514,high_nhalo10
2070,10145,372,95095382605824.0,13.978159430107814,high_nhalo10
2075,10164,95,183994033373184.0,14.264803739775209,high_nhalo10
2081,10179,207,96327551680512.0,13.983750522134436,high_nhalo10
2090,10227,327,99669908652032.0,13.998564060228068,high_nhalo10
2092,10232,15,497315974479872.0,14.696632409598273,high_nhalo10
2097,10251,27,456104488206336.0,14.659064345851233,high_nhalo10
2098,10255,18,407155215695872.0,14.609760002516866,high_nhalo10
2100,10261,51,316146536415232.0,14.499888428205248,high_nhalo10
2113,10301,1010,43189637480448.0,13.63537955873836,high_nhalo10
2115,10306,11,547336941993984.0,14.738254761430827,high_nhalo10
2119,10321,202,158652518367232.0,14.200446970254973,high_nhalo10
2129,10351,317,108471882088448.0,14.035317175636992,high_nhalo10
2136,10375,293,100814081228800.0,14.003521196522817,high_nhalo10
2140,10387,189,142160531816448.0,14.1527790394773,high_nhalo10
2141,10390,46,176415714574336.0,14.246537268148105,high_nhalo10
2143,10397,81,272367582445568.0,14.43515541600576,high_nhalo10
2153,10431,78,260628933509120.0,14.416022626901675,high_nhalo10
2161,10453,0,1535789976518656.0,15.186331828797393,high_nhalo10
2163,10460,180,142675005145088.0,14.154347896882348,high_nhalo10
2171,10480,69,269337868894208.0,14.43029741949233,high_nhalo10
2172,10483,24,367364893835264.0,14.565097651855222,high_nhalo10
2174,10490,35,381228075188224.0,14.581184876358591,high_nhalo10
2180,10513,10,635853466501120.0,14.803357043286407,high_nhalo10
2182,10522,442,78141225697280.0,13.89288021914101,high_nhalo10
2186,10539,2,1033314370584576.0,15.014232469282954,high_nhalo10
2187,10541,2,1033314370584576.0,15.014232469282954,high_nhalo10
2190,10555,307,100631763222528.0,14.00273508226059,high_nhalo10
2192,10561,87,78567408926720.0,13.895242430790525,high_nhalo10
2200,10599,72,275153237835776.0,14.439574627690288,high_nhalo10
2204,10615,218,121661835706368.0,14.085154365070611,high_nhalo10
2209,10633,99,137743803875328.0,14.139072072109837,high_nhalo10
2210,10636,5,733527398154240.0,14.865416339917514,high_nhalo10
2218,10667,327,99669908652032.0,13.998564060228068,high_nhalo10
2223,10686,33,369590794190848.0,14.56772114522689,high_nhalo10
2226,10693,40,235068089958400.0,14.371193678484511,high_nhalo10
2231,10714,50,338210588721152.0,14.529187200397084,high_nhalo10
2234,10723,30,389327343321088.0,14.590314906252068,high_nhalo10
2237,10732,46,176415714574336.0,14.246537268148105,high_nhalo10
2239,10743,52,275655178584064.0,14.440366155746386,high_nhalo10
2242,10750,180,142675005145088.0,14.154347896882348,high_nhalo10
2253,10788,161,170170278477824.0,14.230883709566198,high_nhalo10
2254,10790,19,467371865145344.0,14.669662565180955,high_nhalo10
2260,10806,0,1535789976518656.0,15.186331828797393,high_nhalo10
2262,10811,258,114313599647744.0,14.058097900567022,high_nhalo10
2277,10874,161,170170278477824.0,14.230883709566198,high_nhalo10
2287,10913,5,733527398154240.0,14.865416339917514,high_nhalo10
2290,10919,259,112847262580736.0,14.052491028540052,high_nhalo10
2296,10934,31,390177377746944.0,14.591262085651834,high_nhalo10
2301,10950,101,121944716345344.0,14.086162987825046,high_nhalo10
2303,10955,21,382146090893312.0,14.582229421392803,high_nhalo10
2320,11005,64,279798244966400.0,14.446844986053598,high_nhalo10
2327,11023,67,278848855867392.0,14.445368866896445,high_nhalo10
2329,11031,223,131011845292032.0,14.117310563689344,high_nhalo10
2331,11040,166,154801711087616.0,14.189775756810716,high_nhalo10
2334,11051,239,113186665660416.0,14.053795266329251,high_nhalo10
2336,11056,527,70330672480256.0,13.847144770023505,high_nhalo10
2337,11057,133,198890708008960.0,14.29861449375943,high_nhalo10
2342,11072,217,144810090430464.0,14.160798824745036,high_nhalo10
2346,11086,602,64531443220480.0,13.80977137804191,high_nhalo10
2347,11087,5,733527398154240.0,14.865416339917514,high_nhalo10
2351,11094,17,416661488271360.0,14.619783360778436,high_nhalo10
2357,11120,37,197666877210624.0,14.2959339012316,high_nhalo10
2358,11124,80,193627108147200.0,14.286966159246084,high_nhalo10
2363,11143,179,150488372740096.0,14.177502946110009,high_nhalo10
2365,11150,80,193627108147200.0,14.286966159246084,high_nhalo10
2367,11156,211,129321414950912.0,14.111670447733609,high_nhalo10
2373,11176,771,34327614193664.0,13.53564362053812,high_nhalo10
2378,11197,218,121661835706368.0,14.085154365070611,high_nhalo10
2379,11200,30,389327343321088.0,14.590314906252068,high_nhalo10
2380,11202,90,239398222299136.0,14.37912092113914,high_nhalo10
2381,11206,523,70654569218048.0,13.849140252837351,high_nhalo10
2393,11245,66,243409721753600.0,14.386337919907303,high_nhalo10
2399,11263,24,367364893835264.0,14.565097651855222,high_nhalo10
2401,11265,39,334133456797696.0,14.523919963740935,high_nhalo10
2404,11270,44,332506201063424.0,14.521799749075257,high_nhalo10
2406,11277,142,146151143636992.0,14.164802218073827,high_nhalo10
2413,11294,94,141371298021376.0,14.15036124555552,high_nhalo10
2417,11309,341,95518411718656.0,13.980087092391258,high_nhalo10
2419,11315,464,80022396207104.0,13.90321155184105,high_nhalo10
2421,11321,9,641211639529472.0,14.807001397240343,high_nhalo10
2422,11326,175,148736479068160.0,14.172417496531809,high_nhalo10
2424,11333,148,122913483128832.0,14.089599525907348,high_nhalo10
2427,11340,297,98328016584704.0,13.992677278915956,high_nhalo10
2428,11343,74,205864174616576.0,14.313580775369577,high_nhalo10
2429,11345,147,187930807107584.0,14.273997978930446,high_nhalo10
2430,11347,390,71213359562752.0,13.852561474537506,high_nhalo10
2431,11350,62,174374598475776.0,14.241483220589254,high_nhalo10
2439,11376,124,178725417123840.0,14.252186319330942,high_nhalo10
2449,11412,193,98666782130176.0,13.994170964567004,high_nhalo10
2450,11414,156,170201618317312.0,14.23096368514303,high_nhalo10
2477,11528,37,197666877210624.0,14.2959339012316,high_nhalo10
2478,11531,40,235068089958400.0,14.371193678484511,high_nhalo10
2479,11533,88,223381030961152.0,14.349046290987864,high_nhalo10
2481,11538,479,74532631085056.0,13.872346452580745,high_nhalo10
2486,11559,4,841819696922624.0,14.925219083166256,high_nhalo10
2489,11567,919,41157715296256.0,13.614451258661624,high_nhalo10
2492,11574,207,96327551680512.0,13.983750522134436,high_nhalo10
2497,11593,56,296168328265728.0,14.47153861395946,high_nhalo10
2502,11614,194,118452362674176.0,14.073543727668524,high_nhalo10
2517,11674,96,214734724923392.0,14.331902280221906,high_nhalo10
2522,11692,126,188105843802112.0,14.274402287796992,high_nhalo10
2523,11693,74,205864174616576.0,14.313580775369577,high_nhalo10
2526,11706,886,41322236870656.0,13.616183822873923,high_nhalo10
2540,11750,15,497315974479872.0,14.696632409598273,high_nhalo10
2545,11761,68,276792942264320.0,14.442155012176563,high_nhalo10
2549,11773,80,193627108147200.0,14.286966159246084,high_nhalo10
2568,11855,5,733527398154240.0,14.865416339917514,high_nhalo10
2569,11858,354,97267235160064.0,13.987966571146448,high_nhalo10
2571,11865,296,79690131832832.0,13.901404545287091,high_nhalo10
2582,11911,52,275655178584064.0,14.440366155746386,high_nhalo10
2590,11939,214,138947200024576.0,14.142849799575943,high_nhalo10
2591,11940,5,733527398154240.0,14.865416339917514,high_nhalo10
2597,11958,13,553877338324992.0,14.743413596521044,high_nhalo10
2601,11971,55,242969403719680.0,14.385551587868612,high_nhalo10
2604,11981,4195,10513681481728.0,13.021754815670487,high_nhalo10
2611,12002,777,51981146128384.0,13.715845850996953,high_nhalo10
2620,12027,90,239398222299136.0,14.37912092113914,high_nhalo10
2621,12030,9,641211639529472.0,14.807001397240343,high_nhalo10
2626,12053,1682,24637930995712.0,13.391604234544618,high_nhalo10
2627,12056,206,115317153988608.0,14.061893915520756,high_nhalo10
2629,12063,102,98802778243072.0,13.994769156719933,high_nhalo10
2633,12078,97,228157068148736.0,14.358233927460835,high_nhalo10
2636,12086,133,198890708008960.0,14.29861449375943,high_nhalo10
2638,12091,239,113186665660416.0,14.053795266329251,high_nhalo10
2640,12096,8,398251614273536.0,14.600157544846471,high_nhalo10
2642,12101,91,164138567335936.0,14.21521063841577,high_nhalo10
2643,12105,317,108471882088448.0,14.035317175636992,high_nhalo10
2678,12228,340,114998093283328.0,14.060690639628444,high_nhalo10
2679,12232,138,156064733462528.0,14.193304774984238,high_nhalo10
2685,12253,4,841819696922624.0,14.925219083166256,high_nhalo10
2693,12289,4,841819696922624.0,14.925219083166256,high_nhalo10
2703,12322,259,112847262580736.0,14.052491028540052,high_nhalo10
2707,12335,179,150488372740096.0,14.177502946110009,high_nhalo10
2716,12377,277,111711847710720.0,14.048099235089907,high_nhalo10
2728,12421,24792,1686270377984.0,12.226927211007627,high_nhalo10
2730,12425,116,198077717676032.0,14.296835623268862,high_nhalo10
2732,12436,131,185050360446976.0,14.267289935364555,high_nhalo10
2736,12454,369,93300698644480.0,13.969884895796945,high_nhalo10
2741,12473,53,184230525009920.0,14.265361589731892,high_nhalo10
2742,12476,268,101358334115840.0,14.00585946404741,high_nhalo10
2751,12504,3264,12086035873792.0,13.082283878987962,high_nhalo10
2753,12511,149,134479007973376.0,14.128654496733631,high_nhalo10
2757,12526,8,398251614273536.0,14.600157544846471,high_nhalo10
2758,12527,354,97267235160064.0,13.987966571146448,high_nhalo10
2764,12545,4,841819696922624.0,14.925219083166256,high_nhalo10
2770,12562,20,431286791438336.0,14.63476615767462,high_nhalo10
2771,12564,227,121109320040448.0,14.083177565821742,high_nhalo10
2772,12567,70,258570536878080.0,14.412579037171405,high_nhalo10
2773,12570,6,459285179924480.0,14.662082431960792,high_nhalo10
2785,12603,3504,13623153917952.0,13.134277663420864,high_nhalo10
2792,12622,129,112128929300480.0,14.04971767517024,high_nhalo10
2793,12623,333,84277794439168.0,13.925713161541752,high_nhalo10
2800,12647,36648,1610674470912.0,12.207007775197514,high_nhalo10
2804,12662,95,183994033373184.0,14.264803739775209,high_nhalo10
2816,12699,20,431286791438336.0,14.63476615767462,high_nhalo10
2818,12709,220,128017598775296.0,14.107269676879309,high_nhalo10
2829,12750,62,174374598475776.0,14.241483220589254,high_nhalo10
2830,12752,337,96431452979200.0,13.984218710535105,high_nhalo10
2838,12783,31,390177377746944.0,14.591262085651834,high_nhalo10
2839,12784,116,198077717676032.0,14.296835623268862,high_nhalo10
2842,12793,227,121109320040448.0,14.083177565821742,high_nhalo10
2851,12822,7,581220677189632.0,14.764341056124303,high_nhalo10
2855,12834,64,279798244966400.0,14.446844986053598,high_nhalo10
2856,12837,8,398251614273536.0,14.600157544846471,high_nhalo10
2872,12892,776,50299037286400.0,13.701559672825208,high_nhalo10
2879,12910,82,135533791543296.0,14.132047587839036,high_nhalo10
2882,12922,193,98666782130176.0,13.994170964567004,high_nhalo10
2883,12925,217,144810090430464.0,14.160798824745036,high_nhalo10
2885,12933,1,1307340129173504.0,15.116388592175756,high_nhalo10
2891,12952,1,1307340129173504.0,15.116388592175756,high_nhalo10
2895,12963,116,198077717676032.0,14.296835623268862,high_nhalo10
2904,13000,364,82055551516672.0,13.914107968832091,high_nhalo10
2905,13003,201,151025663082496.0,14.179050751188042,high_nhalo10
2917,13044,422,87033871597568.0,13.939688303022058,high_nhalo10
2922,13056,1021,42559158091776.0,13.628993028128336,high_nhalo10
2943,13137,28,471019466784768.0,14.673038856476026,high_nhalo10
2956,13180,7,581220677189632.0,14.764341056124303,high_nhalo10
2976,13249,170,86061992640512.0,13.934811397321257,high_nhalo10
2984,13276,214,138947200024576.0,14.142849799575943,high_nhalo10
2990,13294,39,334133456797696.0,14.523919963740935,high_nhalo10
2992,13299,39,334133456797696.0,14.523919963740935,high_nhalo10
3000,13327,374,88938211442688.0,13.949088391490458,high_nhalo10
3003,13336,2,1033314370584576.0,15.014232469282954,high_nhalo10
3008,13349,241,116610618621952.0,14.066738099299023,high_nhalo10
3009,13352,5,733527398154240.0,14.865416339917514,high_nhalo10
3028,13428,639,61046635102208.0,13.785661730577091,high_nhalo10
3031,13436,118,192892568076288.0,14.28531549511078,high_nhalo10
3033,13440,7,581220677189632.0,14.764341056124303,high_nhalo10
3042,13465,192,129208068079616.0,14.111289632955176,high_nhalo10
3044,13475,119,170198598418432.0,14.230955979358162,high_nhalo10
3055,13524,228,104807805222912.0,14.020393626531456,high_nhalo10
3072,13594,202,158652518367232.0,14.200446970254973,high_nhalo10
3074,13599,241,116610618621952.0,14.066738099299023,high_nhalo10
3075,13601,5,733527398154240.0,14.865416339917514,high_nhalo10
3096,13682,4852,9032182005760.0,12.955792680389546,high_nhalo10
3097,13684,5,733527398154240.0,14.865416339917514,high_nhalo10
3109,13731,84,158344471904256.0,14.19960290595621,high_nhalo10
3112,13740,241,116610618621952.0,14.066738099299023,high_nhalo10
3115,13749,108,199525524307968.0,14.299998460709714,high_nhalo10
3121,13766,57,301115828600832.0,14.478733585447388,high_nhalo10
3126,13789,70,258570536878080.0,14.412579037171405,high_nhalo10
3127,13790,0,1535789976518656.0,15.186331828797393,high_nhalo10
3128,13791,0,1535789976518656.0,15.186331828797393,high_nhalo10
3129,13793,128,167641163497472.0,14.224380666351609,high_nhalo10
3142,13840,151,177005769261056.0,14.24798742182739,high_nhalo10
3146,13850,1745,22983758315520.0,13.36142104620753,high_nhalo10
3150,13859,142,146151143636992.0,14.164802218073827,high_nhalo10
3165,13913,25,219906721185792.0,14.342238503254803,high_nhalo10
3166,13916,292,88006337757184.0,13.944513948898596,high_nhalo10
3170,13932,123,71453248585728.0,13.85402197855433,high_nhalo10
3172,13940,111,180591530082304.0,14.256697377623238,high_nhalo10
3173,13942,214,138947200024576.0,14.142849799575943,high_nhalo10
3174,13944,106,201667337256960.0,14.304635564064275,high_nhalo10
3183,13975,414,81897241706496.0,13.91326927499826,high_nhalo10
3188,13994,195,148659874299904.0,14.172193761247229,high_nhalo10
3200,14037,122,201308741042176.0,14.303862632831848,high_nhalo10
3203,14048,86,192014666694656.0,14.283334402772732,high_nhalo10
3216,14102,197,138800206446592.0,14.1423901120738,high_nhalo10
3224,14131,2,1033314370584576.0,15.014232469282954,high_nhalo10
3225,14133,58,279208861368320.0,14.445929197555325,high_nhalo10
3228,14143,17,416661488271360.0,14.619783360778436,high_nhalo10
3233,14155,80,193627108147200.0,14.286966159246084,high_nhalo10
3239,14176,2447,16241252106240.0,13.210619507778864,high_nhalo10
3240,14177,293,100814081228800.0,14.003521196522817,high_nhalo10
3250,14210,73,205733010341888.0,14.313303980849447,high_nhalo10
3253,14220,154,187111844085760.0,14.272101278992713,high_nhalo10
3254,14221,26,278377265102848.0,14.444633763828053,high_nhalo10
3262,14238,45,305942902079488.0,14.485640381953424,high_nhalo10
3277,14293,703,55955853148160.0,13.747845521731092,high_nhalo10
3283,14308,62,174374598475776.0,14.241483220589254,high_nhalo10
3292,14352,14,437283203317760.0,14.640762795784122,high_nhalo10
3298,14371,315,87792570859520.0,13.943457766803316,high_nhalo10
3319,14435,21,382146090893312.0,14.582229421392803,high_nhalo10
3327,14465,128,167641163497472.0,14.224380666351609,high_nhalo10
3329,14473,2,1033314370584576.0,15.014232469282954,high_nhalo10
3334,14491,189,142160531816448.0,14.1527790394773,high_nhalo10
3335,14494,68,276792942264320.0,14.442155012176563,high_nhalo10
3340,14511,0,1535789976518656.0,15.186331828797393,high_nhalo10
3347,14529,4,841819696922624.0,14.925219083166256,high_nhalo10
3353,14551,149,134479007973376.0,14.128654496733631,high_nhalo10
3356,14567,100,179395750789120.0,14.253812152026397,high_nhalo10
3360,14576,93,235066697449472.0,14.371191105780005,high_nhalo10
3361,14577,178,91614747820032.0,13.961965390494417,high_nhalo10
3362,14578,93,235066697449472.0,14.371191105780005,high_nhalo10
3375,14628,7,581220677189632.0,14.764341056124303,high_nhalo10
3377,14632,144,177805841137664.0,14.24994602396933,high_nhalo10
3379,14637,206,115317153988608.0,14.061893915520756,high_nhalo10
3382,14645,5,733527398154240.0,14.865416339917514,high_nhalo10
3387,14663,504,72348950593536.0,13.85943223614971,high_nhalo10
3406,14726,50,338210588721152.0,14.529187200397084,high_nhalo10
3408,14732,5,733527398154240.0,14.865416339917514,high_nhalo10
3411,14742,164,162742719741952.0,14.211501569611247,high_nhalo10
3414,14750,6,459285179924480.0,14.662082431960792,high_nhalo10
3417,14764,43,343380722712576.0,14.53577591035154,high_nhalo10
3423,14785,22,360359567294464.0,14.556736056763258,high_nhalo10
3429,14808,12,655181557530624.0,14.816361664125669,high_nhalo10
3437,14831,10,635853466501120.0,14.803357043286407,high_nhalo10
3452,14870,19,467371865145344.0,14.669662565180955,high_nhalo10
3457,14885,70,258570536878080.0,14.412579037171405,high_nhalo10
3463,14904,145,155587975315456.0,14.191976029312148,high_nhalo10
3467,14918,118,192892568076288.0,14.28531549511078,high_nhalo10
3470,14924,886,41322236870656.0,13.616183822873923,high_nhalo10
3475,14945,2,1033314370584576.0,15.014232469282954,high_nhalo10
3481,14967,18,407155215695872.0,14.609760002516866,high_nhalo10
3489,14998,319,95636196163584.0,13.980622294147857,high_nhalo10
3494,15016,206,115317153988608.0,14.061893915520756,high_nhalo10
3498,15025,167,163859293798400.0,14.214471078802893,high_nhalo10
3512,15067,0,1535789976518656.0,15.186331828797393,high_nhalo10
3528,15126,523,70654569218048.0,13.849140252837351,high_nhalo10
3534,15145,345,97338085343232.0,13.98828279934485,high_nhalo10
3536,15152,24,367364893835264.0,14.565097651855222,high_nhalo10
3542,15170,164,162742719741952.0,14.211501569611247,high_nhalo10
3543,15175,142,146151143636992.0,14.164802218073827,high_nhalo10
3546,15186,157,111486940741632.0,14.047223998361677,high_nhalo10
3556,15224,131,185050360446976.0,14.267289935364555,high_nhalo10
3561,15239,21,382146090893312.0,14.582229421392803,high_nhalo10
3581,15316,161,170170278477824.0,14.230883709566198,high_nhalo10
3589,15348,133,198890708008960.0,14.29861449375943,high_nhalo10
3608,15406,256,125519060271104.0,14.098709679140052,high_nhalo10
3619,15448,70,258570536878080.0,14.412579037171405,high_nhalo10
3629,15480,1156,26604791136256.0,13.42495985379908,high_nhalo10
3633,15491,110,164342309847040.0,14.215749386731398,high_nhalo10
3648,15544,239,113186665660416.0,14.053795266329251,high_nhalo10
3660,15581,13,553877338324992.0,14.743413596521044,high_nhalo10
3663,15590,1448,25714881462272.0,13.41018452669717,high_nhalo10
3669,15613,310,87421039411200.0,13.94161596582173,high_nhalo10
3671,15616,566,76039434797056.0,13.881038880084096,high_nhalo10
3676,15632,65,227894857039872.0,14.357734524458976,high_nhalo10
3678,15635,97,228157068148736.0,14.358233927460835,high_nhalo10
3683,15650,2,1033314370584576.0,15.014232469282954,high_nhalo10
3691,15679,48,324151516594176.0,14.510748057859148,high_nhalo10
3697,15697,68,276792942264320.0,14.442155012176563,high_nhalo10
3700,15705,456,47788842811392.0,13.67932651437282,high_nhalo10
3707,15734,19,467371865145344.0,14.669662565180955,high_nhalo10
3713,15755,245,116268908675072.0,14.065463596103577,high_nhalo10
3716,15760,241,116610618621952.0,14.066738099299023,high_nhalo10
3744,15851,74,205864174616576.0,14.313580775369577,high_nhalo10
3757,15901,352,94567856603136.0,13.975743545788117,high_nhalo10
3758,15904,51,316146536415232.0,14.499888428205248,high_nhalo10
3759,15905,80,193627108147200.0,14.286966159246084,high_nhalo10
3776,15954,193,98666782130176.0,13.994170964567004,high_nhalo10
3777,15957,88,223381030961152.0,14.349046290987864,high_nhalo10
3783,15976,455,74523831435264.0,13.872295174839584,high_nhalo10
3792,16012,14,437283203317760.0,14.640762795784122,high_nhalo10
3817,16099,128,167641163497472.0,14.224380666351609,high_nhalo10
3830,16139,213,116116789657600.0,14.064895020155996,high_nhalo10
3836,16158,5,733527398154240.0,14.865416339917514,high_nhalo10
3860,16237,193,98666782130176.0,13.994170964567004,high_nhalo10
3865,16249,21,382146090893312.0,14.582229421392803,high_nhalo10
3868,16259,93,235066697449472.0,14.371191105780005,high_nhalo10
3872,16268,306,108786647826432.0,14.036575594524384,high_nhalo10
3876,16284,185,136576881393664.0,14.135377191784158,high_nhalo10
3896,16336,27,456104488206336.0,14.659064345851233,high_nhalo10
3903,16355,323,98153567092736.0,13.991906087334309,high_nhalo10
3904,16357,93,235066697449472.0,14.371191105780005,high_nhalo10
3905,16359,256,125519060271104.0,14.098709679140052,high_nhalo10
3908,16367,0,1535789976518656.0,15.186331828797393,high_nhalo10
3910,16375,2,1033314370584576.0,15.014232469282954,high_nhalo10
3917,16401,2605,9279173033984.0,12.967509273333013,high_nhalo10
3932,16454,116,198077717676032.0,14.296835623268862,high_nhalo10
3947,16506,12,655181557530624.0,14.816361664125669,high_nhalo10
3956,16530,360,96995049996288.0,13.986749571233757,high_nhalo10
3994,16663,107,187167024349184.0,14.272229335830058,high_nhalo10
4001,16687,0,1535789976518656.0,15.186331828797393,high_nhalo10
4018,16740,52,275655178584064.0,14.440366155746386,high_nhalo10
4019,16742,5,733527398154240.0,14.865416339917514,high_nhalo10
4022,16749,145,155587975315456.0,14.191976029312148,high_nhalo10
4028,16768,551,55684209049600.0,13.745732055229078,high_nhalo10
4033,16790,49,324038740148224.0,14.510596934980796,high_nhalo10
4035,16795,8,398251614273536.0,14.600157544846471,high_nhalo10
4044,16829,219,66468171481088.0,13.822613731631124,high_nhalo10
4047,16841,86,192014666694656.0,14.283334402772732,high_nhalo10
4065,16893,99,137743803875328.0,14.139072072109837,high_nhalo10
4074,16917,109,188158054498304.0,14.274522813935697,high_nhalo10
4086,16944,206,115317153988608.0,14.061893915520756,high_nhalo10
4098,16984,1060,33746575163392.0,13.52822970418592,high_nhalo10
4109,17016,29,212362409803776.0,14.327077644897338,high_nhalo10
4116,17045,196,138183509540864.0,14.140456218561187,high_nhalo10
4138,17125,25,219906721185792.0,14.342238503254803,high_nhalo10
4141,17132,56,296168328265728.0,14.47153861395946,high_nhalo10
4154,17173,1,1307340129173504.0,15.116388592175756,high_nhalo10
4159,17190,138,156064733462528.0,14.193304774984238,high_nhalo10
4178,17248,437,84636801695744.0,13.92755924363093,high_nhalo10
4180,17252,5,733527398154240.0,14.865416339917514,high_nhalo10
4185,17268,168,173127850000384.0,14.238366935747166,high_nhalo10
4195,17303,225,128242103091200.0,14.108030631565471,high_nhalo10
4196,17304,14,437283203317760.0,14.640762795784122,high_nhalo10
4210,17356,25,219906721185792.0,14.342238503254803,high_nhalo10
4217,17382,438,58306320138240.0,13.765715632844694,high_nhalo10
4233,17423,4132,7882572562432.0,12.896667977303704,high_nhalo10
4241,17448,67,278848855867392.0,14.445368866896445,high_nhalo10
4253,17493,0,1535789976518656.0,15.186331828797393,high_nhalo10
4260,17517,56,296168328265728.0,14.47153861395946,high_nhalo10
4262,17519,205,93913033474048.0,13.972725868869531,high_nhalo10
4264,17526,17,416661488271360.0,14.619783360778436,high_nhalo10
4272,17553,217,144810090430464.0,14.160798824745036,high_nhalo10
4281,17585,125,135592662794240.0,14.132236189573916,high_nhalo10
4285,17605,84,158344471904256.0,14.19960290595621,high_nhalo10
4287,17609,67,278848855867392.0,14.445368866896445,high_nhalo10
4289,17614,93,235066697449472.0,14.371191105780005,high_nhalo10
4301,17653,297,98328016584704.0,13.992677278915956,high_nhalo10
4309,17672,48,324151516594176.0,14.510748057859148,high_nhalo10
4316,17698,924,34439413366784.0,13.537055745170164,high_nhalo10
4323,17713,120,203439883681792.0,14.308436098856747,high_nhalo10
4328,17726,125,135592662794240.0,14.132236189573916,high_nhalo10
4333,17738,52,275655178584064.0,14.440366155746386,high_nhalo10
4334,17739,39,334133456797696.0,14.523919963740935,high_nhalo10
4335,17741,79,253893451710464.0,14.404651499917891,high_nhalo10
4345,17771,6,459285179924480.0,14.662082431960792,high_nhalo10
4364,17828,47,183143579516928.0,14.262791698161662,high_nhalo10
4367,17837,132,179053478805504.0,14.252982763277869,high_nhalo10
4369,17840,0,1535789976518656.0,15.186331828797393,high_nhalo10
4374,17851,375,94402114486272.0,13.974981722046326,high_nhalo10
4383,17877,58,279208861368320.0,14.445929197555325,high_nhalo10
4392,17900,587,54796576882688.0,13.738753429152371,high_nhalo10
4394,17902,175,148736479068160.0,14.172417496531809,high_nhalo10
4398,17912,82,135533791543296.0,14.132047587839036,high_nhalo10
4409,17951,70,258570536878080.0,14.412579037171405,high_nhalo10
4411,17955,338,84481679556608.0,13.926762539362514,high_nhalo10
4445,18078,75,134628685905920.0,14.129137606717835,high_nhalo10
4465,18143,147,187930807107584.0,14.273997978930446,high_nhalo10
4481,18196,354,97267235160064.0,13.987966571146448,high_nhalo10
4495,18239,88,223381030961152.0,14.349046290987864,high_nhalo10
4517,18308,251,119521037778944.0,14.077444355385916,high_nhalo10
4553,18429,30,389327343321088.0,14.590314906252068,high_nhalo10
4582,18517,327,99669908652032.0,13.998564060228068,high_nhalo10
4599,18569,21,382146090893312.0,14.582229421392803,high_nhalo10
4642,18704,30,389327343321088.0,14.590314906252068,high_nhalo10
4646,18717,393,83177100017664.0,13.920003774549215,high_nhalo10
4662,18762,334,104113522081792.0,14.017507138579992,high_nhalo10
4682,18821,74,205864174616576.0,14.313580775369577,high_nhalo10
4691,18848,135,163210233643008.0,14.21274738649718,high_nhalo10
4706,18892,0,1535789976518656.0,15.186331828797393,high_nhalo10
4723,18944,538,75706658717696.0,13.879134079198533,high_nhalo10
4756,19067,9,641211639529472.0,14.807001397240343,high_nhalo10
4767,19114,303,106752687210496.0,14.028378816024944,high_nhalo10
4770,19121,122,201308741042176.0,14.303862632831848,high_nhalo10
4773,19128,117,221948206383104.0,14.34625163973729,high_nhalo10
4774,19132,151,177005769261056.0,14.24798742182739,high_nhalo10
4789,19176,437,84636801695744.0,13.92755924363093,high_nhalo10
4792,19186,69,269337868894208.0,14.43029741949233,high_nhalo10
4853,19384,109,188158054498304.0,14.274522813935697,high_nhalo10
4859,19406,101,121944716345344.0,14.086162987825046,high_nhalo10
4879,19459,147,187930807107584.0,14.273997978930446,high_nhalo10
4921,19584,21,382146090893312.0,14.582229421392803,high_nhalo10
4931,19618,145,155587975315456.0,14.191976029312148,high_nhalo10
4938,19639,37,197666877210624.0,14.2959339012316,high_nhalo10
4940,19642,26,278377265102848.0,14.444633763828053,high_nhalo10
4955,19688,116,198077717676032.0,14.296835623268862,high_nhalo10
4968,19731,455,74523831435264.0,13.872295174839584,high_nhalo10
4985,19776,124,178725417123840.0,14.252186319330942,high_nhalo10
4991,19797,88,223381030961152.0,14.349046290987864,high_nhalo10
5017,19883,540,64589253312512.0,13.810160263887784,high_nhalo10
5033,19924,221,122974577360896.0,14.089815338650387,high_nhalo10
5048,19975,118,192892568076288.0,14.28531549511078,high_nhalo10
5078,20068,189,142160531816448.0,14.1527790394773,high_nhalo10
5079,20070,56,296168328265728.0,14.47153861395946,high_nhalo10
5088,20095,53,184230525009920.0,14.265361589731892,high_nhalo10
5096,20114,239,113186665660416.0,14.053795266329251,high_nhalo10
5097,20115,7187,6563024601088.0,12.817104032185728,high_nhalo10
5119,20178,242,109316430364672.0,14.038685441734156,high_nhalo10
5124,20192,18,407155215695872.0,14.609760002516866,high_nhalo10
5135,20229,197,138800206446592.0,14.1423901120738,high_nhalo10
5144,20246,137,173721042026496.0,14.23985242571552,high_nhalo10
5175,20338,174,128181143076864.0,14.107824140159272,high_nhalo10
5209,20459,54,314248664186880.0,14.497273440256166,high_nhalo10
5225,20497,2,1033314370584576.0,15.014232469282954,high_nhalo10
5228,20508,128,167641163497472.0,14.224380666351609,high_nhalo10
5229,20509,90,239398222299136.0,14.37912092113914,high_nhalo10
5260,20615,146,167491024191488.0,14.223991538247155,high_nhalo10
5311,20773,12,655181557530624.0,14.816361664125669,high_nhalo10
5336,20857,47,183143579516928.0,14.262791698161662,high_nhalo10
5337,20860,775,48216322080768.0,13.683194079518282,high_nhalo10
5365,20952,0,1535789976518656.0,15.186331828797393,high_nhalo10
5382,21000,84,158344471904256.0,14.19960290595621,high_nhalo10
5394,21031,144,177805841137664.0,14.24994602396933,high_nhalo10
5404,21063,2,1033314370584576.0,15.014232469282954,high_nhalo10
5434,21138,1,1307340129173504.0,15.116388592175756,high_nhalo10
5461,21217,411,84143316664320.0,13.92501962653793,high_nhalo10
5518,21380,14,437283203317760.0,14.640762795784122,high_nhalo10
5527,21409,113,200451358195712.0,14.302009003240094,high_nhalo10
5541,21449,6000,8199570194432.0,12.913791088105835,high_nhalo10
5559,21506,15,497315974479872.0,14.696632409598273,high_nhalo10
5580,21561,54,314248664186880.0,14.497273440256166,high_nhalo10
5588,21583,84,158344471904256.0,14.19960290595621,high_nhalo10
5594,21600,131,185050360446976.0,14.267289935364555,high_nhalo10
5607,21636,96,214734724923392.0,14.331902280221906,high_nhalo10
5611,21646,239,113186665660416.0,14.053795266329251,high_nhalo10
5621,21677,378,51961936216064.0,13.71568532547038,high_nhalo10
5625,21689,151,177005769261056.0,14.24798742182739,high_nhalo10
5635,21718,218,121661835706368.0,14.085154365070611,high_nhalo10
5662,21808,80,193627108147200.0,14.286966159246084,high_nhalo10
5664,21811,837,36506404126720.0,13.562369057139469,high_nhalo10
5667,21818,45,305942902079488.0,14.485640381953424,high_nhalo10
5669,21827,117,221948206383104.0,14.34625163973729,high_nhalo10
5699,21917,6978,7010299412480.0,12.845736567240689,high_nhalo10
5701,21920,38,128062117117952.0,14.107420677287024,high_nhalo10
5731,22009,20,431286791438336.0,14.63476615767462,high_nhalo10
5748,22060,271,98774273753088.0,13.99464384517519,high_nhalo10
5804,22214,80,193627108147200.0,14.286966159246084,high_nhalo10
5844,22321,24,367364893835264.0,14.565097651855222,high_nhalo10
5877,22424,193,98666782130176.0,13.994170964567004,high_nhalo10
5878,22425,133,198890708008960.0,14.29861449375943,high_nhalo10
5889,22469,152,163909508005888.0,14.214604146704874,high_nhalo10
5920,22553,343,105406022025216.0,14.02286542356733,high_nhalo10
5962,22678,35,381228075188224.0,14.581184876358591,high_nhalo10
6000,22814,56,296168328265728.0,14.47153861395946,high_nhalo10
6007,22835,9,641211639529472.0,14.807001397240343,high_nhalo10
6059,23000,271,98774273753088.0,13.99464384517519,high_nhalo10
6073,23060,317,108471882088448.0,14.035317175636992,high_nhalo10
6077,23070,6914,6254892154880.0,12.79621982610869,high_nhalo10
6092,23113,25,219906721185792.0,14.342238503254803,high_nhalo10
6120,23193,11,547336941993984.0,14.738254761430827,high_nhalo10
6175,23364,318,58181103386624.0,13.764781953249615,high_nhalo10
6201,23435,31,390177377746944.0,14.591262085651834,high_nhalo10
6210,23460,69,269337868894208.0,14.43029741949233,high_nhalo10
6250,23578,107,187167024349184.0,14.272229335830058,high_nhalo10
6253,23587,29,212362409803776.0,14.327077644897338,high_nhalo10
6293,23708,58,279208861368320.0,14.445929197555325,high_nhalo10
6303,23735,93,235066697449472.0,14.371191105780005,high_nhalo10
6356,23890,191,156477503307776.0,14.194451908070404,high_nhalo10
6399,24029,226,114129838800896.0,14.057399203860903,high_nhalo10
6450,24197,83,128114512363520.0,14.10759832788998,high_nhalo10
6469,24247,51,316146536415232.0,14.499888428205248,high_nhalo10
6479,24272,242,109316430364672.0,14.038685441734156,high_nhalo10
6567,24536,41,357260815499264.0,14.552985385232216,high_nhalo10
6621,24708,298,100322039037952.0,14.00139635057926,high_nhalo10
6638,24766,191,156477503307776.0,14.194451908070404,high_nhalo10
6643,24773,170,86061992640512.0,13.934811397321257,high_nhalo10
6644,24774,26,278377265102848.0,14.444633763828053,high_nhalo10
6726,24982,530,71088553852928.0,13.851799679510531,high_nhalo10
6734,24999,48,324151516594176.0,14.510748057859148,high_nhalo10
6861,25361,7,581220677189632.0,14.764341056124303,high_nhalo10
6873,25391,90,239398222299136.0,14.37912092113914,high_nhalo10
7013,25787,75,134628685905920.0,14.129137606717835,high_nhalo10
7039,25872,32,390393736724480.0,14.59150284145414,high_nhalo10
7109,26071,27,456104488206336.0,14.659064345851233,high_nhalo10
7170,26247,203,165268915486720.0,14.21819117721292,high_nhalo10
7204,26334,12,655181557530624.0,14.816361664125669,high_nhalo10
7249,26453,214,138947200024576.0,14.142849799575943,high_nhalo10
7257,26472,6,459285179924480.0,14.662082431960792,high_nhalo10
7430,26980,1219,32888129060864.0,13.517039168050786,high_nhalo10
7453,27050,59,213580418908160.0,14.329561433984113,high_nhalo10
7543,27321,10654,3954792988672.0,12.59712375553777,high_nhalo10
7631,27563,9,641211639529472.0,14.807001397240343,high_nhalo10
7658,27631,82,135533791543296.0,14.132047587839036,high_nhalo10
7796,28016,771,34327614193664.0,13.53564362053812,high_nhalo10
8475,29823,6,459285179924480.0,14.662082431960792,high_nhalo10
9834,33346,690,51297604599808.0,13.710097085708812,high_nhalo10
40,537,128,167641163497472.0,14.224380666351609,high_ngal10
65,747,8,398251614273536.0,14.600157544846471,high_ngal10
77,846,332,99754541318144.0,13.998932676033132,high_ngal10
80,867,473,81075552387072.0,13.90888991630696,high_ngal10
99,983,25,219906721185792.0,14.342238503254803,high_ngal10
101,1003,35,381228075188224.0,14.581184876358591,high_ngal10
102,1017,56,296168328265728.0,14.47153861395946,high_ngal10
108,1065,191,156477503307776.0,14.194451908070404,high_ngal10
111,1086,21,382146090893312.0,14.582229421392803,high_ngal10
124,1169,675,57136910434304.0,13.756916753064406,high_ngal10
129,1205,130,164261326225408.0,14.215535324944792,high_ngal10
135,1251,56,296168328265728.0,14.47153861395946,high_ngal10
141,1301,106,201667337256960.0,14.304635564064275,high_ngal10
146,1336,455,74523831435264.0,13.872295174839584,high_ngal10
147,1344,35,381228075188224.0,14.581184876358591,high_ngal10
152,1377,147,187930807107584.0,14.273997978930446,high_ngal10
155,1396,192,129208068079616.0,14.111289632955176,high_ngal10
160,1425,77,230889556541440.0,14.363404289612728,high_ngal10
163,1441,54,314248664186880.0,14.497273440256166,high_ngal10
169,1477,332,99754541318144.0,13.998932676033132,high_ngal10
170,1482,130,164261326225408.0,14.215535324944792,high_ngal10
192,1617,70,258570536878080.0,14.412579037171405,high_ngal10
193,1626,2,1033314370584576.0,15.014232469282954,high_ngal10
194,1636,2,1033314370584576.0,15.014232469282954,high_ngal10
198,1662,88,223381030961152.0,14.349046290987864,high_ngal10
203,1708,3,899670222045184.0,14.95408334611498,high_ngal10
210,1748,37,197666877210624.0,14.2959339012316,high_ngal10
229,1860,214,138947200024576.0,14.142849799575943,high_ngal10
235,1896,7810,6039436525568.0,12.780996421195312,high_ngal10
241,1920,2,1033314370584576.0,15.014232469282954,high_ngal10
242,1924,15850,3375513468928.0,12.52833984524424,high_ngal10
246,1965,8,398251614273536.0,14.600157544846471,high_ngal10
249,1978,264,60795924774912.0,13.783874468958846,high_ngal10
250,1988,39,334133456797696.0,14.523919963740935,high_ngal10
254,2011,197,138800206446592.0,14.1423901120738,high_ngal10
267,2079,360,96995049996288.0,13.986749571233757,high_ngal10
268,2087,337,96431452979200.0,13.984218710535105,high_ngal10
269,2097,14,437283203317760.0,14.640762795784122,high_ngal10
277,2137,67,278848855867392.0,14.445368866896445,high_ngal10
284,2165,414,81897241706496.0,13.91326927499826,high_ngal10
286,2181,18,407155215695872.0,14.609760002516866,high_ngal10
288,2192,109,188158054498304.0,14.274522813935697,high_ngal10
308,2328,14,437283203317760.0,14.640762795784122,high_ngal10
311,2341,24,367364893835264.0,14.565097651855222,high_ngal10
315,2376,1251,31752647081984.0,13.501779936405264,high_ngal10
317,2388,1451,25961900802048.0,13.414336486187658,high_ngal10
321,2412,25,219906721185792.0,14.342238503254803,high_ngal10
323,2426,191,156477503307776.0,14.194451908070404,high_ngal10
324,2436,357,94136631820288.0,13.973758655325671,high_ngal10
346,2562,110,164342309847040.0,14.215749386731398,high_ngal10
348,2575,600,63358732599296.0,13.801806481229209,high_ngal10
354,2612,79,253893451710464.0,14.404651499917891,high_ngal10
358,2641,51,316146536415232.0,14.499888428205248,high_ngal10
360,2657,4,841819696922624.0,14.925219083166256,high_ngal10
366,2688,0,1535789976518656.0,15.186331828797393,high_ngal10
367,2696,43,343380722712576.0,14.53577591035154,high_ngal10
374,2744,30,389327343321088.0,14.590314906252068,high_ngal10
392,2841,9603,5296648355840.0,12.7240011411086,high_ngal10
393,2849,0,1535789976518656.0,15.186331828797393,high_ngal10
395,2863,1121,34540905037824.0,13.538333712727198,high_ngal10
409,2948,57,301115828600832.0,14.478733585447388,high_ngal10
414,2974,397,89933930823680.0,13.953923575930144,high_ngal10
416,2986,135,163210233643008.0,14.21274738649718,high_ngal10
418,2994,217,144810090430464.0,14.160798824745036,high_ngal10
420,3001,207,96327551680512.0,13.983750522134436,high_ngal10
424,3024,54,314248664186880.0,14.497273440256166,high_ngal10
426,3035,340,114998093283328.0,14.060690639628444,high_ngal10
428,3045,16,379204239622144.0,14.578873184241475,high_ngal10
434,3082,4378,10484561477632.0,13.020550270583207,high_ngal10
436,3089,21,382146090893312.0,14.582229421392803,high_ngal10
444,3147,80,193627108147200.0,14.286966159246084,high_ngal10
446,3153,2,1033314370584576.0,15.014232469282954,high_ngal10
447,3156,58,279208861368320.0,14.445929197555325,high_ngal10
448,3162,39,334133456797696.0,14.523919963740935,high_ngal10
449,3168,732,56478928994304.0,13.751886452628131,high_ngal10
450,3174,145,155587975315456.0,14.191976029312148,high_ngal10
451,3184,1802,17505071398912.0,13.243163886485814,high_ngal10
458,3220,449,65302595371008.0,13.814930442115935,high_ngal10
459,3228,769,60123984691200.0,13.779047755548502,high_ngal10
465,3264,58,279208861368320.0,14.445929197555325,high_ngal10
467,3273,190,106295365468160.0,14.026514329476427,high_ngal10
468,3278,46,176415714574336.0,14.246537268148105,high_ngal10
479,3334,127,201790498799616.0,14.304900713853124,high_ngal10
481,3344,31,390177377746944.0,14.591262085651834,high_ngal10
483,3355,577,63530560651264.0,13.802982687960412,high_ngal10
491,3399,7,581220677189632.0,14.764341056124303,high_ngal10
496,3426,109,188158054498304.0,14.274522813935697,high_ngal10
497,3432,27,456104488206336.0,14.659064345851233,high_ngal10
499,3447,84,158344471904256.0,14.19960290595621,high_ngal10
503,3481,334,104113522081792.0,14.017507138579992,high_ngal10
504,3489,58,279208861368320.0,14.445929197555325,high_ngal10
507,3507,221,122974577360896.0,14.089815338650387,high_ngal10
509,3516,35,381228075188224.0,14.581184876358591,high_ngal10
518,3560,1042,39596536627200.0,13.597657201342832,high_ngal10
521,3576,223,131011845292032.0,14.117310563689344,high_ngal10
522,3582,1,1307340129173504.0,15.116388592175756,high_ngal10
537,3655,24,367364893835264.0,14.565097651855222,high_ngal10
542,3676,400,67376317988864.0,13.828507273774644,high_ngal10
544,3685,4,841819696922624.0,14.925219083166256,high_ngal10
555,3750,71,276122960920576.0,14.441102521766004,high_ngal10
557,3757,100,179395750789120.0,14.253812152026397,high_ngal10
560,3771,10,635853466501120.0,14.803357043286407,high_ngal10
563,3778,99,137743803875328.0,14.139072072109837,high_ngal10
564,3786,174,128181143076864.0,14.107824140159272,high_ngal10
573,3825,7,581220677189632.0,14.764341056124303,high_ngal10
574,3828,3,899670222045184.0,14.95408334611498,high_ngal10
580,3856,73,205733010341888.0,14.313303980849447,high_ngal10
582,3870,3,899670222045184.0,14.95408334611498,high_ngal10
583,3875,264,60795924774912.0,13.783874468958846,high_ngal10
587,3890,46,176415714574336.0,14.246537268148105,high_ngal10
592,3913,2458,17073396776960.0,13.23231993322566,high_ngal10
599,3940,75,134628685905920.0,14.129137606717835,high_ngal10
600,3944,5,733527398154240.0,14.865416339917514,high_ngal10
601,3950,315,87792570859520.0,13.943457766803316,high_ngal10
604,3965,5,733527398154240.0,14.865416339917514,high_ngal10
608,3989,424,75413711749120.0,13.877450316633473,high_ngal10
617,4036,144,177805841137664.0,14.24994602396933,high_ngal10
623,4066,1,1307340129173504.0,15.116388592175756,high_ngal10
628,4094,178,91614747820032.0,13.961965390494417,high_ngal10
629,4098,15,497315974479872.0,14.696632409598273,high_ngal10
635,4136,360,96995049996288.0,13.986749571233757,high_ngal10
639,4160,221,122974577360896.0,14.089815338650387,high_ngal10
640,4162,225,128242103091200.0,14.108030631565471,high_ngal10
641,4166,1504,27701498871808.0,13.442503268492034,high_ngal10
642,4170,2,1033314370584576.0,15.014232469282954,high_ngal10
648,4204,223,131011845292032.0,14.117310563689344,high_ngal10
651,4218,0,1535789976518656.0,15.186331828797393,high_ngal10
653,4227,35,381228075188224.0,14.581184876358591,high_ngal10
654,4230,3547,13336510988288.0,13.125042227127562,high_ngal10
655,4234,408,82125034356736.0,13.914475564253532,high_ngal10
656,4240,46,176415714574336.0,14.246537268148105,high_ngal10
657,4244,25,219906721185792.0,14.342238503254803,high_ngal10
658,4250,145,155587975315456.0,14.191976029312148,high_ngal10
659,4257,2,1033314370584576.0,15.014232469282954,high_ngal10
661,4266,0,1535789976518656.0,15.186331828797393,high_ngal10
662,4274,351,97704793341952.0,13.989915870483305,high_ngal10
671,4325,353,86192754262016.0,13.93547075867522,high_ngal10
674,4338,0,1535789976518656.0,15.186331828797393,high_ngal10
677,4351,99,137743803875328.0,14.139072072109837,high_ngal10
681,4367,217,144810090430464.0,14.160798824745036,high_ngal10
682,4371,11,547336941993984.0,14.738254761430827,high_ngal10
683,4380,45,305942902079488.0,14.485640381953424,high_ngal10
693,4416,90,239398222299136.0,14.37912092113914,high_ngal10
694,4420,2,1033314370584576.0,15.014232469282954,high_ngal10
696,4434,30,389327343321088.0,14.590314906252068,high_ngal10
697,4437,3,899670222045184.0,14.95408334611498,high_ngal10
703,4471,46,176415714574336.0,14.246537268148105,high_ngal10
705,4483,554,70259662913536.0,13.84670606183599,high_ngal10
709,4503,616,52349397630976.0,13.718911688745552,high_ngal10
715,4536,138,156064733462528.0,14.193304774984238,high_ngal10
717,4551,131,185050360446976.0,14.267289935364555,high_ngal10
724,4583,83,128114512363520.0,14.10759832788998,high_ngal10
725,4586,68,276792942264320.0,14.442155012176563,high_ngal10
727,4591,8,398251614273536.0,14.600157544846471,high_ngal10
730,4604,139,146933045788672.0,14.16711948122038,high_ngal10
732,4612,118,192892568076288.0,14.28531549511078,high_ngal10
738,4636,0,1535789976518656.0,15.186331828797393,high_ngal10
749,4702,0,1535789976518656.0,15.186331828797393,high_ngal10
751,4710,175,148736479068160.0,14.172417496531809,high_ngal10
753,4722,133,198890708008960.0,14.29861449375943,high_ngal10
755,4729,76,236042040901632.0,14.372989361044429,high_ngal10
758,4743,308,100990426546176.0,14.004280206503156,high_ngal10
761,4753,15,497315974479872.0,14.696632409598273,high_ngal10
765,4774,23,392225506721792.0,14.593535832749234,high_ngal10
773,4811,17,416661488271360.0,14.619783360778436,high_ngal10
774,4815,51,316146536415232.0,14.499888428205248,high_ngal10
775,4820,5336,9389218988032.0,12.972629468379552,high_ngal10
781,4851,209,136998895484928.0,14.13671706579338,high_ngal10
788,4886,21,382146090893312.0,14.582229421392803,high_ngal10
793,4912,58,279208861368320.0,14.445929197555325,high_ngal10
795,4922,175,148736479068160.0,14.172417496531809,high_ngal10
800,4955,151,177005769261056.0,14.24798742182739,high_ngal10
803,4970,1963,25916585541632.0,13.413577783537026,high_ngal10
807,4993,298,100322039037952.0,14.00139635057926,high_ngal10
808,4996,4,841819696922624.0,14.925219083166256,high_ngal10
810,5002,68,276792942264320.0,14.442155012176563,high_ngal10
816,5023,1,1307340129173504.0,15.116388592175756,high_ngal10
817,5029,59,213580418908160.0,14.329561433984113,high_ngal10
818,5034,426,84509076750336.0,13.926903357125804,high_ngal10
829,5086,191,156477503307776.0,14.194451908070404,high_ngal10
832,5105,71,276122960920576.0,14.441102521766004,high_ngal10
836,5123,69,269337868894208.0,14.43029741949233,high_ngal10
848,5191,71,276122960920576.0,14.441102521766004,high_ngal10
854,5218,56,296168328265728.0,14.47153861395946,high_ngal10
856,5226,293,100814081228800.0,14.003521196522817,high_ngal10
859,5240,1208,33857629847552.0,13.529656552705063,high_ngal10
862,5259,95,183994033373184.0,14.264803739775209,high_ngal10
863,5264,5,733527398154240.0,14.865416339917514,high_ngal10
867,5285,207,96327551680512.0,13.983750522134436,high_ngal10
869,5300,8,398251614273536.0,14.600157544846471,high_ngal10
871,5305,285,131206410665984.0,14.117955054924138,high_ngal10
872,5309,37,197666877210624.0,14.2959339012316,high_ngal10
877,5329,64,279798244966400.0,14.446844986053598,high_ngal10
879,5345,223,131011845292032.0,14.117310563689344,high_ngal10
880,5346,13,553877338324992.0,14.743413596521044,high_ngal10
882,5354,211,129321414950912.0,14.111670447733609,high_ngal10
883,5360,99,137743803875328.0,14.139072072109837,high_ngal10
886,5378,5,733527398154240.0,14.865416339917514,high_ngal10
888,5386,68,276792942264320.0,14.442155012176563,high_ngal10
890,5398,43,343380722712576.0,14.53577591035154,high_ngal10
891,5401,174,128181143076864.0,14.107824140159272,high_ngal10
894,5412,35,381228075188224.0,14.581184876358591,high_ngal10
897,5429,548,75069074178048.0,13.875461059774146,high_ngal10
899,5438,46,176415714574336.0,14.246537268148105,high_ngal10
900,5443,239,113186665660416.0,14.053795266329251,high_ngal10
901,5445,18,407155215695872.0,14.609760002516866,high_ngal10
902,5447,0,1535789976518656.0,15.186331828797393,high_ngal10
903,5448,754,54715698118656.0,13.7381119447652,high_ngal10
904,5454,48,324151516594176.0,14.510748057859148,high_ngal10
906,5461,88,223381030961152.0,14.349046290987864,high_ngal10
912,5492,13,553877338324992.0,14.743413596521044,high_ngal10
915,5499,59,213580418908160.0,14.329561433984113,high_ngal10
919,5517,73,205733010341888.0,14.313303980849447,high_ngal10
920,5519,277,111711847710720.0,14.048099235089907,high_ngal10
921,5522,0,1535789976518656.0,15.186331828797393,high_ngal10
922,5523,0,1535789976518656.0,15.186331828797393,high_ngal10
926,5538,457,66661625364480.0,13.823875898556722,high_ngal10
931,5562,13,553877338324992.0,14.743413596521044,high_ngal10
933,5573,285,131206410665984.0,14.117955054924138,high_ngal10
936,5584,109,188158054498304.0,14.274522813935697,high_ngal10
937,5587,128,167641163497472.0,14.224380666351609,high_ngal10
940,5599,90,239398222299136.0,14.37912092113914,high_ngal10
943,5610,140,160620351586304.0,14.20580057221075,high_ngal10
944,5613,340,114998093283328.0,14.060690639628444,high_ngal10
949,5634,479,74532631085056.0,13.872346452580745,high_ngal10
950,5639,3,899670222045184.0,14.95408334611498,high_ngal10
951,5646,79,253893451710464.0,14.404651499917891,high_ngal10
952,5650,36,374207984697344.0,14.573113050061371,high_ngal10
954,5664,185,136576881393664.0,14.135377191784158,high_ngal10
955,5672,226,114129838800896.0,14.057399203860903,high_ngal10
961,5695,110,164342309847040.0,14.215749386731398,high_ngal10
963,5703,15850,3375513468928.0,12.52833984524424,high_ngal10
967,5717,54,314248664186880.0,14.497273440256166,high_ngal10
968,5720,408,82125034356736.0,13.914475564253532,high_ngal10
975,5756,5,733527398154240.0,14.865416339917514,high_ngal10
976,5761,67,278848855867392.0,14.445368866896445,high_ngal10
977,5765,21,382146090893312.0,14.582229421392803,high_ngal10
978,5769,9123,5047437492224.0,12.703070949319434,high_ngal10
982,5784,426,84509076750336.0,13.926903357125804,high_ngal10
984,5796,58,279208861368320.0,14.445929197555325,high_ngal10
987,5810,341,95518411718656.0,13.980087092391258,high_ngal10
990,5826,11,547336941993984.0,14.738254761430827,high_ngal10
992,5831,91,164138567335936.0,14.21521063841577,high_ngal10
995,5856,175,148736479068160.0,14.172417496531809,high_ngal10
996,5862,44,332506201063424.0,14.521799749075257,high_ngal10
998,5871,83,128114512363520.0,14.10759832788998,high_ngal10
1010,5922,133,198890708008960.0,14.29861449375943,high_ngal10
1013,5931,273,80389464915968.0,13.90519913794437,high_ngal10
1015,5937,52,275655178584064.0,14.440366155746386,high_ngal10
1016,5939,62,174374598475776.0,14.241483220589254,high_ngal10
1019,5961,91,164138567335936.0,14.21521063841577,high_ngal10
1022,5976,207,96327551680512.0,13.983750522134436,high_ngal10
1024,5993,106,201667337256960.0,14.304635564064275,high_ngal10
1027,6006,64,279798244966400.0,14.446844986053598,high_ngal10
1029,6015,3,899670222045184.0,14.95408334611498,high_ngal10
1030,6021,80,193627108147200.0,14.286966159246084,high_ngal10
1035,6044,62,174374598475776.0,14.241483220589254,high_ngal10
1041,6068,100,179395750789120.0,14.253812152026397,high_ngal10
1048,6095,1,1307340129173504.0,15.116388592175756,high_ngal10
1052,6109,149,134479007973376.0,14.128654496733631,high_ngal10
1054,6111,769,60123984691200.0,13.779047755548502,high_ngal10
1056,6116,357,94136631820288.0,13.973758655325671,high_ngal10
1058,6120,1,1307340129173504.0,15.116388592175756,high_ngal10
1059,6124,760,51850631970816.0,13.714754054066727,high_ngal10
1064,6144,6715,7360561020928.0,12.866910917463532,high_ngal10
1065,6146,360,96995049996288.0,13.986749571233757,high_ngal10
1071,6167,308,100990426546176.0,14.004280206503156,high_ngal10
1072,6169,1731,22341369200640.0,13.34910978552359,high_ngal10
1075,6180,422,87033871597568.0,13.939688303022058,high_ngal10
1079,6192,116,198077717676032.0,14.296835623268862,high_ngal10
1085,6218,191,156477503307776.0,14.194451908070404,high_ngal10
1086,6222,0,1535789976518656.0,15.186331828797393,high_ngal10
1087,6229,80,193627108147200.0,14.286966159246084,high_ngal10
1088,6233,3753,12264870510592.0,13.088662967395056,high_ngal10
1090,6241,91,164138567335936.0,14.21521063841577,high_ngal10
1091,6247,36,374207984697344.0,14.573113050061371,high_ngal10
1093,6258,68,276792942264320.0,14.442155012176563,high_ngal10
1094,6260,133,198890708008960.0,14.29861449375943,high_ngal10
1095,6264,31,390177377746944.0,14.591262085651834,high_ngal10
1098,6279,39,334133456797696.0,14.523919963740935,high_ngal10
1101,6294,15,497315974479872.0,14.696632409598273,high_ngal10
1102,6297,76,236042040901632.0,14.372989361044429,high_ngal10
1105,6308,283,102168363270144.0,14.009316436070272,high_ngal10
1106,6310,357,94136631820288.0,13.973758655325671,high_ngal10
1108,6316,435,70737238949888.0,13.849648104217357,high_ngal10
1111,6330,1655,25557184020480.0,13.407513000044288,high_ngal10
1114,6343,8,398251614273536.0,14.600157544846471,high_ngal10
1117,6352,110,164342309847040.0,14.215749386731398,high_ngal10
1118,6353,82,135533791543296.0,14.132047587839036,high_ngal10
1124,6374,140,160620351586304.0,14.20580057221075,high_ngal10
1132,6405,12,655181557530624.0,14.816361664125669,high_ngal10
1137,6434,16,379204239622144.0,14.578873184241475,high_ngal10
1143,6468,577,63530560651264.0,13.802982687960412,high_ngal10
1146,6478,35,381228075188224.0,14.581184876358591,high_ngal10
1149,6492,23,392225506721792.0,14.593535832749234,high_ngal10
1153,6516,125,135592662794240.0,14.132236189573916,high_ngal10
1155,6522,334,104113522081792.0,14.017507138579992,high_ngal10
1159,6545,4,841819696922624.0,14.925219083166256,high_ngal10
1160,6550,1308,30149049319424.0,13.47927362221953,high_ngal10
1163,6568,54,314248664186880.0,14.497273440256166,high_ngal10
1169,6600,168,173127850000384.0,14.238366935747166,high_ngal10
1170,6604,68,276792942264320.0,14.442155012176563,high_ngal10
1179,6650,771,34327614193664.0,13.53564362053812,high_ngal10
1184,6673,72,275153237835776.0,14.439574627690288,high_ngal10
1187,6685,5,733527398154240.0,14.865416339917514,high_ngal10
1198,6735,1,1307340129173504.0,15.116388592175756,high_ngal10
1200,6743,4,841819696922624.0,14.925219083166256,high_ngal10
1204,6754,145,155587975315456.0,14.191976029312148,high_ngal10
1210,6779,112,152773211455488.0,14.184047208055036,high_ngal10
1212,6787,75,134628685905920.0,14.129137606717835,high_ngal10
1214,6794,0,1535789976518656.0,15.186331828797393,high_ngal10
1216,6808,675,57136910434304.0,13.756916753064406,high_ngal10
1221,6832,86,192014666694656.0,14.283334402772732,high_ngal10
1222,6834,18,407155215695872.0,14.609760002516866,high_ngal10
1223,6837,5336,9389218988032.0,12.972629468379552,high_ngal10
1226,6847,25,219906721185792.0,14.342238503254803,high_ngal10
1234,6895,90,239398222299136.0,14.37912092113914,high_ngal10
1238,6912,568,62956708560896.0,13.799042014598683,high_ngal10
1242,6929,130,164261326225408.0,14.215535324944792,high_ngal10
1243,6931,53,184230525009920.0,14.265361589731892,high_ngal10
1244,6934,354,97267235160064.0,13.987966571146448,high_ngal10
1247,6945,20,431286791438336.0,14.63476615767462,high_ngal10
1264,7026,32,390393736724480.0,14.59150284145414,high_ngal10
1265,7030,266,86725086937088.0,13.938144743870438,high_ngal10
1267,7036,297,98328016584704.0,13.992677278915956,high_ngal10
1269,7046,55,242969403719680.0,14.385551587868612,high_ngal10
1271,7057,675,57136910434304.0,13.756916753064406,high_ngal10
1275,7072,601,72005806194688.0,13.857367517218025,high_ngal10
1276,7078,223,131011845292032.0,14.117310563689344,high_ngal10
1293,7159,5,733527398154240.0,14.865416339917514,high_ngal10
1294,7162,130,164261326225408.0,14.215535324944792,high_ngal10
1296,7169,56,296168328265728.0,14.47153861395946,high_ngal10
1297,7172,299,108280252727296.0,14.03454926074773,high_ngal10
1301,7191,51,316146536415232.0,14.499888428205248,high_ngal10
1307,7216,13824,2617857802240.0,12.41794605268849,high_ngal10
1310,7228,76,236042040901632.0,14.372989361044429,high_ngal10
1311,7232,12,655181557530624.0,14.816361664125669,high_ngal10
1316,7248,4,841819696922624.0,14.925219083166256,high_ngal10
1319,7262,0,1535789976518656.0,15.186331828797393,high_ngal10
1320,7264,27,456104488206336.0,14.659064345851233,high_ngal10
1322,7272,426,84509076750336.0,13.926903357125804,high_ngal10
1323,7274,67,278848855867392.0,14.445368866896445,high_ngal10
1331,7309,24,367364893835264.0,14.565097651855222,high_ngal10
1338,7334,7,581220677189632.0,14.764341056124303,high_ngal10
1339,7341,424,75413711749120.0,13.877450316633473,high_ngal10
1341,7345,1101,39715017326592.0,13.598954756356433,high_ngal10
1351,7381,69,269337868894208.0,14.43029741949233,high_ngal10
1353,7386,398,58272455327744.0,13.765463317606624,high_ngal10
1355,7392,59,213580418908160.0,14.329561433984113,high_ngal10
1360,7409,479,74532631085056.0,13.872346452580745,high_ngal10
1362,7422,70,258570536878080.0,14.412579037171405,high_ngal10
1366,7434,217,144810090430464.0,14.160798824745036,high_ngal10
1371,7463,394,76312400101376.0,13.882595112765458,high_ngal10
1372,7468,4,841819696922624.0,14.925219083166256,high_ngal10
1376,7488,297,98328016584704.0,13.992677278915956,high_ngal10
1377,7489,57,301115828600832.0,14.478733585447388,high_ngal10
1380,7501,2582,11968683442176.0,13.078046380544713,high_ngal10
1385,7517,1263,25946312671232.0,13.41407564733588,high_ngal10
1389,7529,545,49718398812160.0,13.696517133681578,high_ngal10
1392,7542,54,314248664186880.0,14.497273440256166,high_ngal10
1394,7551,93,235066697449472.0,14.371191105780005,high_ngal10
1402,7574,15,497315974479872.0,14.696632409598273,high_ngal10
1404,7580,5,733527398154240.0,14.865416339917514,high_ngal10
1406,7586,407,75625037561856.0,13.878665603368333,high_ngal10
1411,7604,48,324151516594176.0,14.510748057859148,high_ngal10
1412,7606,331,72077663010816.0,13.857800696978211,high_ngal10
1413,7608,2288,17636851187712.0,13.24642105053112,high_ngal10
1417,7626,23,392225506721792.0,14.593535832749234,high_ngal10
1419,7633,24,367364893835264.0,14.565097651855222,high_ngal10
1422,7642,149,134479007973376.0,14.128654496733631,high_ngal10
1428,7666,1291,31427647242240.0,13.497311869787596,high_ngal10
1431,7673,226,114129838800896.0,14.057399203860903,high_ngal10
1432,7678,19,467371865145344.0,14.669662565180955,high_ngal10
1434,7681,31,390177377746944.0,14.591262085651834,high_ngal10
1454,7780,107,187167024349184.0,14.272229335830058,high_ngal10
1457,7791,10,635853466501120.0,14.803357043286407,high_ngal10
1462,7806,1063,37444019814400.0,13.573382466388164,high_ngal10
1466,7816,5,733527398154240.0,14.865416339917514,high_ngal10
1483,7891,58,279208861368320.0,14.445929197555325,high_ngal10
1486,7901,675,57136910434304.0,13.756916753064406,high_ngal10
1490,7935,180,142675005145088.0,14.154347896882348,high_ngal10
1492,7943,338,84481679556608.0,13.926762539362514,high_ngal10
1495,7952,125,135592662794240.0,14.132236189573916,high_ngal10
1502,7983,90,239398222299136.0,14.37912092113914,high_ngal10
1509,8018,39,334133456797696.0,14.523919963740935,high_ngal10
1511,8028,133,198890708008960.0,14.29861449375943,high_ngal10
1519,8048,1687,24665395298304.0,13.39208808004533,high_ngal10
1520,8052,655,58219737120768.0,13.765070240139934,high_ngal10
1523,8064,57,301115828600832.0,14.478733585447388,high_ngal10
1526,8079,377,84586503602176.0,13.92730107369279,high_ngal10
1538,8132,107,187167024349184.0,14.272229335830058,high_ngal10
1540,8136,32,390393736724480.0,14.59150284145414,high_ngal10
1541,8139,163,176176588914688.0,14.24594819703475,high_ngal10
1543,8143,732,56478928994304.0,13.751886452628131,high_ngal10
1544,8145,55,242969403719680.0,14.385551587868612,high_ngal10
1550,8172,184,107746024226816.0,14.032401253884174,high_ngal10
1556,8195,0,1535789976518656.0,15.186331828797393,high_ngal10
1558,8200,120,203439883681792.0,14.308436098856747,high_ngal10
1564,8223,45,305942902079488.0,14.485640381953424,high_ngal10
1567,8233,398,58272455327744.0,13.765463317606624,high_ngal10
1573,8256,123,71453248585728.0,13.85402197855433,high_ngal10
1575,8265,8,398251614273536.0,14.600157544846471,high_ngal10
1579,8288,1,1307340129173504.0,15.116388592175756,high_ngal10
1582,8303,46,176415714574336.0,14.246537268148105,high_ngal10
1583,8304,615,53642568663040.0,13.729509565776777,high_ngal10
1585,8313,1257,35927489511424.0,13.555426871270123,high_ngal10
1586,8316,1884,22378010640384.0,13.349821476012478,high_ngal10
1591,8335,0,1535789976518656.0,15.186331828797393,high_ngal10
1593,8347,54,314248664186880.0,14.497273440256166,high_ngal10
1594,8353,107,187167024349184.0,14.272229335830058,high_ngal10
1608,8413,191,156477503307776.0,14.194451908070404,high_ngal10
1618,8454,35,381228075188224.0,14.581184876358591,high_ngal10
1620,8461,4852,9032182005760.0,12.955792680389546,high_ngal10
1622,8471,11,547336941993984.0,14.738254761430827,high_ngal10
1628,8495,137,173721042026496.0,14.23985242571552,high_ngal10
1632,8504,207,96327551680512.0,13.983750522134436,high_ngal10
1633,8506,174,128181143076864.0,14.107824140159272,high_ngal10
1634,8510,79,253893451710464.0,14.404651499917891,high_ngal10
1636,8516,77,230889556541440.0,14.363404289612728,high_ngal10
1645,8549,68,276792942264320.0,14.442155012176563,high_ngal10
1651,8572,337,96431452979200.0,13.984218710535105,high_ngal10
1659,8605,398,58272455327744.0,13.765463317606624,high_ngal10
1661,8613,4,841819696922624.0,14.925219083166256,high_ngal10
1662,8618,53,184230525009920.0,14.265361589731892,high_ngal10
1671,8640,7,581220677189632.0,14.764341056124303,high_ngal10
1672,8643,256,125519060271104.0,14.098709679140052,high_ngal10
1675,8652,1462,28310146908160.0,13.45194212302945,high_ngal10
1684,8683,155,178474010542080.0,14.251574982913551,high_ngal10
1697,8736,109,188158054498304.0,14.274522813935697,high_ngal10
1700,8748,336,101111641931776.0,14.0048011628674,high_ngal10
1701,8750,370,105982210342912.0,14.025232972828052,high_ngal10
1704,8762,424,75413711749120.0,13.877450316633473,high_ngal10
1708,8774,77,230889556541440.0,14.363404289612728,high_ngal10
1717,8800,20,431286791438336.0,14.63476615767462,high_ngal10
1724,8832,189,142160531816448.0,14.1527790394773,high_ngal10
1726,8836,151,177005769261056.0,14.24798742182739,high_ngal10
1727,8837,90,239398222299136.0,14.37912092113914,high_ngal10
1728,8839,17,416661488271360.0,14.619783360778436,high_ngal10
1730,8846,10,635853466501120.0,14.803357043286407,high_ngal10
1732,8852,64,279798244966400.0,14.446844986053598,high_ngal10
1733,8856,241,116610618621952.0,14.066738099299023,high_ngal10
1739,8878,426,84509076750336.0,13.926903357125804,high_ngal10
1743,8892,728,58706783895552.0,13.768688289291433,high_ngal10
1744,8894,88,223381030961152.0,14.349046290987864,high_ngal10
1752,8924,239,113186665660416.0,14.053795266329251,high_ngal10
1753,8927,31,390177377746944.0,14.591262085651834,high_ngal10
1755,8935,62,174374598475776.0,14.241483220589254,high_ngal10
1771,8989,2,1033314370584576.0,15.014232469282954,high_ngal10
1776,9007,84,158344471904256.0,14.19960290595621,high_ngal10
1783,9027,581,40077640073216.0,13.602902140669704,high_ngal10
1789,9046,1308,30149049319424.0,13.47927362221953,high_ngal10
1790,9048,336,101111641931776.0,14.0048011628674,high_ngal10
1792,9063,187,118919146766336.0,14.075251784522123,high_ngal10
1797,9087,264,60795924774912.0,13.783874468958846,high_ngal10
1816,9164,4,841819696922624.0,14.925219083166256,high_ngal10
1819,9176,206,115317153988608.0,14.061893915520756,high_ngal10
1820,9179,72,275153237835776.0,14.439574627690288,high_ngal10
1822,9182,46,176415714574336.0,14.246537268148105,high_ngal10
1827,9199,600,63358732599296.0,13.801806481229209,high_ngal10
1828,9204,5,733527398154240.0,14.865416339917514,high_ngal10
1829,9206,4,841819696922624.0,14.925219083166256,high_ngal10
1837,9241,0,1535789976518656.0,15.186331828797393,high_ngal10
1840,9251,46,176415714574336.0,14.246537268148105,high_ngal10
1847,9283,84,158344471904256.0,14.19960290595621,high_ngal10
1848,9285,35,381228075188224.0,14.581184876358591,high_ngal10
1852,9300,0,1535789976518656.0,15.186331828797393,high_ngal10
1855,9309,145,155587975315456.0,14.191976029312148,high_ngal10
1857,9319,3,899670222045184.0,14.95408334611498,high_ngal10
1862,9337,424,75413711749120.0,13.877450316633473,high_ngal10
1865,9346,153,140163564961792.0,14.146635134939482,high_ngal10
1869,9362,39,334133456797696.0,14.523919963740935,high_ngal10
1884,9417,2,1033314370584576.0,15.014232469282954,high_ngal10
1890,9442,28,471019466784768.0,14.673038856476026,high_ngal10
1895,9461,46,176415714574336.0,14.246537268148105,high_ngal10
1900,9479,184,107746024226816.0,14.032401253884174,high_ngal10
1907,9504,115,127064946507776.0,14.104025757966165,high_ngal10
1908,9506,16,379204239622144.0,14.578873184241475,high_ngal10
1909,9509,639,61046635102208.0,13.785661730577091,high_ngal10
1912,9524,675,57136910434304.0,13.756916753064406,high_ngal10
1915,9533,4,841819696922624.0,14.925219083166256,high_ngal10
1918,9547,151,177005769261056.0,14.24798742182739,high_ngal10
1923,9568,72,275153237835776.0,14.439574627690288,high_ngal10
1927,9584,43,343380722712576.0,14.53577591035154,high_ngal10
1929,9591,1,1307340129173504.0,15.116388592175756,high_ngal10
1931,9595,36,374207984697344.0,14.573113050061371,high_ngal10
1932,9598,9,641211639529472.0,14.807001397240343,high_ngal10
1934,9604,83,128114512363520.0,14.10759832788998,high_ngal10
1946,9644,44,332506201063424.0,14.521799749075257,high_ngal10
1973,9747,5,733527398154240.0,14.865416339917514,high_ngal10
1977,9762,75,134628685905920.0,14.129137606717835,high_ngal10
1982,9785,75,134628685905920.0,14.129137606717835,high_ngal10
1995,9835,319,95636196163584.0,13.980622294147857,high_ngal10
2002,9864,568,62956708560896.0,13.799042014598683,high_ngal10
2012,9920,424,75413711749120.0,13.877450316633473,high_ngal10
2021,9964,481,56581853020160.0,13.752677166225473,high_ngal10
2025,9978,1060,33746575163392.0,13.52822970418592,high_ngal10
2032,9997,530,71088553852928.0,13.851799679510531,high_ngal10
2042,10048,54,314248664186880.0,14.497273440256166,high_ngal10
2045,10058,308,100990426546176.0,14.004280206503156,high_ngal10
2052,10086,0,1535789976518656.0,15.186331828797393,high_ngal10
2053,10089,5,733527398154240.0,14.865416339917514,high_ngal10
2066,10131,77,230889556541440.0,14.363404289612728,high_ngal10
2069,10141,437,84636801695744.0,13.92755924363093,high_ngal10
2075,10164,95,183994033373184.0,14.264803739775209,high_ngal10
2076,10165,1884,22378010640384.0,13.349821476012478,high_ngal10
2081,10179,207,96327551680512.0,13.983750522134436,high_ngal10
2090,10227,327,99669908652032.0,13.998564060228068,high_ngal10
2092,10232,15,497315974479872.0,14.696632409598273,high_ngal10
2097,10251,27,456104488206336.0,14.659064345851233,high_ngal10
2100,10261,51,316146536415232.0,14.499888428205248,high_ngal10
2115,10306,11,547336941993984.0,14.738254761430827,high_ngal10
2118,10320,394,76312400101376.0,13.882595112765458,high_ngal10
2129,10351,317,108471882088448.0,14.035317175636992,high_ngal10
2136,10375,293,100814081228800.0,14.003521196522817,high_ngal10
2140,10387,189,142160531816448.0,14.1527790394773,high_ngal10
2141,10390,46,176415714574336.0,14.246537268148105,high_ngal10
2154,10435,340,114998093283328.0,14.060690639628444,high_ngal10
2161,10453,0,1535789976518656.0,15.186331828797393,high_ngal10
2171,10480,69,269337868894208.0,14.43029741949233,high_ngal10
2172,10483,24,367364893835264.0,14.565097651855222,high_ngal10
2174,10490,35,381228075188224.0,14.581184876358591,high_ngal10
2180,10513,10,635853466501120.0,14.803357043286407,high_ngal10
2183,10525,4869,8808959049728.0,12.944924591082993,high_ngal10
2186,10539,2,1033314370584576.0,15.014232469282954,high_ngal10
2187,10541,2,1033314370584576.0,15.014232469282954,high_ngal10
2192,10561,87,78567408926720.0,13.895242430790525,high_ngal10
2200,10599,72,275153237835776.0,14.439574627690288,high_ngal10
2209,10633,99,137743803875328.0,14.139072072109837,high_ngal10
2210,10636,5,733527398154240.0,14.865416339917514,high_ngal10
2218,10667,327,99669908652032.0,13.998564060228068,high_ngal10
2223,10686,33,369590794190848.0,14.56772114522689,high_ngal10
2237,10732,46,176415714574336.0,14.246537268148105,high_ngal10
2239,10743,52,275655178584064.0,14.440366155746386,high_ngal10
2246,10764,308,100990426546176.0,14.004280206503156,high_ngal10
2251,10783,435,70737238949888.0,13.849648104217357,high_ngal10
2253,10788,161,170170278477824.0,14.230883709566198,high_ngal10
2254,10790,19,467371865145344.0,14.669662565180955,high_ngal10
2260,10806,0,1535789976518656.0,15.186331828797393,high_ngal10
2261,10808,72,275153237835776.0,14.439574627690288,high_ngal10
2268,10837,1,1307340129173504.0,15.116388592175756,high_ngal10
2277,10874,161,170170278477824.0,14.230883709566198,high_ngal10
2287,10913,5,733527398154240.0,14.865416339917514,high_ngal10
2293,10925,13,553877338324992.0,14.743413596521044,high_ngal10
2298,10942,356,95938353823744.0,13.981992262270406,high_ngal10
2301,10950,101,121944716345344.0,14.086162987825046,high_ngal10
2303,10955,21,382146090893312.0,14.582229421392803,high_ngal10
2320,11005,64,279798244966400.0,14.446844986053598,high_ngal10
2327,11023,67,278848855867392.0,14.445368866896445,high_ngal10
2329,11031,223,131011845292032.0,14.117310563689344,high_ngal10
2332,11045,1493,33249468350464.0,13.521784705449477,high_ngal10
2334,11051,239,113186665660416.0,14.053795266329251,high_ngal10
2336,11056,527,70330672480256.0,13.847144770023505,high_ngal10
2337,11057,133,198890708008960.0,14.29861449375943,high_ngal10
2342,11072,217,144810090430464.0,14.160798824745036,high_ngal10
2346,11086,602,64531443220480.0,13.80977137804191,high_ngal10
2347,11087,5,733527398154240.0,14.865416339917514,high_ngal10
2351,11094,17,416661488271360.0,14.619783360778436,high_ngal10
2358,11124,80,193627108147200.0,14.286966159246084,high_ngal10
2365,11150,80,193627108147200.0,14.286966159246084,high_ngal10
2367,11156,211,129321414950912.0,14.111670447733609,high_ngal10
2373,11176,771,34327614193664.0,13.53564362053812,high_ngal10
2379,11200,30,389327343321088.0,14.590314906252068,high_ngal10
2380,11202,90,239398222299136.0,14.37912092113914,high_ngal10
2389,11230,231,121593208504320.0,14.084909318427938,high_ngal10
2399,11263,24,367364893835264.0,14.565097651855222,high_ngal10
2401,11265,39,334133456797696.0,14.523919963740935,high_ngal10
2404,11270,44,332506201063424.0,14.521799749075257,high_ngal10
2422,11326,175,148736479068160.0,14.172417496531809,high_ngal10
2427,11340,297,98328016584704.0,13.992677278915956,high_ngal10
2429,11345,147,187930807107584.0,14.273997978930446,high_ngal10
2430,11347,390,71213359562752.0,13.852561474537506,high_ngal10
2431,11350,62,174374598475776.0,14.241483220589254,high_ngal10
2434,11360,1121,34540905037824.0,13.538333712727198,high_ngal10
2436,11367,161,170170278477824.0,14.230883709566198,high_ngal10
2439,11376,124,178725417123840.0,14.252186319330942,high_ngal10
2447,11402,55,242969403719680.0,14.385551587868612,high_ngal10
2449,11412,193,98666782130176.0,13.994170964567004,high_ngal10
2458,11444,407,75625037561856.0,13.878665603368333,high_ngal10
2477,11528,37,197666877210624.0,14.2959339012316,high_ngal10
2479,11533,88,223381030961152.0,14.349046290987864,high_ngal10
2481,11538,479,74532631085056.0,13.872346452580745,high_ngal10
2486,11559,4,841819696922624.0,14.925219083166256,high_ngal10
2492,11574,207,96327551680512.0,13.983750522134436,high_ngal10
2497,11593,56,296168328265728.0,14.47153861395946,high_ngal10
2527,11708,545,49718398812160.0,13.696517133681578,high_ngal10
2536,11732,554,70259662913536.0,13.84670606183599,high_ngal10
2545,11761,68,276792942264320.0,14.442155012176563,high_ngal10
2549,11773,80,193627108147200.0,14.286966159246084,high_ngal10
2554,11797,639,61046635102208.0,13.785661730577091,high_ngal10
2563,11834,124,178725417123840.0,14.252186319330942,high_ngal10
2568,11855,5,733527398154240.0,14.865416339917514,high_ngal10
2569,11858,354,97267235160064.0,13.987966571146448,high_ngal10
2582,11911,52,275655178584064.0,14.440366155746386,high_ngal10
2590,11939,214,138947200024576.0,14.142849799575943,high_ngal10
2591,11940,5,733527398154240.0,14.865416339917514,high_ngal10
2597,11958,13,553877338324992.0,14.743413596521044,high_ngal10
2601,11971,55,242969403719680.0,14.385551587868612,high_ngal10
2604,11981,4195,10513681481728.0,13.021754815670487,high_ngal10
2615,12010,343,105406022025216.0,14.02286542356733,high_ngal10
2620,12027,90,239398222299136.0,14.37912092113914,high_ngal10
2627,12056,206,115317153988608.0,14.061893915520756,high_ngal10
2629,12063,102,98802778243072.0,13.994769156719933,high_ngal10
2633,12078,97,228157068148736.0,14.358233927460835,high_ngal10
2636,12086,133,198890708008960.0,14.29861449375943,high_ngal10
2638,12091,239,113186665660416.0,14.053795266329251,high_ngal10
2640,12096,8,398251614273536.0,14.600157544846471,high_ngal10
2642,12101,91,164138567335936.0,14.21521063841577,high_ngal10
2643,12105,317,108471882088448.0,14.035317175636992,high_ngal10
2678,12228,340,114998093283328.0,14.060690639628444,high_ngal10
2685,12253,4,841819696922624.0,14.925219083166256,high_ngal10
2693,12289,4,841819696922624.0,14.925219083166256,high_ngal10
2722,12401,356,95938353823744.0,13.981992262270406,high_ngal10
2728,12421,24792,1686270377984.0,12.226927211007627,high_ngal10
2730,12425,116,198077717676032.0,14.296835623268862,high_ngal10
2732,12436,131,185050360446976.0,14.267289935364555,high_ngal10
2736,12454,369,93300698644480.0,13.969884895796945,high_ngal10
2741,12473,53,184230525009920.0,14.265361589731892,high_ngal10
2753,12511,149,134479007973376.0,14.128654496733631,high_ngal10
2757,12526,8,398251614273536.0,14.600157544846471,high_ngal10
2758,12527,354,97267235160064.0,13.987966571146448,high_ngal10
2764,12545,4,841819696922624.0,14.925219083166256,high_ngal10
2772,12567,70,258570536878080.0,14.412579037171405,high_ngal10
2785,12603,3504,13623153917952.0,13.134277663420864,high_ngal10
2800,12647,36648,1610674470912.0,12.207007775197514,high_ngal10
2804,12662,95,183994033373184.0,14.264803739775209,high_ngal10
2811,12687,357,94136631820288.0,13.973758655325671,high_ngal10
2815,12697,174,128181143076864.0,14.107824140159272,high_ngal10
2816,12699,20,431286791438336.0,14.63476615767462,high_ngal10
2829,12750,62,174374598475776.0,14.241483220589254,high_ngal10
2830,12752,337,96431452979200.0,13.984218710535105,high_ngal10
2839,12784,116,198077717676032.0,14.296835623268862,high_ngal10
2851,12822,7,581220677189632.0,14.764341056124303,high_ngal10
2856,12837,8,398251614273536.0,14.600157544846471,high_ngal10
2864,12860,217,144810090430464.0,14.160798824745036,high_ngal10
2882,12922,193,98666782130176.0,13.994170964567004,high_ngal10
2883,12925,217,144810090430464.0,14.160798824745036,high_ngal10
2885,12933,1,1307340129173504.0,15.116388592175756,high_ngal10
2891,12952,1,1307340129173504.0,15.116388592175756,high_ngal10
2895,12963,116,198077717676032.0,14.296835623268862,high_ngal10
2913,13029,455,74523831435264.0,13.872295174839584,high_ngal10
2917,13044,422,87033871597568.0,13.939688303022058,high_ngal10
2920,13050,675,57136910434304.0,13.756916753064406,high_ngal10
2922,13056,1021,42559158091776.0,13.628993028128336,high_ngal10
2925,13066,2255,21215601229824.0,13.326655343766792,high_ngal10
2928,13078,1037,39767383212032.0,13.59952701432104,high_ngal10
2942,13133,291,91769182093312.0,13.962696861006464,high_ngal10
2943,13137,28,471019466784768.0,14.673038856476026,high_ngal10
2959,13190,1493,33249468350464.0,13.521784705449477,high_ngal10
2966,13216,1007,44479826362368.0,13.648163083205011,high_ngal10
2979,13261,17,416661488271360.0,14.619783360778436,high_ngal10
2981,13265,1412,26058009083904.0,13.415941231142323,high_ngal10
2984,13276,214,138947200024576.0,14.142849799575943,high_ngal10
2990,13294,39,334133456797696.0,14.523919963740935,high_ngal10
2992,13299,39,334133456797696.0,14.523919963740935,high_ngal10
3003,13336,2,1033314370584576.0,15.014232469282954,high_ngal10
3008,13349,241,116610618621952.0,14.066738099299023,high_ngal10
3009,13352,5,733527398154240.0,14.865416339917514,high_ngal10
3013,13363,548,75069074178048.0,13.875461059774146,high_ngal10
3028,13428,639,61046635102208.0,13.785661730577091,high_ngal10
3031,13436,118,192892568076288.0,14.28531549511078,high_ngal10
3033,13440,7,581220677189632.0,14.764341056124303,high_ngal10
3041,13463,718,48454722125824.0,13.68533610735697,high_ngal10
3042,13465,192,129208068079616.0,14.111289632955176,high_ngal10
3055,13524,228,104807805222912.0,14.020393626531456,high_ngal10
3062,13550,971,18281220014080.0,13.2620051754078,high_ngal10
3074,13599,241,116610618621952.0,14.066738099299023,high_ngal10
3075,13601,5,733527398154240.0,14.865416339917514,high_ngal10
3096,13682,4852,9032182005760.0,12.955792680389546,high_ngal10
3097,13684,5,733527398154240.0,14.865416339917514,high_ngal10
3109,13731,84,158344471904256.0,14.19960290595621,high_ngal10
3112,13740,241,116610618621952.0,14.066738099299023,high_ngal10
3115,13749,108,199525524307968.0,14.299998460709714,high_ngal10
3117,13754,1251,31752647081984.0,13.501779936405264,high_ngal10
3119,13761,594,68042126000128.0,13.832777874836172,high_ngal10
3121,13766,57,301115828600832.0,14.478733585447388,high_ngal10
3126,13789,70,258570536878080.0,14.412579037171405,high_ngal10
3127,13790,0,1535789976518656.0,15.186331828797393,high_ngal10
3128,13791,0,1535789976518656.0,15.186331828797393,high_ngal10
3129,13793,128,167641163497472.0,14.224380666351609,high_ngal10
3132,13799,291,91769182093312.0,13.962696861006464,high_ngal10
3141,13836,72,275153237835776.0,14.439574627690288,high_ngal10
3142,13840,151,177005769261056.0,14.24798742182739,high_ngal10
3146,13850,1745,22983758315520.0,13.36142104620753,high_ngal10
3147,13851,769,60123984691200.0,13.779047755548502,high_ngal10
3152,13864,308,100990426546176.0,14.004280206503156,high_ngal10
3165,13913,25,219906721185792.0,14.342238503254803,high_ngal10
3170,13932,123,71453248585728.0,13.85402197855433,high_ngal10
3173,13942,214,138947200024576.0,14.142849799575943,high_ngal10
3174,13944,106,201667337256960.0,14.304635564064275,high_ngal10
3183,13975,414,81897241706496.0,13.91326927499826,high_ngal10
3188,13994,195,148659874299904.0,14.172193761247229,high_ngal10
3200,14037,122,201308741042176.0,14.303862632831848,high_ngal10
3216,14102,197,138800206446592.0,14.1423901120738,high_ngal10
3219,14113,101,121944716345344.0,14.086162987825046,high_ngal10
3222,14127,732,56478928994304.0,13.751886452628131,high_ngal10
3224,14131,2,1033314370584576.0,15.014232469282954,high_ngal10
3225,14133,58,279208861368320.0,14.445929197555325,high_ngal10
3228,14143,17,416661488271360.0,14.619783360778436,high_ngal10
3233,14155,80,193627108147200.0,14.286966159246084,high_ngal10
3239,14176,2447,16241252106240.0,13.210619507778864,high_ngal10
3240,14177,293,100814081228800.0,14.003521196522817,high_ngal10
3254,14221,26,278377265102848.0,14.444633763828053,high_ngal10
3258,14231,400,67376317988864.0,13.828507273774644,high_ngal10
3262,14238,45,305942902079488.0,14.485640381953424,high_ngal10
3269,14265,418,64368444178432.0,13.808673012113472,high_ngal10
3283,14308,62,174374598475776.0,14.241483220589254,high_ngal10
3292,14352,14,437283203317760.0,14.640762795784122,high_ngal10
3295,14362,285,131206410665984.0,14.117955054924138,high_ngal10
3298,14371,315,87792570859520.0,13.943457766803316,high_ngal10
3303,14393,342,63594288906240.0,13.80341811552461,high_ngal10
3311,14412,1007,44479826362368.0,13.648163083205011,high_ngal10
3319,14435,21,382146090893312.0,14.582229421392803,high_ngal10
3327,14465,128,167641163497472.0,14.224380666351609,high_ngal10
3329,14473,2,1033314370584576.0,15.014232469282954,high_ngal10
3333,14487,398,58272455327744.0,13.765463317606624,high_ngal10
3334,14491,189,142160531816448.0,14.1527790394773,high_ngal10
3335,14494,68,276792942264320.0,14.442155012176563,high_ngal10
3340,14511,0,1535789976518656.0,15.186331828797393,high_ngal10
3347,14529,4,841819696922624.0,14.925219083166256,high_ngal10
3348,14531,342,63594288906240.0,13.80341811552461,high_ngal10
3353,14551,149,134479007973376.0,14.128654496733631,high_ngal10
3356,14567,100,179395750789120.0,14.253812152026397,high_ngal10
3360,14576,93,235066697449472.0,14.371191105780005,high_ngal10
3361,14577,178,91614747820032.0,13.961965390494417,high_ngal10
3362,14578,93,235066697449472.0,14.371191105780005,high_ngal10
3375,14628,7,581220677189632.0,14.764341056124303,high_ngal10
3377,14632,144,177805841137664.0,14.24994602396933,high_ngal10
3379,14637,206,115317153988608.0,14.061893915520756,high_ngal10
3382,14645,5,733527398154240.0,14.865416339917514,high_ngal10
3387,14663,504,72348950593536.0,13.85943223614971,high_ngal10
3408,14732,5,733527398154240.0,14.865416339917514,high_ngal10
3411,14742,164,162742719741952.0,14.211501569611247,high_ngal10
3413,14749,1687,24665395298304.0,13.39208808004533,high_ngal10
3417,14764,43,343380722712576.0,14.53577591035154,high_ngal10
3429,14808,12,655181557530624.0,14.816361664125669,high_ngal10
3432,14821,635,56298792026112.0,13.750499076520583,high_ngal10
3452,14870,19,467371865145344.0,14.669662565180955,high_ngal10
3457,14885,70,258570536878080.0,14.412579037171405,high_ngal10
3463,14904,145,155587975315456.0,14.191976029312148,high_ngal10
3467,14918,118,192892568076288.0,14.28531549511078,high_ngal10
3475,14945,2,1033314370584576.0,15.014232469282954,high_ngal10
3489,14998,319,95636196163584.0,13.980622294147857,high_ngal10
3494,15016,206,115317153988608.0,14.061893915520756,high_ngal10
3504,15045,568,62956708560896.0,13.799042014598683,high_ngal10
3509,15063,3492,13315706191872.0,13.124364203978136,high_ngal10
3512,15067,0,1535789976518656.0,15.186331828797393,high_ngal10
3516,15077,2343,20930908651520.0,13.32078808231744,high_ngal10
3528,15126,523,70654569218048.0,13.849140252837351,high_ngal10
3536,15152,24,367364893835264.0,14.565097651855222,high_ngal10
3551,15209,926,43106812559360.0,13.634545911068706,high_ngal10
3556,15224,131,185050360446976.0,14.267289935364555,high_ngal10
3561,15239,21,382146090893312.0,14.582229421392803,high_ngal10
3577,15306,419,79921825185792.0,13.902665393374416,high_ngal10
3581,15316,161,170170278477824.0,14.230883709566198,high_ngal10
3584,15330,366,40676657987584.0,13.60934526388754,high_ngal10
3588,15345,219,66468171481088.0,13.822613731631124,high_ngal10
3589,15348,133,198890708008960.0,14.29861449375943,high_ngal10
3615,15434,19953,2476648693760.0,12.3938644074006,high_ngal10
3618,15446,264,60795924774912.0,13.783874468958846,high_ngal10
3619,15448,70,258570536878080.0,14.412579037171405,high_ngal10
3633,15491,110,164342309847040.0,14.215749386731398,high_ngal10
3638,15512,548,75069074178048.0,13.875461059774146,high_ngal10
3648,15544,239,113186665660416.0,14.053795266329251,high_ngal10
3650,15549,5336,9389218988032.0,12.972629468379552,high_ngal10
3660,15581,13,553877338324992.0,14.743413596521044,high_ngal10
3663,15590,1448,25714881462272.0,13.41018452669717,high_ngal10
3678,15635,97,228157068148736.0,14.358233927460835,high_ngal10
3683,15650,2,1033314370584576.0,15.014232469282954,high_ngal10
3691,15679,48,324151516594176.0,14.510748057859148,high_ngal10
3697,15697,68,276792942264320.0,14.442155012176563,high_ngal10
3700,15705,456,47788842811392.0,13.67932651437282,high_ngal10
3707,15734,19,467371865145344.0,14.669662565180955,high_ngal10
3716,15760,241,116610618621952.0,14.066738099299023,high_ngal10
3744,15851,74,205864174616576.0,14.313580775369577,high_ngal10
3747,15862,1859,25785274466304.0,13.411371758529892,high_ngal10
3758,15904,51,316146536415232.0,14.499888428205248,high_ngal10
3759,15905,80,193627108147200.0,14.286966159246084,high_ngal10
3776,15954,193,98666782130176.0,13.994170964567004,high_ngal10
3777,15957,88,223381030961152.0,14.349046290987864,high_ngal10
3783,15976,455,74523831435264.0,13.872295174839584,high_ngal10
3792,16012,14,437283203317760.0,14.640762795784122,high_ngal10
3805,16060,231,121593208504320.0,14.084909318427938,high_ngal10
3816,16098,302,125426609422336.0,14.098389682422573,high_ngal10
3817,16099,128,167641163497472.0,14.224380666351609,high_ngal10
3823,16115,207,96327551680512.0,13.983750522134436,high_ngal10
3825,16119,1944,25524835450880.0,13.406962951032986,high_ngal10
3834,16154,3734,13069813022720.0,13.116269374590354,high_ngal10
3836,16158,5,733527398154240.0,14.865416339917514,high_ngal10
3843,16181,19,467371865145344.0,14.669662565180955,high_ngal10
3845,16184,411,84143316664320.0,13.92501962653793,high_ngal10
3853,16210,419,79921825185792.0,13.902665393374416,high_ngal10
3856,16223,502,61252621565952.0,13.787124680910242,high_ngal10
3860,16237,193,98666782130176.0,13.994170964567004,high_ngal10
3865,16249,21,382146090893312.0,14.582229421392803,high_ngal10
3868,16259,93,235066697449472.0,14.371191105780005,high_ngal10
3873,16271,446,80648580628480.0,13.9065967284436,high_ngal10
3876,16284,185,136576881393664.0,14.135377191784158,high_ngal10
3896,16336,27,456104488206336.0,14.659064345851233,high_ngal10
3903,16355,323,98153567092736.0,13.991906087334309,high_ngal10
3904,16357,93,235066697449472.0,14.371191105780005,high_ngal10
3905,16359,256,125519060271104.0,14.098709679140052,high_ngal10
3908,16367,0,1535789976518656.0,15.186331828797393,high_ngal10
3910,16375,2,1033314370584576.0,15.014232469282954,high_ngal10
3917,16401,2605,9279173033984.0,12.967509273333013,high_ngal10
3932,16454,116,198077717676032.0,14.296835623268862,high_ngal10
3934,16461,576,54804923547648.0,13.738819576249396,high_ngal10
3947,16506,12,655181557530624.0,14.816361664125669,high_ngal10
3956,16530,360,96995049996288.0,13.986749571233757,high_ngal10
3990,16650,548,75069074178048.0,13.875461059774146,high_ngal10
3992,16659,10308,3965183066112.0,12.598263242792823,high_ngal10
3994,16663,107,187167024349184.0,14.272229335830058,high_ngal10
4001,16687,0,1535789976518656.0,15.186331828797393,high_ngal10
4004,16694,561,55063552720896.0,13.740864228802764,high_ngal10
4010,16711,354,97267235160064.0,13.987966571146448,high_ngal10
4016,16732,1251,31752647081984.0,13.501779936405264,high_ngal10
4018,16740,52,275655178584064.0,14.440366155746386,high_ngal10
4019,16742,5,733527398154240.0,14.865416339917514,high_ngal10
4020,16745,2452,17822501568512.0,13.250968661606157,high_ngal10
4022,16749,145,155587975315456.0,14.191976029312148,high_ngal10
4035,16795,8,398251614273536.0,14.600157544846471,high_ngal10
4044,16829,219,66468171481088.0,13.822613731631124,high_ngal10
4065,16893,99,137743803875328.0,14.139072072109837,high_ngal10
4071,16910,1015,42936641257472.0,13.632828068502706,high_ngal10
4073,16916,581,40077640073216.0,13.602902140669704,high_ngal10
4074,16917,109,188158054498304.0,14.274522813935697,high_ngal10
4077,16922,2088,15136482918400.0,13.180024975126075,high_ngal10
4086,16944,206,115317153988608.0,14.061893915520756,high_ngal10
4093,16966,250,78968426332160.0,13.897453483561131,high_ngal10
4098,16984,1060,33746575163392.0,13.52822970418592,high_ngal10
4109,17016,29,212362409803776.0,14.327077644897338,high_ngal10
4123,17071,739,56257197113344.0,13.75017809063523,high_ngal10
4138,17125,25,219906721185792.0,14.342238503254803,high_ngal10
4141,17132,56,296168328265728.0,14.47153861395946,high_ngal10
4154,17173,1,1307340129173504.0,15.116388592175756,high_ngal10
4159,17190,138,156064733462528.0,14.193304774984238,high_ngal10
4166,17205,266,86725086937088.0,13.938144743870438,high_ngal10
4178,17248,437,84636801695744.0,13.92755924363093,high_ngal10
4180,17252,5,733527398154240.0,14.865416339917514,high_ngal10
4185,17268,168,173127850000384.0,14.238366935747166,high_ngal10
4193,17298,22335,2369762361344.0,12.374704797347023,high_ngal10
4195,17303,225,128242103091200.0,14.108030631565471,high_ngal10
4196,17304,14,437283203317760.0,14.640762795784122,high_ngal10
4210,17356,25,219906721185792.0,14.342238503254803,high_ngal10
4215,17378,312,90020350263296.0,13.954340698417177,high_ngal10
4217,17382,438,58306320138240.0,13.765715632844694,high_ngal10
4224,17402,769,60123984691200.0,13.779047755548502,high_ngal10
4232,17422,123,71453248585728.0,13.85402197855433,high_ngal10
4233,17423,4132,7882572562432.0,12.896667977303704,high_ngal10
4241,17448,67,278848855867392.0,14.445368866896445,high_ngal10
4253,17493,0,1535789976518656.0,15.186331828797393,high_ngal10
4260,17517,56,296168328265728.0,14.47153861395946,high_ngal10
4264,17526,17,416661488271360.0,14.619783360778436,high_ngal10
4272,17553,217,144810090430464.0,14.160798824745036,high_ngal10
4281,17585,125,135592662794240.0,14.132236189573916,high_ngal10
4285,17605,84,158344471904256.0,14.19960290595621,high_ngal10
4287,17609,67,278848855867392.0,14.445368866896445,high_ngal10
4289,17614,93,235066697449472.0,14.371191105780005,high_ngal10
4301,17653,297,98328016584704.0,13.992677278915956,high_ngal10
4309,17672,48,324151516594176.0,14.510748057859148,high_ngal10
4323,17713,120,203439883681792.0,14.308436098856747,high_ngal10
4328,17726,125,135592662794240.0,14.132236189573916,high_ngal10
4333,17738,52,275655178584064.0,14.440366155746386,high_ngal10
4334,17739,39,334133456797696.0,14.523919963740935,high_ngal10
4335,17741,79,253893451710464.0,14.404651499917891,high_ngal10
4345,17771,6,459285179924480.0,14.662082431960792,high_ngal10
4356,17809,411,84143316664320.0,13.92501962653793,high_ngal10
4364,17828,47,183143579516928.0,14.262791698161662,high_ngal10
4371,17844,561,55063552720896.0,13.740864228802764,high_ngal10
4374,17851,375,94402114486272.0,13.974981722046326,high_ngal10
4383,17877,58,279208861368320.0,14.445929197555325,high_ngal10
4393,17901,1015,42936641257472.0,13.632828068502706,high_ngal10
4394,17902,175,148736479068160.0,14.172417496531809,high_ngal10
4409,17951,70,258570536878080.0,14.412579037171405,high_ngal10
4411,17955,338,84481679556608.0,13.926762539362514,high_ngal10
4416,17972,192,129208068079616.0,14.111289632955176,high_ngal10
4417,17975,400,67376317988864.0,13.828507273774644,high_ngal10
4445,18078,75,134628685905920.0,14.129137606717835,high_ngal10
4465,18143,147,187930807107584.0,14.273997978930446,high_ngal10
4481,18196,354,97267235160064.0,13.987966571146448,high_ngal10
4493,18232,685,49596285845504.0,13.695449154369244,high_ngal10
4495,18239,88,223381030961152.0,14.349046290987864,high_ngal10
4510,18287,9,641211639529472.0,14.807001397240343,high_ngal10
4546,18409,5257,9051521941504.0,12.956721608511872,high_ngal10
4553,18429,30,389327343321088.0,14.590314906252068,high_ngal10
4574,18498,20,431286791438336.0,14.63476615767462,high_ngal10
4582,18517,327,99669908652032.0,13.998564060228068,high_ngal10
4595,18554,915,43412803813376.0,13.637617835628028,high_ngal10
4599,18569,21,382146090893312.0,14.582229421392803,high_ngal10
4602,18576,600,63358732599296.0,13.801806481229209,high_ngal10
4609,18592,266,86725086937088.0,13.938144743870438,high_ngal10
4642,18704,30,389327343321088.0,14.590314906252068,high_ngal10
4644,18709,243,117173376778240.0,14.068828945882146,high_ngal10
4646,18717,393,83177100017664.0,13.920003774549215,high_ngal10
4661,18760,354,97267235160064.0,13.987966571146448,high_ngal10
4662,18762,334,104113522081792.0,14.017507138579992,high_ngal10
4672,18789,336,101111641931776.0,14.0048011628674,high_ngal10
4691,18848,135,163210233643008.0,14.21274738649718,high_ngal10
4693,18851,4,841819696922624.0,14.925219083166256,high_ngal10
4694,18852,1203,37577016999936.0,13.574922301259804,high_ngal10
4706,18892,0,1535789976518656.0,15.186331828797393,high_ngal10
4756,19067,9,641211639529472.0,14.807001397240343,high_ngal10
4770,19121,122,201308741042176.0,14.303862632831848,high_ngal10
4774,19132,151,177005769261056.0,14.24798742182739,high_ngal10
4789,19176,437,84636801695744.0,13.92755924363093,high_ngal10
4792,19186,69,269337868894208.0,14.43029741949233,high_ngal10
4807,19238,1185,39813663162368.0,13.600032137845677,high_ngal10
4837,19337,455,74523831435264.0,13.872295174839584,high_ngal10
4853,19384,109,188158054498304.0,14.274522813935697,high_ngal10
4859,19406,101,121944716345344.0,14.086162987825046,high_ngal10
4865,19423,2039,23104170491904.0,13.363690380677458,high_ngal10
4870,19435,594,68042126000128.0,13.832777874836172,high_ngal10
4879,19459,147,187930807107584.0,14.273997978930446,high_ngal10
4890,19491,707,54530980970496.0,13.73664331038151,high_ngal10
4896,19505,20,431286791438336.0,14.63476615767462,high_ngal10
4908,19535,84,158344471904256.0,14.19960290595621,high_ngal10
4921,19584,21,382146090893312.0,14.582229421392803,high_ngal10
4931,19618,145,155587975315456.0,14.191976029312148,high_ngal10
4932,19619,6914,6254892154880.0,12.79621982610869,high_ngal10
4940,19642,26,278377265102848.0,14.444633763828053,high_ngal10
4951,19675,1963,25916585541632.0,13.413577783537026,high_ngal10
4955,19688,116,198077717676032.0,14.296835623268862,high_ngal10
4968,19731,455,74523831435264.0,13.872295174839584,high_ngal10
4985,19776,124,178725417123840.0,14.252186319330942,high_ngal10
4991,19797,88,223381030961152.0,14.349046290987864,high_ngal10
4998,19818,4,841819696922624.0,14.925219083166256,high_ngal10
5015,19877,217,144810090430464.0,14.160798824745036,high_ngal10
5033,19924,221,122974577360896.0,14.089815338650387,high_ngal10
5037,19937,354,97267235160064.0,13.987966571146448,high_ngal10
5040,19946,2467,18016039337984.0,13.255659321453376,high_ngal10
5048,19975,118,192892568076288.0,14.28531549511078,high_ngal10
5053,19990,600,63358732599296.0,13.801806481229209,high_ngal10
5062,20018,548,75069074178048.0,13.875461059774146,high_ngal10
5066,20027,3203,7535037251584.0,12.877085403713345,high_ngal10
5078,20068,189,142160531816448.0,14.1527790394773,high_ngal10
5079,20070,56,296168328265728.0,14.47153861395946,high_ngal10
5096,20114,239,113186665660416.0,14.053795266329251,high_ngal10
5124,20192,18,407155215695872.0,14.609760002516866,high_ngal10
5135,20229,197,138800206446592.0,14.1423901120738,high_ngal10
5141,20243,116,198077717676032.0,14.296835623268862,high_ngal10
5144,20246,137,173721042026496.0,14.23985242571552,high_ngal10
5151,20263,1963,25916585541632.0,13.413577783537026,high_ngal10
5157,20286,332,99754541318144.0,13.998932676033132,high_ngal10
5175,20338,174,128181143076864.0,14.107824140159272,high_ngal10
5209,20459,54,314248664186880.0,14.497273440256166,high_ngal10
5224,20496,2343,20930908651520.0,13.32078808231744,high_ngal10
5225,20497,2,1033314370584576.0,15.014232469282954,high_ngal10
5228,20508,128,167641163497472.0,14.224380666351609,high_ngal10
5229,20509,90,239398222299136.0,14.37912092113914,high_ngal10
5311,20773,12,655181557530624.0,14.816361664125669,high_ngal10
5336,20857,47,183143579516928.0,14.262791698161662,high_ngal10
5362,20944,1629,23080543977472.0,13.363246040342894,high_ngal10
5363,20947,1291,31427647242240.0,13.497311869787596,high_ngal10
5365,20952,0,1535789976518656.0,15.186331828797393,high_ngal10
5373,20973,225,128242103091200.0,14.108030631565471,high_ngal10
5382,21000,84,158344471904256.0,14.19960290595621,high_ngal10
5394,21031,144,177805841137664.0,14.24994602396933,high_ngal10
5404,21063,2,1033314370584576.0,15.014232469282954,high_ngal10
5425,21118,363,90174650318848.0,13.955084466877407,high_ngal10
5434,21138,1,1307340129173504.0,15.116388592175756,high_ngal10
5461,21217,411,84143316664320.0,13.92501962653793,high_ngal10
5516,21375,331,72077663010816.0,13.857800696978211,high_ngal10
5518,21380,14,437283203317760.0,14.640762795784122,high_ngal10
5539,21444,24,367364893835264.0,14.565097651855222,high_ngal10
5541,21449,6000,8199570194432.0,12.913791088105835,high_ngal10
5546,21462,1874,22557489102848.0,13.353290756239227,high_ngal10
5559,21506,15,497315974479872.0,14.696632409598273,high_ngal10
5580,21561,54,314248664186880.0,14.497273440256166,high_ngal10
5582,21567,293,100814081228800.0,14.003521196522817,high_ngal10
5588,21583,84,158344471904256.0,14.19960290595621,high_ngal10
5594,21600,131,185050360446976.0,14.267289935364555,high_ngal10
5600,21617,4177,9198640300032.0,12.9637236367114,high_ngal10
5611,21646,239,113186665660416.0,14.053795266329251,high_ngal10
5621,21677,378,51961936216064.0,13.71568532547038,high_ngal10
5625,21689,151,177005769261056.0,14.24798742182739,high_ngal10
5637,21722,265,116946104221696.0,14.067985758909591,high_ngal10
5662,21808,80,193627108147200.0,14.286966159246084,high_ngal10
5667,21818,45,305942902079488.0,14.485640381953424,high_ngal10
5673,21840,523,70654569218048.0,13.849140252837351,high_ngal10
5690,21889,418,64368444178432.0,13.808673012113472,high_ngal10
5701,21920,38,128062117117952.0,14.107420677287024,high_ngal10
5714,21960,1412,26058009083904.0,13.415941231142323,high_ngal10
5731,22009,20,431286791438336.0,14.63476615767462,high_ngal10
5748,22060,271,98774273753088.0,13.99464384517519,high_ngal10
5804,22214,80,193627108147200.0,14.286966159246084,high_ngal10
5844,22321,24,367364893835264.0,14.565097651855222,high_ngal10
5876,22423,867,48917316108288.0,13.689462621067932,high_ngal10
5877,22424,193,98666782130176.0,13.994170964567004,high_ngal10
5878,22425,133,198890708008960.0,14.29861449375943,high_ngal10
5889,22469,152,163909508005888.0,14.214604146704874,high_ngal10
5920,22553,343,105406022025216.0,14.02286542356733,high_ngal10
5962,22678,35,381228075188224.0,14.581184876358591,high_ngal10
5991,22780,185,136576881393664.0,14.135377191784158,high_ngal10
6000,22814,56,296168328265728.0,14.47153861395946,high_ngal10
6007,22835,9,641211639529472.0,14.807001397240343,high_ngal10
6032,22910,754,54715698118656.0,13.7381119447652,high_ngal10
6059,23000,271,98774273753088.0,13.99464384517519,high_ngal10
6061,23006,3272,11987388989440.0,13.078724598364593,high_ngal10
6073,23060,317,108471882088448.0,14.035317175636992,high_ngal10
6077,23070,6914,6254892154880.0,12.79621982610869,high_ngal10
6092,23113,25,219906721185792.0,14.342238503254803,high_ngal10
6120,23193,11,547336941993984.0,14.738254761430827,high_ngal10
6201,23435,31,390177377746944.0,14.591262085651834,high_ngal10
6210,23460,69,269337868894208.0,14.43029741949233,high_ngal10
6250,23578,107,187167024349184.0,14.272229335830058,high_ngal10
6253,23587,29,212362409803776.0,14.327077644897338,high_ngal10
6293,23708,58,279208861368320.0,14.445929197555325,high_ngal10
6303,23735,93,235066697449472.0,14.371191105780005,high_ngal10
6356,23890,191,156477503307776.0,14.194451908070404,high_ngal10
6399,24029,226,114129838800896.0,14.057399203860903,high_ngal10
6450,24197,83,128114512363520.0,14.10759832788998,high_ngal10
6469,24247,51,316146536415232.0,14.499888428205248,high_ngal10
6514,24377,87,78567408926720.0,13.895242430790525,high_ngal10
6520,24392,6,459285179924480.0,14.662082431960792,high_ngal10
6638,24766,191,156477503307776.0,14.194451908070404,high_ngal10
6644,24774,26,278377265102848.0,14.444633763828053,high_ngal10
6726,24982,530,71088553852928.0,13.851799679510531,high_ngal10
6734,24999,48,324151516594176.0,14.510748057859148,high_ngal10
6783,25154,3492,13315706191872.0,13.124364203978136,high_ngal10
6873,25391,90,239398222299136.0,14.37912092113914,high_ngal10
7013,25787,75,134628685905920.0,14.129137606717835,high_ngal10
7039,25872,32,390393736724480.0,14.59150284145414,high_ngal10
7109,26071,27,456104488206336.0,14.659064345851233,high_ngal10
7204,26334,12,655181557530624.0,14.816361664125669,high_ngal10
7223,26383,1291,31427647242240.0,13.497311869787596,high_ngal10
7249,26453,214,138947200024576.0,14.142849799575943,high_ngal10
7257,26472,6,459285179924480.0,14.662082431960792,high_ngal10
7308,26625,1687,24665395298304.0,13.39208808004533,high_ngal10
7321,26658,144,177805841137664.0,14.24994602396933,high_ngal10
7631,27563,9,641211639529472.0,14.807001397240343,high_ngal10
7658,27631,82,135533791543296.0,14.132047587839036,high_ngal10
7659,27632,1884,22378010640384.0,13.349821476012478,high_ngal10
7796,28016,771,34327614193664.0,13.53564362053812,high_ngal10
7946,28436,368,88182574022656.0,13.945382771599856,high_ngal10
40,537,128,167641163497472.0,14.224380666351609,high_ngal15
65,747,8,398251614273536.0,14.600157544846471,high_ngal15
99,983,25,219906721185792.0,14.342238503254803,high_ngal15
101,1003,35,381228075188224.0,14.581184876358591,high_ngal15
102,1017,56,296168328265728.0,14.47153861395946,high_ngal15
108,1065,191,156477503307776.0,14.194451908070404,high_ngal15
111,1086,21,382146090893312.0,14.582229421392803,high_ngal15
124,1169,675,57136910434304.0,13.756916753064406,high_ngal15
129,1205,130,164261326225408.0,14.215535324944792,high_ngal15
135,1251,56,296168328265728.0,14.47153861395946,high_ngal15
139,1280,19,467371865145344.0,14.669662565180955,high_ngal15
147,1344,35,381228075188224.0,14.581184876358591,high_ngal15
163,1441,54,314248664186880.0,14.497273440256166,high_ngal15
170,1482,130,164261326225408.0,14.215535324944792,high_ngal15
192,1617,70,258570536878080.0,14.412579037171405,high_ngal15
193,1626,2,1033314370584576.0,15.014232469282954,high_ngal15
194,1636,2,1033314370584576.0,15.014232469282954,high_ngal15
198,1662,88,223381030961152.0,14.349046290987864,high_ngal15
203,1708,3,899670222045184.0,14.95408334611498,high_ngal15
210,1748,37,197666877210624.0,14.2959339012316,high_ngal15
228,1852,2553,10643940835328.0,13.027102451846844,high_ngal15
229,1860,214,138947200024576.0,14.142849799575943,high_ngal15
235,1896,7810,6039436525568.0,12.780996421195312,high_ngal15
241,1920,2,1033314370584576.0,15.014232469282954,high_ngal15
242,1924,15850,3375513468928.0,12.52833984524424,high_ngal15
246,1965,8,398251614273536.0,14.600157544846471,high_ngal15
249,1978,264,60795924774912.0,13.783874468958846,high_ngal15
250,1988,39,334133456797696.0,14.523919963740935,high_ngal15
264,2061,319,95636196163584.0,13.980622294147857,high_ngal15
267,2079,360,96995049996288.0,13.986749571233757,high_ngal15
269,2097,14,437283203317760.0,14.640762795784122,high_ngal15
275,2123,5171,9006766620672.0,12.954568909644228,high_ngal15
277,2137,67,278848855867392.0,14.445368866896445,high_ngal15
284,2165,414,81897241706496.0,13.91326927499826,high_ngal15
288,2192,109,188158054498304.0,14.274522813935697,high_ngal15
305,2310,1145,31172694376448.0,13.493774341649688,high_ngal15
308,2328,14,437283203317760.0,14.640762795784122,high_ngal15
311,2341,24,367364893835264.0,14.565097651855222,high_ngal15
312,2353,201,151025663082496.0,14.179050751188042,high_ngal15
321,2412,25,219906721185792.0,14.342238503254803,high_ngal15
323,2426,191,156477503307776.0,14.194451908070404,high_ngal15
326,2451,1093,21094633308160.0,13.3241719803637,high_ngal15
346,2562,110,164342309847040.0,14.215749386731398,high_ngal15
347,2570,101,121944716345344.0,14.086162987825046,high_ngal15
348,2575,600,63358732599296.0,13.801806481229209,high_ngal15
354,2612,79,253893451710464.0,14.404651499917891,high_ngal15
358,2641,51,316146536415232.0,14.499888428205248,high_ngal15
360,2657,4,841819696922624.0,14.925219083166256,high_ngal15
366,2688,0,1535789976518656.0,15.186331828797393,high_ngal15
367,2696,43,343380722712576.0,14.53577591035154,high_ngal15
374,2744,30,389327343321088.0,14.590314906252068,high_ngal15
393,2849,0,1535789976518656.0,15.186331828797393,high_ngal15
402,2899,8,398251614273536.0,14.600157544846471,high_ngal15
414,2974,397,89933930823680.0,13.953923575930144,high_ngal15
416,2986,135,163210233643008.0,14.21274738649718,high_ngal15
418,2994,217,144810090430464.0,14.160798824745036,high_ngal15
420,3001,207,96327551680512.0,13.983750522134436,high_ngal15
422,3018,39,334133456797696.0,14.523919963740935,high_ngal15
424,3024,54,314248664186880.0,14.497273440256166,high_ngal15
426,3035,340,114998093283328.0,14.060690639628444,high_ngal15
428,3045,16,379204239622144.0,14.578873184241475,high_ngal15
436,3089,21,382146090893312.0,14.582229421392803,high_ngal15
444,3147,80,193627108147200.0,14.286966159246084,high_ngal15
446,3153,2,1033314370584576.0,15.014232469282954,high_ngal15
447,3156,58,279208861368320.0,14.445929197555325,high_ngal15
448,3162,39,334133456797696.0,14.523919963740935,high_ngal15
449,3168,732,56478928994304.0,13.751886452628131,high_ngal15
450,3174,145,155587975315456.0,14.191976029312148,high_ngal15
458,3220,449,65302595371008.0,13.814930442115935,high_ngal15
459,3228,769,60123984691200.0,13.779047755548502,high_ngal15
465,3264,58,279208861368320.0,14.445929197555325,high_ngal15
468,3278,46,176415714574336.0,14.246537268148105,high_ngal15
473,3304,20,431286791438336.0,14.63476615767462,high_ngal15
479,3334,127,201790498799616.0,14.304900713853124,high_ngal15
481,3344,31,390177377746944.0,14.591262085651834,high_ngal15
488,3383,353,86192754262016.0,13.93547075867522,high_ngal15
491,3399,7,581220677189632.0,14.764341056124303,high_ngal15
492,3406,232,138538993582080.0,14.141572028375624,high_ngal15
496,3426,109,188158054498304.0,14.274522813935697,high_ngal15
497,3432,27,456104488206336.0,14.659064345851233,high_ngal15
499,3447,84,158344471904256.0,14.19960290595621,high_ngal15
504,3489,58,279208861368320.0,14.445929197555325,high_ngal15
509,3516,35,381228075188224.0,14.581184876358591,high_ngal15
516,3545,457,66661625364480.0,13.823875898556722,high_ngal15
518,3560,1042,39596536627200.0,13.597657201342832,high_ngal15
520,3572,11,547336941993984.0,14.738254761430827,high_ngal15
521,3576,223,131011845292032.0,14.117310563689344,high_ngal15
522,3582,1,1307340129173504.0,15.116388592175756,high_ngal15
537,3655,24,367364893835264.0,14.565097651855222,high_ngal15
552,3734,91,164138567335936.0,14.21521063841577,high_ngal15
555,3750,71,276122960920576.0,14.441102521766004,high_ngal15
557,3757,100,179395750789120.0,14.253812152026397,high_ngal15
560,3771,10,635853466501120.0,14.803357043286407,high_ngal15
564,3786,174,128181143076864.0,14.107824140159272,high_ngal15
573,3825,7,581220677189632.0,14.764341056124303,high_ngal15
574,3828,3,899670222045184.0,14.95408334611498,high_ngal15
580,3856,73,205733010341888.0,14.313303980849447,high_ngal15
582,3870,3,899670222045184.0,14.95408334611498,high_ngal15
583,3875,264,60795924774912.0,13.783874468958846,high_ngal15
587,3890,46,176415714574336.0,14.246537268148105,high_ngal15
592,3913,2458,17073396776960.0,13.23231993322566,high_ngal15
596,3928,0,1535789976518656.0,15.186331828797393,high_ngal15
599,3940,75,134628685905920.0,14.129137606717835,high_ngal15
600,3944,5,733527398154240.0,14.865416339917514,high_ngal15
604,3965,5,733527398154240.0,14.865416339917514,high_ngal15
608,3989,424,75413711749120.0,13.877450316633473,high_ngal15
623,4066,1,1307340129173504.0,15.116388592175756,high_ngal15
633,4126,824,22897445830656.0,13.359787040264878,high_ngal15
635,4136,360,96995049996288.0,13.986749571233757,high_ngal15
640,4162,225,128242103091200.0,14.108030631565471,high_ngal15
642,4170,2,1033314370584576.0,15.014232469282954,high_ngal15
648,4204,223,131011845292032.0,14.117310563689344,high_ngal15
651,4218,0,1535789976518656.0,15.186331828797393,high_ngal15
653,4227,35,381228075188224.0,14.581184876358591,high_ngal15
654,4230,3547,13336510988288.0,13.125042227127562,high_ngal15
655,4234,408,82125034356736.0,13.914475564253532,high_ngal15
657,4244,25,219906721185792.0,14.342238503254803,high_ngal15
659,4257,2,1033314370584576.0,15.014232469282954,high_ngal15
661,4266,0,1535789976518656.0,15.186331828797393,high_ngal15
662,4274,351,97704793341952.0,13.989915870483305,high_ngal15
669,4313,159,169744321740800.0,14.229795255247776,high_ngal15
671,4325,353,86192754262016.0,13.93547075867522,high_ngal15
674,4338,0,1535789976518656.0,15.186331828797393,high_ngal15
677,4351,99,137743803875328.0,14.139072072109837,high_ngal15
681,4367,217,144810090430464.0,14.160798824745036,high_ngal15
682,4371,11,547336941993984.0,14.738254761430827,high_ngal15
683,4380,45,305942902079488.0,14.485640381953424,high_ngal15
689,4401,677,50944049938432.0,13.707093467443425,high_ngal15
693,4416,90,239398222299136.0,14.37912092113914,high_ngal15
694,4420,2,1033314370584576.0,15.014232469282954,high_ngal15
696,4434,30,389327343321088.0,14.590314906252068,high_ngal15
697,4437,3,899670222045184.0,14.95408334611498,high_ngal15
698,4444,1335,31823870558208.0,13.502752999315732,high_ngal15
701,4464,41,357260815499264.0,14.552985385232216,high_ngal15
703,4471,46,176415714574336.0,14.246537268148105,high_ngal15
707,4487,6,459285179924480.0,14.662082431960792,high_ngal15
715,4536,138,156064733462528.0,14.193304774984238,high_ngal15
724,4583,83,128114512363520.0,14.10759832788998,high_ngal15
725,4586,68,276792942264320.0,14.442155012176563,high_ngal15
730,4604,139,146933045788672.0,14.16711948122038,high_ngal15
732,4612,118,192892568076288.0,14.28531549511078,high_ngal15
736,4626,3,899670222045184.0,14.95408334611498,high_ngal15
738,4636,0,1535789976518656.0,15.186331828797393,high_ngal15
744,4681,185,136576881393664.0,14.135377191784158,high_ngal15
749,4702,0,1535789976518656.0,15.186331828797393,high_ngal15
753,4722,133,198890708008960.0,14.29861449375943,high_ngal15
755,4729,76,236042040901632.0,14.372989361044429,high_ngal15
761,4753,15,497315974479872.0,14.696632409598273,high_ngal15
765,4774,23,392225506721792.0,14.593535832749234,high_ngal15
773,4811,17,416661488271360.0,14.619783360778436,high_ngal15
774,4815,51,316146536415232.0,14.499888428205248,high_ngal15
781,4851,209,136998895484928.0,14.13671706579338,high_ngal15
788,4886,21,382146090893312.0,14.582229421392803,high_ngal15
791,4903,1859,25785274466304.0,13.411371758529892,high_ngal15
793,4912,58,279208861368320.0,14.445929197555325,high_ngal15
795,4922,175,148736479068160.0,14.172417496531809,high_ngal15
796,4931,83,128114512363520.0,14.10759832788998,high_ngal15
800,4955,151,177005769261056.0,14.24798742182739,high_ngal15
804,4975,1349,31281700143104.0,13.495290348694184,high_ngal15
807,4993,298,100322039037952.0,14.00139635057926,high_ngal15
808,4996,4,841819696922624.0,14.925219083166256,high_ngal15
810,5002,68,276792942264320.0,14.442155012176563,high_ngal15
816,5023,1,1307340129173504.0,15.116388592175756,high_ngal15
817,5029,59,213580418908160.0,14.329561433984113,high_ngal15
821,5042,0,1535789976518656.0,15.186331828797393,high_ngal15
827,5073,167,163859293798400.0,14.214471078802893,high_ngal15
828,5079,2681,12201187344384.0,13.086402095594666,high_ngal15
829,5086,191,156477503307776.0,14.194451908070404,high_ngal15
832,5105,71,276122960920576.0,14.441102521766004,high_ngal15
836,5123,69,269337868894208.0,14.43029741949233,high_ngal15
848,5191,71,276122960920576.0,14.441102521766004,high_ngal15
854,5218,56,296168328265728.0,14.47153861395946,high_ngal15
863,5264,5,733527398154240.0,14.865416339917514,high_ngal15
866,5281,6000,8199570194432.0,12.913791088105835,high_ngal15
867,5285,207,96327551680512.0,13.983750522134436,high_ngal15
869,5300,8,398251614273536.0,14.600157544846471,high_ngal15
871,5305,285,131206410665984.0,14.117955054924138,high_ngal15
877,5329,64,279798244966400.0,14.446844986053598,high_ngal15
879,5345,223,131011845292032.0,14.117310563689344,high_ngal15
880,5346,13,553877338324992.0,14.743413596521044,high_ngal15
882,5354,211,129321414950912.0,14.111670447733609,high_ngal15
883,5360,99,137743803875328.0,14.139072072109837,high_ngal15
886,5378,5,733527398154240.0,14.865416339917514,high_ngal15
888,5386,68,276792942264320.0,14.442155012176563,high_ngal15
889,5389,734,54984578170880.0,13.740240897595,high_ngal15
890,5398,43,343380722712576.0,14.53577591035154,high_ngal15
891,5401,174,128181143076864.0,14.107824140159272,high_ngal15
894,5412,35,381228075188224.0,14.581184876358591,high_ngal15
897,5429,548,75069074178048.0,13.875461059774146,high_ngal15
899,5438,46,176415714574336.0,14.246537268148105,high_ngal15
900,5443,239,113186665660416.0,14.053795266329251,high_ngal15
901,5445,18,407155215695872.0,14.609760002516866,high_ngal15
902,5447,0,1535789976518656.0,15.186331828797393,high_ngal15
904,5454,48,324151516594176.0,14.510748057859148,high_ngal15
905,5458,29,212362409803776.0,14.327077644897338,high_ngal15
906,5461,88,223381030961152.0,14.349046290987864,high_ngal15
912,5492,13,553877338324992.0,14.743413596521044,high_ngal15
915,5499,59,213580418908160.0,14.329561433984113,high_ngal15
919,5517,73,205733010341888.0,14.313303980849447,high_ngal15
920,5519,277,111711847710720.0,14.048099235089907,high_ngal15
921,5522,0,1535789976518656.0,15.186331828797393,high_ngal15
922,5523,0,1535789976518656.0,15.186331828797393,high_ngal15
924,5530,29,212362409803776.0,14.327077644897338,high_ngal15
926,5538,457,66661625364480.0,13.823875898556722,high_ngal15
931,5562,13,553877338324992.0,14.743413596521044,high_ngal15
933,5573,285,131206410665984.0,14.117955054924138,high_ngal15
936,5584,109,188158054498304.0,14.274522813935697,high_ngal15
937,5587,128,167641163497472.0,14.224380666351609,high_ngal15
940,5599,90,239398222299136.0,14.37912092113914,high_ngal15
943,5610,140,160620351586304.0,14.20580057221075,high_ngal15
948,5629,696,55055063449600.0,13.740797267487508,high_ngal15
950,5639,3,899670222045184.0,14.95408334611498,high_ngal15
951,5646,79,253893451710464.0,14.404651499917891,high_ngal15
952,5650,36,374207984697344.0,14.573113050061371,high_ngal15
954,5664,185,136576881393664.0,14.135377191784158,high_ngal15
961,5695,110,164342309847040.0,14.215749386731398,high_ngal15
963,5703,15850,3375513468928.0,12.52833984524424,high_ngal15
967,5717,54,314248664186880.0,14.497273440256166,high_ngal15
968,5720,408,82125034356736.0,13.914475564253532,high_ngal15
973,5740,116,198077717676032.0,14.296835623268862,high_ngal15
975,5756,5,733527398154240.0,14.865416339917514,high_ngal15
976,5761,67,278848855867392.0,14.445368866896445,high_ngal15
977,5765,21,382146090893312.0,14.582229421392803,high_ngal15
984,5796,58,279208861368320.0,14.445929197555325,high_ngal15
987,5810,341,95518411718656.0,13.980087092391258,high_ngal15
992,5831,91,164138567335936.0,14.21521063841577,high_ngal15
995,5856,175,148736479068160.0,14.172417496531809,high_ngal15
996,5862,44,332506201063424.0,14.521799749075257,high_ngal15
998,5871,83,128114512363520.0,14.10759832788998,high_ngal15
1010,5922,133,198890708008960.0,14.29861449375943,high_ngal15
1011,5924,6544,4555336581120.0,12.658520471303037,high_ngal15
1013,5931,273,80389464915968.0,13.90519913794437,high_ngal15
1014,5934,114,179024269672448.0,14.252911910702474,high_ngal15
1015,5937,52,275655178584064.0,14.440366155746386,high_ngal15
1016,5939,62,174374598475776.0,14.241483220589254,high_ngal15
1019,5961,91,164138567335936.0,14.21521063841577,high_ngal15
1022,5976,207,96327551680512.0,13.983750522134436,high_ngal15
1027,6006,64,279798244966400.0,14.446844986053598,high_ngal15
1029,6015,3,899670222045184.0,14.95408334611498,high_ngal15
1030,6021,80,193627108147200.0,14.286966159246084,high_ngal15
1035,6044,62,174374598475776.0,14.241483220589254,high_ngal15
1037,6053,26,278377265102848.0,14.444633763828053,high_ngal15
1039,6062,13,553877338324992.0,14.743413596521044,high_ngal15
1041,6068,100,179395750789120.0,14.253812152026397,high_ngal15
1045,6081,449,65302595371008.0,13.814930442115935,high_ngal15
1048,6095,1,1307340129173504.0,15.116388592175756,high_ngal15
1052,6109,149,134479007973376.0,14.128654496733631,high_ngal15
1054,6111,769,60123984691200.0,13.779047755548502,high_ngal15
1058,6120,1,1307340129173504.0,15.116388592175756,high_ngal15
1064,6144,6715,7360561020928.0,12.866910917463532,high_ngal15
1065,6146,360,96995049996288.0,13.986749571233757,high_ngal15
1071,6167,308,100990426546176.0,14.004280206503156,high_ngal15
1085,6218,191,156477503307776.0,14.194451908070404,high_ngal15
1086,6222,0,1535789976518656.0,15.186331828797393,high_ngal15
1087,6229,80,193627108147200.0,14.286966159246084,high_ngal15
1090,6241,91,164138567335936.0,14.21521063841577,high_ngal15
1091,6247,36,374207984697344.0,14.573113050061371,high_ngal15
1093,6258,68,276792942264320.0,14.442155012176563,high_ngal15
1094,6260,133,198890708008960.0,14.29861449375943,high_ngal15
1095,6264,31,390177377746944.0,14.591262085651834,high_ngal15
1098,6279,39,334133456797696.0,14.523919963740935,high_ngal15
1100,6288,31,390177377746944.0,14.591262085651834,high_ngal15
1102,6297,76,236042040901632.0,14.372989361044429,high_ngal15
1105,6308,283,102168363270144.0,14.009316436070272,high_ngal15
1108,6316,435,70737238949888.0,13.849648104217357,high_ngal15
1111,6330,1655,25557184020480.0,13.407513000044288,high_ngal15
1113,6339,62,174374598475776.0,14.241483220589254,high_ngal15
1114,6343,8,398251614273536.0,14.600157544846471,high_ngal15
1117,6352,110,164342309847040.0,14.215749386731398,high_ngal15
1122,6366,78,260628933509120.0,14.416022626901675,high_ngal15
1123,6372,14655,3206208552960.0,12.505991768315663,high_ngal15
1124,6374,140,160620351586304.0,14.20580057221075,high_ngal15
1129,6393,1,1307340129173504.0,15.116388592175756,high_ngal15
1132,6405,12,655181557530624.0,14.816361664125669,high_ngal15
1137,6434,16,379204239622144.0,14.578873184241475,high_ngal15
1146,6478,35,381228075188224.0,14.581184876358591,high_ngal15
1149,6492,23,392225506721792.0,14.593535832749234,high_ngal15
1152,6510,14,437283203317760.0,14.640762795784122,high_ngal15
1159,6545,4,841819696922624.0,14.925219083166256,high_ngal15
1163,6568,54,314248664186880.0,14.497273440256166,high_ngal15
1164,6578,2064,18599823540224.0,13.269508824009824,high_ngal15
1170,6604,68,276792942264320.0,14.442155012176563,high_ngal15
1178,6643,1128,21550652719104.0,13.333460428464834,high_ngal15
1179,6650,771,34327614193664.0,13.53564362053812,high_ngal15
1184,6673,72,275153237835776.0,14.439574627690288,high_ngal15
1187,6685,5,733527398154240.0,14.865416339917514,high_ngal15
1198,6735,1,1307340129173504.0,15.116388592175756,high_ngal15
1200,6743,4,841819696922624.0,14.925219083166256,high_ngal15
1202,6748,84,158344471904256.0,14.19960290595621,high_ngal15
1204,6754,145,155587975315456.0,14.191976029312148,high_ngal15
1210,6779,112,152773211455488.0,14.184047208055036,high_ngal15
1212,6787,75,134628685905920.0,14.129137606717835,high_ngal15
1213,6792,1093,21094633308160.0,13.3241719803637,high_ngal15
1214,6794,0,1535789976518656.0,15.186331828797393,high_ngal15
1216,6808,675,57136910434304.0,13.756916753064406,high_ngal15
1226,6847,25,219906721185792.0,14.342238503254803,high_ngal15
1234,6895,90,239398222299136.0,14.37912092113914,high_ngal15
1237,6908,254,110979648061440.0,14.04524334324606,high_ngal15
1242,6929,130,164261326225408.0,14.215535324944792,high_ngal15
1247,6945,20,431286791438336.0,14.63476615767462,high_ngal15
1250,6960,100,179395750789120.0,14.253812152026397,high_ngal15
1267,7036,297,98328016584704.0,13.992677278915956,high_ngal15
1269,7046,55,242969403719680.0,14.385551587868612,high_ngal15
1271,7057,675,57136910434304.0,13.756916753064406,high_ngal15
1276,7078,223,131011845292032.0,14.117310563689344,high_ngal15
1293,7159,5,733527398154240.0,14.865416339917514,high_ngal15
1294,7162,130,164261326225408.0,14.215535324944792,high_ngal15
1296,7169,56,296168328265728.0,14.47153861395946,high_ngal15
1301,7191,51,316146536415232.0,14.499888428205248,high_ngal15
1308,7221,69,269337868894208.0,14.43029741949233,high_ngal15
1310,7228,76,236042040901632.0,14.372989361044429,high_ngal15
1311,7232,12,655181557530624.0,14.816361664125669,high_ngal15
1312,7237,2002,9859669950464.0,12.993862377305174,high_ngal15
1316,7248,4,841819696922624.0,14.925219083166256,high_ngal15
1319,7262,0,1535789976518656.0,15.186331828797393,high_ngal15
1320,7264,27,456104488206336.0,14.659064345851233,high_ngal15
1323,7274,67,278848855867392.0,14.445368866896445,high_ngal15
1328,7298,22,360359567294464.0,14.556736056763258,high_ngal15
1331,7309,24,367364893835264.0,14.565097651855222,high_ngal15
1338,7334,7,581220677189632.0,14.764341056124303,high_ngal15
1339,7341,424,75413711749120.0,13.877450316633473,high_ngal15
1341,7345,1101,39715017326592.0,13.598954756356433,high_ngal15
1347,7372,2442,18385997922304.0,13.264487206703569,high_ngal15
1351,7381,69,269337868894208.0,14.43029741949233,high_ngal15
1353,7386,398,58272455327744.0,13.765463317606624,high_ngal15
1355,7392,59,213580418908160.0,14.329561433984113,high_ngal15
1360,7409,479,74532631085056.0,13.872346452580745,high_ngal15
1362,7422,70,258570536878080.0,14.412579037171405,high_ngal15
1366,7434,217,144810090430464.0,14.160798824745036,high_ngal15
1372,7468,4,841819696922624.0,14.925219083166256,high_ngal15
1375,7483,651,60349009100800.0,13.780670143603416,high_ngal15
1376,7488,297,98328016584704.0,13.992677278915956,high_ngal15
1377,7489,57,301115828600832.0,14.478733585447388,high_ngal15
1388,7528,18,407155215695872.0,14.609760002516866,high_ngal15
1389,7529,545,49718398812160.0,13.696517133681578,high_ngal15
1392,7542,54,314248664186880.0,14.497273440256166,high_ngal15
1394,7551,93,235066697449472.0,14.371191105780005,high_ngal15
1402,7574,15,497315974479872.0,14.696632409598273,high_ngal15
1404,7580,5,733527398154240.0,14.865416339917514,high_ngal15
1408,7595,159,169744321740800.0,14.229795255247776,high_ngal15
1411,7604,48,324151516594176.0,14.510748057859148,high_ngal15
1412,7606,331,72077663010816.0,13.857800696978211,high_ngal15
1419,7633,24,367364893835264.0,14.565097651855222,high_ngal15
1422,7642,149,134479007973376.0,14.128654496733631,high_ngal15
1424,7648,418,64368444178432.0,13.808673012113472,high_ngal15
1428,7666,1291,31427647242240.0,13.497311869787596,high_ngal15
1432,7678,19,467371865145344.0,14.669662565180955,high_ngal15
1434,7681,31,390177377746944.0,14.591262085651834,high_ngal15
1454,7780,107,187167024349184.0,14.272229335830058,high_ngal15
1457,7791,10,635853466501120.0,14.803357043286407,high_ngal15
1461,7803,2488,17229857947648.0,13.236281696902068,high_ngal15
1466,7816,5,733527398154240.0,14.865416339917514,high_ngal15
1469,7829,505,44539989458944.0,13.648750109915737,high_ngal15
1475,7850,36,374207984697344.0,14.573113050061371,high_ngal15
1483,7891,58,279208861368320.0,14.445929197555325,high_ngal15
1486,7901,675,57136910434304.0,13.756916753064406,high_ngal15
1490,7935,180,142675005145088.0,14.154347896882348,high_ngal15
1492,7943,338,84481679556608.0,13.926762539362514,high_ngal15
1493,7944,30,389327343321088.0,14.590314906252068,high_ngal15
1502,7983,90,239398222299136.0,14.37912092113914,high_ngal15
1503,7986,36,374207984697344.0,14.573113050061371,high_ngal15
1509,8018,39,334133456797696.0,14.523919963740935,high_ngal15
1511,8028,133,198890708008960.0,14.29861449375943,high_ngal15
1513,8033,507,68217351438336.0,13.83389485376905,high_ngal15
1515,8042,52,275655178584064.0,14.440366155746386,high_ngal15
1523,8064,57,301115828600832.0,14.478733585447388,high_ngal15
1526,8079,377,84586503602176.0,13.92730107369279,high_ngal15
1538,8132,107,187167024349184.0,14.272229335830058,high_ngal15
1539,8133,43,343380722712576.0,14.53577591035154,high_ngal15
1540,8136,32,390393736724480.0,14.59150284145414,high_ngal15
1544,8145,55,242969403719680.0,14.385551587868612,high_ngal15
1549,8168,2343,20930908651520.0,13.32078808231744,high_ngal15
1556,8195,0,1535789976518656.0,15.186331828797393,high_ngal15
1558,8200,120,203439883681792.0,14.308436098856747,high_ngal15
1560,8208,6,459285179924480.0,14.662082431960792,high_ngal15
1564,8223,45,305942902079488.0,14.485640381953424,high_ngal15
1565,8227,316,45303621222400.0,13.656132917554787,high_ngal15
1567,8233,398,58272455327744.0,13.765463317606624,high_ngal15
1573,8256,123,71453248585728.0,13.85402197855433,high_ngal15
1575,8265,8,398251614273536.0,14.600157544846471,high_ngal15
1579,8288,1,1307340129173504.0,15.116388592175756,high_ngal15
1582,8303,46,176415714574336.0,14.246537268148105,high_ngal15
1583,8304,615,53642568663040.0,13.729509565776777,high_ngal15
1584,8308,55,242969403719680.0,14.385551587868612,high_ngal15
1585,8313,1257,35927489511424.0,13.555426871270123,high_ngal15
1586,8316,1884,22378010640384.0,13.349821476012478,high_ngal15
1591,8335,0,1535789976518656.0,15.186331828797393,high_ngal15
1593,8347,54,314248664186880.0,14.497273440256166,high_ngal15
1594,8353,107,187167024349184.0,14.272229335830058,high_ngal15
1608,8413,191,156477503307776.0,14.194451908070404,high_ngal15
1618,8454,35,381228075188224.0,14.581184876358591,high_ngal15
1620,8461,4852,9032182005760.0,12.955792680389546,high_ngal15
1622,8471,11,547336941993984.0,14.738254761430827,high_ngal15
1626,8488,2442,18385997922304.0,13.264487206703569,high_ngal15
1628,8495,137,173721042026496.0,14.23985242571552,high_ngal15
1632,8504,207,96327551680512.0,13.983750522134436,high_ngal15
1633,8506,174,128181143076864.0,14.107824140159272,high_ngal15
1634,8510,79,253893451710464.0,14.404651499917891,high_ngal15
1637,8519,438,58306320138240.0,13.765715632844694,high_ngal15
1638,8523,4010,9689474531328.0,12.986300225520065,high_ngal15
1645,8549,68,276792942264320.0,14.442155012176563,high_ngal15
1651,8572,337,96431452979200.0,13.984218710535105,high_ngal15
1654,8582,20697,2298395230208.0,12.361424711706263,high_ngal15
1656,8590,282,80834186969088.0,13.907595074536232,high_ngal15
1659,8605,398,58272455327744.0,13.765463317606624,high_ngal15
1661,8613,4,841819696922624.0,14.925219083166256,high_ngal15
1671,8640,7,581220677189632.0,14.764341056124303,high_ngal15
1672,8643,256,125519060271104.0,14.098709679140052,high_ngal15
1675,8652,1462,28310146908160.0,13.45194212302945,high_ngal15
1676,8654,102,98802778243072.0,13.994769156719933,high_ngal15
1678,8660,599,63776908902400.0,13.804663466315493,high_ngal15
1681,8670,6,459285179924480.0,14.662082431960792,high_ngal15
1683,8678,18,407155215695872.0,14.609760002516866,high_ngal15
1684,8683,155,178474010542080.0,14.251574982913551,high_ngal15
1697,8736,109,188158054498304.0,14.274522813935697,high_ngal15
1701,8750,370,105982210342912.0,14.025232972828052,high_ngal15
1704,8762,424,75413711749120.0,13.877450316633473,high_ngal15
1713,8791,677,50944049938432.0,13.707093467443425,high_ngal15
1717,8800,20,431286791438336.0,14.63476615767462,high_ngal15
1724,8832,189,142160531816448.0,14.1527790394773,high_ngal15
1726,8836,151,177005769261056.0,14.24798742182739,high_ngal15
1727,8837,90,239398222299136.0,14.37912092113914,high_ngal15
1728,8839,17,416661488271360.0,14.619783360778436,high_ngal15
1730,8846,10,635853466501120.0,14.803357043286407,high_ngal15
1732,8852,64,279798244966400.0,14.446844986053598,high_ngal15
1733,8856,241,116610618621952.0,14.066738099299023,high_ngal15
1740,8881,30,389327343321088.0,14.590314906252068,high_ngal15
1744,8894,88,223381030961152.0,14.349046290987864,high_ngal15
1752,8924,239,113186665660416.0,14.053795266329251,high_ngal15
1753,8927,31,390177377746944.0,14.591262085651834,high_ngal15
1755,8935,62,174374598475776.0,14.241483220589254,high_ngal15
1756,8936,30,389327343321088.0,14.590314906252068,high_ngal15
1771,8989,2,1033314370584576.0,15.014232469282954,high_ngal15
1772,8991,28,471019466784768.0,14.673038856476026,high_ngal15
1776,9007,84,158344471904256.0,14.19960290595621,high_ngal15
1792,9063,187,118919146766336.0,14.075251784522123,high_ngal15
1797,9087,264,60795924774912.0,13.783874468958846,high_ngal15
1802,9111,370,105982210342912.0,14.025232972828052,high_ngal15
1816,9164,4,841819696922624.0,14.925219083166256,high_ngal15
1820,9179,72,275153237835776.0,14.439574627690288,high_ngal15
1822,9182,46,176415714574336.0,14.246537268148105,high_ngal15
1826,9197,5,733527398154240.0,14.865416339917514,high_ngal15
1827,9199,600,63358732599296.0,13.801806481229209,high_ngal15
1828,9204,5,733527398154240.0,14.865416339917514,high_ngal15
1829,9206,4,841819696922624.0,14.925219083166256,high_ngal15
1836,9237,6,459285179924480.0,14.662082431960792,high_ngal15
1837,9241,0,1535789976518656.0,15.186331828797393,high_ngal15
1840,9251,46,176415714574336.0,14.246537268148105,high_ngal15
1847,9283,84,158344471904256.0,14.19960290595621,high_ngal15
1848,9285,35,381228075188224.0,14.581184876358591,high_ngal15
1852,9300,0,1535789976518656.0,15.186331828797393,high_ngal15
1853,9301,28,471019466784768.0,14.673038856476026,high_ngal15
1855,9309,145,155587975315456.0,14.191976029312148,high_ngal15
1857,9319,3,899670222045184.0,14.95408334611498,high_ngal15
1862,9337,424,75413711749120.0,13.877450316633473,high_ngal15
1865,9346,153,140163564961792.0,14.146635134939482,high_ngal15
1869,9362,39,334133456797696.0,14.523919963740935,high_ngal15
1876,9392,430,67993501433856.0,13.832467406437347,high_ngal15
1884,9417,2,1033314370584576.0,15.014232469282954,high_ngal15
1888,9436,377,84586503602176.0,13.92730107369279,high_ngal15
1890,9442,28,471019466784768.0,14.673038856476026,high_ngal15
1895,9461,46,176415714574336.0,14.246537268148105,high_ngal15
1907,9504,115,127064946507776.0,14.104025757966165,high_ngal15
1908,9506,16,379204239622144.0,14.578873184241475,high_ngal15
1909,9509,639,61046635102208.0,13.785661730577091,high_ngal15
1912,9524,675,57136910434304.0,13.756916753064406,high_ngal15
1914,9531,10,635853466501120.0,14.803357043286407,high_ngal15
1915,9533,4,841819696922624.0,14.925219083166256,high_ngal15
1923,9568,72,275153237835776.0,14.439574627690288,high_ngal15
1927,9584,43,343380722712576.0,14.53577591035154,high_ngal15
1929,9591,1,1307340129173504.0,15.116388592175756,high_ngal15
1930,9593,4836,8243479838720.0,12.916110580110976,high_ngal15
1931,9595,36,374207984697344.0,14.573113050061371,high_ngal15
1932,9598,9,641211639529472.0,14.807001397240343,high_ngal15
1934,9604,83,128114512363520.0,14.10759832788998,high_ngal15
1938,9617,1042,39596536627200.0,13.597657201342832,high_ngal15
1940,9626,10,635853466501120.0,14.803357043286407,high_ngal15
1944,9640,55,242969403719680.0,14.385551587868612,high_ngal15
1947,9645,20,431286791438336.0,14.63476615767462,high_ngal15
1951,9659,430,67993501433856.0,13.832467406437347,high_ngal15
1973,9747,5,733527398154240.0,14.865416339917514,high_ngal15
1977,9762,75,134628685905920.0,14.129137606717835,high_ngal15
1982,9785,75,134628685905920.0,14.129137606717835,high_ngal15
1987,9817,1048,34086227804160.0,13.53257894213579,high_ngal15
1995,9835,319,95636196163584.0,13.980622294147857,high_ngal15
2012,9920,424,75413711749120.0,13.877450316633473,high_ngal15
2014,9926,107,187167024349184.0,14.272229335830058,high_ngal15
2020,9960,371,79526629474304.0,13.900512576420692,high_ngal15
2025,9978,1060,33746575163392.0,13.52822970418592,high_ngal15
2028,9984,381,49719699046400.0,13.69652849119078,high_ngal15
2042,10048,54,314248664186880.0,14.497273440256166,high_ngal15
2052,10086,0,1535789976518656.0,15.186331828797393,high_ngal15
2053,10089,5,733527398154240.0,14.865416339917514,high_ngal15
2062,10122,1649,26776988286976.0,13.427761728616955,high_ngal15
2076,10165,1884,22378010640384.0,13.349821476012478,high_ngal15
2081,10179,207,96327551680512.0,13.983750522134436,high_ngal15
2089,10223,38,128062117117952.0,14.107420677287024,high_ngal15
2090,10227,327,99669908652032.0,13.998564060228068,high_ngal15
2092,10232,15,497315974479872.0,14.696632409598273,high_ngal15
2097,10251,27,456104488206336.0,14.659064345851233,high_ngal15
2098,10255,18,407155215695872.0,14.609760002516866,high_ngal15
2100,10261,51,316146536415232.0,14.499888428205248,high_ngal15
2102,10267,8408,6334255202304.0,12.801695556781343,high_ngal15
2113,10301,1010,43189637480448.0,13.63537955873836,high_ngal15
2115,10306,11,547336941993984.0,14.738254761430827,high_ngal15
2136,10375,293,100814081228800.0,14.003521196522817,high_ngal15
2140,10387,189,142160531816448.0,14.1527790394773,high_ngal15
2141,10390,46,176415714574336.0,14.246537268148105,high_ngal15
2146,10407,3024,11935994085376.0,13.0768585949234,high_ngal15
2153,10431,78,260628933509120.0,14.416022626901675,high_ngal15
2154,10435,340,114998093283328.0,14.060690639628444,high_ngal15
2161,10453,0,1535789976518656.0,15.186331828797393,high_ngal15
2163,10460,180,142675005145088.0,14.154347896882348,high_ngal15
2170,10478,2,1033314370584576.0,15.014232469282954,high_ngal15
2171,10480,69,269337868894208.0,14.43029741949233,high_ngal15
2172,10483,24,367364893835264.0,14.565097651855222,high_ngal15
2174,10490,35,381228075188224.0,14.581184876358591,high_ngal15
2180,10513,10,635853466501120.0,14.803357043286407,high_ngal15
2186,10539,2,1033314370584576.0,15.014232469282954,high_ngal15
2187,10541,2,1033314370584576.0,15.014232469282954,high_ngal15
2190,10555,307,100631763222528.0,14.00273508226059,high_ngal15
2192,10561,87,78567408926720.0,13.895242430790525,high_ngal15
2197,10590,102,98802778243072.0,13.994769156719933,high_ngal15
2200,10599,72,275153237835776.0,14.439574627690288,high_ngal15
2204,10615,218,121661835706368.0,14.085154365070611,high_ngal15
2209,10633,99,137743803875328.0,14.139072072109837,high_ngal15
2210,10636,5,733527398154240.0,14.865416339917514,high_ngal15
2214,10655,353,86192754262016.0,13.93547075867522,high_ngal15
2231,10714,50,338210588721152.0,14.529187200397084,high_ngal15
2232,10719,3,899670222045184.0,14.95408334611498,high_ngal15
2234,10723,30,389327343321088.0,14.590314906252068,high_ngal15
2237,10732,46,176415714574336.0,14.246537268148105,high_ngal15
2239,10743,52,275655178584064.0,14.440366155746386,high_ngal15
2242,10750,180,142675005145088.0,14.154347896882348,high_ngal15
2246,10764,308,100990426546176.0,14.004280206503156,high_ngal15
2251,10783,435,70737238949888.0,13.849648104217357,high_ngal15
2253,10788,161,170170278477824.0,14.230883709566198,high_ngal15
2254,10790,19,467371865145344.0,14.669662565180955,high_ngal15
2260,10806,0,1535789976518656.0,15.186331828797393,high_ngal15
2261,10808,72,275153237835776.0,14.439574627690288,high_ngal15
2268,10837,1,1307340129173504.0,15.116388592175756,high_ngal15
2277,10874,161,170170278477824.0,14.230883709566198,high_ngal15
2279,10882,16755,2809657819136.0,12.448653431538558,high_ngal15
2286,10910,502,61252621565952.0,13.787124680910242,high_ngal15
2287,10913,5,733527398154240.0,14.865416339917514,high_ngal15
2297,10938,408,82125034356736.0,13.914475564253532,high_ngal15
2298,10942,356,95938353823744.0,13.981992262270406,high_ngal15
2301,10950,101,121944716345344.0,14.086162987825046,high_ngal15
2303,10955,21,382146090893312.0,14.582229421392803,high_ngal15
2305,10961,4161,11766052421632.0,13.070630778980442,high_ngal15
2307,10967,115,127064946507776.0,14.104025757966165,high_ngal15
2310,10976,507,68217351438336.0,13.83389485376905,high_ngal15
2320,11005,64,279798244966400.0,14.446844986053598,high_ngal15
2327,11023,67,278848855867392.0,14.445368866896445,high_ngal15
2329,11031,223,131011845292032.0,14.117310563689344,high_ngal15
2331,11040,166,154801711087616.0,14.189775756810716,high_ngal15
2334,11051,239,113186665660416.0,14.053795266329251,high_ngal15
2336,11056,527,70330672480256.0,13.847144770023505,high_ngal15
2337,11057,133,198890708008960.0,14.29861449375943,high_ngal15
2342,11072,217,144810090430464.0,14.160798824745036,high_ngal15
2346,11086,602,64531443220480.0,13.80977137804191,high_ngal15
2347,11087,5,733527398154240.0,14.865416339917514,high_ngal15
2351,11094,17,416661488271360.0,14.619783360778436,high_ngal15
2357,11120,37,197666877210624.0,14.2959339012316,high_ngal15
2358,11124,80,193627108147200.0,14.286966159246084,high_ngal15
2362,11141,1944,25524835450880.0,13.406962951032986,high_ngal15
2365,11150,80,193627108147200.0,14.286966159246084,high_ngal15
2366,11155,2343,20930908651520.0,13.32078808231744,high_ngal15
2367,11156,211,129321414950912.0,14.111670447733609,high_ngal15
2369,11159,34,367825831067648.0,14.565642224891787,high_ngal15
2373,11176,771,34327614193664.0,13.53564362053812,high_ngal15
2377,11194,1065,20960482689024.0,13.321401279588686,high_ngal15
2379,11200,30,389327343321088.0,14.590314906252068,high_ngal15
2380,11202,90,239398222299136.0,14.37912092113914,high_ngal15
2399,11263,24,367364893835264.0,14.565097651855222,high_ngal15
2401,11265,39,334133456797696.0,14.523919963740935,high_ngal15
2404,11270,44,332506201063424.0,14.521799749075257,high_ngal15
2407,11280,4,841819696922624.0,14.925219083166256,high_ngal15
2417,11309,341,95518411718656.0,13.980087092391258,high_ngal15
2421,11321,9,641211639529472.0,14.807001397240343,high_ngal15
2422,11326,175,148736479068160.0,14.172417496531809,high_ngal15
2424,11333,148,122913483128832.0,14.089599525907348,high_ngal15
2427,11340,297,98328016584704.0,13.992677278915956,high_ngal15
2428,11343,74,205864174616576.0,14.313580775369577,high_ngal15
2429,11345,147,187930807107584.0,14.273997978930446,high_ngal15
2430,11347,390,71213359562752.0,13.852561474537506,high_ngal15
2431,11350,62,174374598475776.0,14.241483220589254,high_ngal15
2436,11367,161,170170278477824.0,14.230883709566198,high_ngal15
2444,11389,1,1307340129173504.0,15.116388592175756,high_ngal15
2447,11402,55,242969403719680.0,14.385551587868612,high_ngal15
2449,11412,193,98666782130176.0,13.994170964567004,high_ngal15
2450,11414,156,170201618317312.0,14.23096368514303,high_ngal15
2465,11474,82,135533791543296.0,14.132047587839036,high_ngal15
2477,11528,37,197666877210624.0,14.2959339012316,high_ngal15
2479,11533,88,223381030961152.0,14.349046290987864,high_ngal15
2481,11538,479,74532631085056.0,13.872346452580745,high_ngal15
2486,11559,4,841819696922624.0,14.925219083166256,high_ngal15
2492,11574,207,96327551680512.0,13.983750522134436,high_ngal15
2497,11593,56,296168328265728.0,14.47153861395946,high_ngal15
2522,11692,126,188105843802112.0,14.274402287796992,high_ngal15
2523,11693,74,205864174616576.0,14.313580775369577,high_ngal15
2527,11708,545,49718398812160.0,13.696517133681578,high_ngal15
2536,11732,554,70259662913536.0,13.84670606183599,high_ngal15
2540,11750,15,497315974479872.0,14.696632409598273,high_ngal15
2543,11755,7159,6128110403584.0,12.787326580912309,high_ngal15
2545,11761,68,276792942264320.0,14.442155012176563,high_ngal15
2549,11773,80,193627108147200.0,14.286966159246084,high_ngal15
2568,11855,5,733527398154240.0,14.865416339917514,high_ngal15
2569,11858,354,97267235160064.0,13.987966571146448,high_ngal15
2582,11911,52,275655178584064.0,14.440366155746386,high_ngal15
2590,11939,214,138947200024576.0,14.142849799575943,high_ngal15
2591,11940,5,733527398154240.0,14.865416339917514,high_ngal15
2597,11958,13,553877338324992.0,14.743413596521044,high_ngal15
2601,11971,55,242969403719680.0,14.385551587868612,high_ngal15
2604,11981,4195,10513681481728.0,13.021754815670487,high_ngal15
2611,12002,777,51981146128384.0,13.715845850996953,high_ngal15
2614,12009,36703,1472001605632.0,12.16790828372209,high_ngal15
2617,12018,237,74851809230848.0,13.874202302066884,high_ngal15
2620,12027,90,239398222299136.0,14.37912092113914,high_ngal15
2621,12030,9,641211639529472.0,14.807001397240343,high_ngal15
2623,12039,285,131206410665984.0,14.117955054924138,high_ngal15
2629,12063,102,98802778243072.0,13.994769156719933,high_ngal15
2636,12086,133,198890708008960.0,14.29861449375943,high_ngal15
2638,12091,239,113186665660416.0,14.053795266329251,high_ngal15
2640,12096,8,398251614273536.0,14.600157544846471,high_ngal15
2642,12101,91,164138567335936.0,14.21521063841577,high_ngal15
2644,12107,3705,6922917380096.0,12.840289148658597,high_ngal15
2647,12120,1638,18044346695680.0,13.2563411628379,high_ngal15
2649,12131,2142,21081245089792.0,13.323896257378152,high_ngal15
2671,12202,4468,8657600774144.0,12.937397555422184,high_ngal15
2677,12224,44,332506201063424.0,14.521799749075257,high_ngal15
2678,12228,340,114998093283328.0,14.060690639628444,high_ngal15
2685,12253,4,841819696922624.0,14.925219083166256,high_ngal15
2693,12289,4,841819696922624.0,14.925219083166256,high_ngal15
2706,12333,432,71766454042624.0,13.855921488411973,high_ngal15
2713,12362,354,97267235160064.0,13.987966571146448,high_ngal15
2716,12377,277,111711847710720.0,14.048099235089907,high_ngal15
2722,12401,356,95938353823744.0,13.981992262270406,high_ngal15
2723,12403,264,60795924774912.0,13.783874468958846,high_ngal15
2728,12421,24792,1686270377984.0,12.226927211007627,high_ngal15
2736,12454,369,93300698644480.0,13.969884895796945,high_ngal15
2742,12476,268,101358334115840.0,14.00585946404741,high_ngal15
2753,12511,149,134479007973376.0,14.128654496733631,high_ngal15
2757,12526,8,398251614273536.0,14.600157544846471,high_ngal15
2758,12527,354,97267235160064.0,13.987966571146448,high_ngal15
2764,12545,4,841819696922624.0,14.925219083166256,high_ngal15
2768,12556,23,392225506721792.0,14.593535832749234,high_ngal15
2770,12562,20,431286791438336.0,14.63476615767462,high_ngal15
2772,12567,70,258570536878080.0,14.412579037171405,high_ngal15
2773,12570,6,459285179924480.0,14.662082431960792,high_ngal15
2775,12574,23,392225506721792.0,14.593535832749234,high_ngal15
2780,12589,129,112128929300480.0,14.04971767517024,high_ngal15
2791,12619,32,390393736724480.0,14.59150284145414,high_ngal15
2792,12622,129,112128929300480.0,14.04971767517024,high_ngal15
2793,12623,333,84277794439168.0,13.925713161541752,high_ngal15
2800,12647,36648,1610674470912.0,12.207007775197514,high_ngal15
2802,12656,316,45303621222400.0,13.656132917554787,high_ngal15
2815,12697,174,128181143076864.0,14.107824140159272,high_ngal15
2816,12699,20,431286791438336.0,14.63476615767462,high_ngal15
2829,12750,62,174374598475776.0,14.241483220589254,high_ngal15
2830,12752,337,96431452979200.0,13.984218710535105,high_ngal15
2832,12755,100,179395750789120.0,14.253812152026397,high_ngal15
2835,12765,48,324151516594176.0,14.510748057859148,high_ngal15
2839,12784,116,198077717676032.0,14.296835623268862,high_ngal15
2850,12819,237,74851809230848.0,13.874202302066884,high_ngal15
2851,12822,7,581220677189632.0,14.764341056124303,high_ngal15
2855,12834,64,279798244966400.0,14.446844986053598,high_ngal15
2856,12837,8,398251614273536.0,14.600157544846471,high_ngal15
2864,12860,217,144810090430464.0,14.160798824745036,high_ngal15
2882,12922,193,98666782130176.0,13.994170964567004,high_ngal15
2883,12925,217,144810090430464.0,14.160798824745036,high_ngal15
2885,12933,1,1307340129173504.0,15.116388592175756,high_ngal15
2891,12952,1,1307340129173504.0,15.116388592175756,high_ngal15
2895,12963,116,198077717676032.0,14.296835623268862,high_ngal15
2904,13000,364,82055551516672.0,13.914107968832091,high_ngal15
2905,13003,201,151025663082496.0,14.179050751188042,high_ngal15
2913,13029,455,74523831435264.0,13.872295174839584,high_ngal15
2920,13050,675,57136910434304.0,13.756916753064406,high_ngal15
2928,13078,1037,39767383212032.0,13.59952701432104,high_ngal15
2943,13137,28,471019466784768.0,14.673038856476026,high_ngal15
2957,13183,170,86061992640512.0,13.934811397321257,high_ngal15
2978,13258,6950,6951307575296.0,12.842066505212063,high_ngal15
2984,13276,214,138947200024576.0,14.142849799575943,high_ngal15
2990,13294,39,334133456797696.0,14.523919963740935,high_ngal15
2992,13299,39,334133456797696.0,14.523919963740935,high_ngal15
3003,13336,2,1033314370584576.0,15.014232469282954,high_ngal15
3004,13338,85,123098057670656.0,14.090251200375905,high_ngal15
3008,13349,241,116610618621952.0,14.066738099299023,high_ngal15
3009,13352,5,733527398154240.0,14.865416339917514,high_ngal15
3013,13363,548,75069074178048.0,13.875461059774146,high_ngal15
3028,13428,639,61046635102208.0,13.785661730577091,high_ngal15
3031,13436,118,192892568076288.0,14.28531549511078,high_ngal15
3033,13440,7,581220677189632.0,14.764341056124303,high_ngal15
3041,13463,718,48454722125824.0,13.68533610735697,high_ngal15
3055,13524,228,104807805222912.0,14.020393626531456,high_ngal15
3074,13599,241,116610618621952.0,14.066738099299023,high_ngal15
3075,13601,5,733527398154240.0,14.865416339917514,high_ngal15
3088,13652,446,80648580628480.0,13.9065967284436,high_ngal15
3096,13682,4852,9032182005760.0,12.955792680389546,high_ngal15
3097,13684,5,733527398154240.0,14.865416339917514,high_ngal15
3109,13731,84,158344471904256.0,14.19960290595621,high_ngal15
3112,13740,241,116610618621952.0,14.066738099299023,high_ngal15
3115,13749,108,199525524307968.0,14.299998460709714,high_ngal15
3117,13754,1251,31752647081984.0,13.501779936405264,high_ngal15
3121,13766,57,301115828600832.0,14.478733585447388,high_ngal15
3126,13789,70,258570536878080.0,14.412579037171405,high_ngal15
3127,13790,0,1535789976518656.0,15.186331828797393,high_ngal15
3128,13791,0,1535789976518656.0,15.186331828797393,high_ngal15
3129,13793,128,167641163497472.0,14.224380666351609,high_ngal15
3141,13836,72,275153237835776.0,14.439574627690288,high_ngal15
3142,13840,151,177005769261056.0,14.24798742182739,high_ngal15
3145,13848,191,156477503307776.0,14.194451908070404,high_ngal15
3147,13851,769,60123984691200.0,13.779047755548502,high_ngal15
3165,13913,25,219906721185792.0,14.342238503254803,high_ngal15
3166,13916,292,88006337757184.0,13.944513948898596,high_ngal15
3170,13932,123,71453248585728.0,13.85402197855433,high_ngal15
3173,13942,214,138947200024576.0,14.142849799575943,high_ngal15
3183,13975,414,81897241706496.0,13.91326927499826,high_ngal15
3184,13978,4408,8910781022208.0,12.949915771238866,high_ngal15
3193,14015,507,68217351438336.0,13.83389485376905,high_ngal15
3219,14113,101,121944716345344.0,14.086162987825046,high_ngal15
3224,14131,2,1033314370584576.0,15.014232469282954,high_ngal15
3225,14133,58,279208861368320.0,14.445929197555325,high_ngal15
3233,14155,80,193627108147200.0,14.286966159246084,high_ngal15
3239,14176,2447,16241252106240.0,13.210619507778864,high_ngal15
3240,14177,293,100814081228800.0,14.003521196522817,high_ngal15
3250,14210,73,205733010341888.0,14.313303980849447,high_ngal15
3254,14221,26,278377265102848.0,14.444633763828053,high_ngal15
3260,14234,1547,26002459721728.0,13.41501443231875,high_ngal15
3262,14238,45,305942902079488.0,14.485640381953424,high_ngal15
3269,14265,418,64368444178432.0,13.808673012113472,high_ngal15
3283,14308,62,174374598475776.0,14.241483220589254,high_ngal15
3292,14352,14,437283203317760.0,14.640762795784122,high_ngal15
3295,14362,285,131206410665984.0,14.117955054924138,high_ngal15
3319,14435,21,382146090893312.0,14.582229421392803,high_ngal15
3327,14465,128,167641163497472.0,14.224380666351609,high_ngal15
3329,14473,2,1033314370584576.0,15.014232469282954,high_ngal15
3333,14487,398,58272455327744.0,13.765463317606624,high_ngal15
3334,14491,189,142160531816448.0,14.1527790394773,high_ngal15
3335,14494,68,276792942264320.0,14.442155012176563,high_ngal15
3340,14511,0,1535789976518656.0,15.186331828797393,high_ngal15
3347,14529,4,841819696922624.0,14.925219083166256,high_ngal15
3353,14551,149,134479007973376.0,14.128654496733631,high_ngal15
3356,14567,100,179395750789120.0,14.253812152026397,high_ngal15
3360,14576,93,235066697449472.0,14.371191105780005,high_ngal15
3362,14578,93,235066697449472.0,14.371191105780005,high_ngal15
3374,14627,37,197666877210624.0,14.2959339012316,high_ngal15
3375,14628,7,581220677189632.0,14.764341056124303,high_ngal15
3377,14632,144,177805841137664.0,14.24994602396933,high_ngal15
3378,14635,1349,31281700143104.0,13.495290348694184,high_ngal15
3382,14645,5,733527398154240.0,14.865416339917514,high_ngal15
3406,14726,50,338210588721152.0,14.529187200397084,high_ngal15
3408,14732,5,733527398154240.0,14.865416339917514,high_ngal15
3411,14742,164,162742719741952.0,14.211501569611247,high_ngal15
3413,14749,1687,24665395298304.0,13.39208808004533,high_ngal15
3414,14750,6,459285179924480.0,14.662082431960792,high_ngal15
3417,14764,43,343380722712576.0,14.53577591035154,high_ngal15
3429,14808,12,655181557530624.0,14.816361664125669,high_ngal15
3437,14831,10,635853466501120.0,14.803357043286407,high_ngal15
3452,14870,19,467371865145344.0,14.669662565180955,high_ngal15
3457,14885,70,258570536878080.0,14.412579037171405,high_ngal15
3463,14904,145,155587975315456.0,14.191976029312148,high_ngal15
3467,14918,118,192892568076288.0,14.28531549511078,high_ngal15
3475,14945,2,1033314370584576.0,15.014232469282954,high_ngal15
3481,14967,18,407155215695872.0,14.609760002516866,high_ngal15
3489,14998,319,95636196163584.0,13.980622294147857,high_ngal15
3503,15043,2294,14331692449792.0,13.156297479874246,high_ngal15
3511,15066,5171,9006766620672.0,12.954568909644228,high_ngal15
3512,15067,0,1535789976518656.0,15.186331828797393,high_ngal15
3536,15152,24,367364893835264.0,14.565097651855222,high_ngal15
3542,15170,164,162742719741952.0,14.211501569611247,high_ngal15
3561,15239,21,382146090893312.0,14.582229421392803,high_ngal15
3581,15316,161,170170278477824.0,14.230883709566198,high_ngal15
3588,15345,219,66468171481088.0,13.822613731631124,high_ngal15
3589,15348,133,198890708008960.0,14.29861449375943,high_ngal15
3618,15446,264,60795924774912.0,13.783874468958846,high_ngal15
3631,15486,215,116181465825280.0,14.065136851532658,high_ngal15
3633,15491,110,164342309847040.0,14.215749386731398,high_ngal15
3638,15512,548,75069074178048.0,13.875461059774146,high_ngal15
3648,15544,239,113186665660416.0,14.053795266329251,high_ngal15
3660,15581,13,553877338324992.0,14.743413596521044,high_ngal15
3663,15590,1448,25714881462272.0,13.41018452669717,high_ngal15
3678,15635,97,228157068148736.0,14.358233927460835,high_ngal15
3683,15650,2,1033314370584576.0,15.014232469282954,high_ngal15
3691,15679,48,324151516594176.0,14.510748057859148,high_ngal15
3697,15697,68,276792942264320.0,14.442155012176563,high_ngal15
3707,15734,19,467371865145344.0,14.669662565180955,high_ngal15
3716,15760,241,116610618621952.0,14.066738099299023,high_ngal15
3743,15850,278,120271566536704.0,14.080162967691026,high_ngal15
3744,15851,74,205864174616576.0,14.313580775369577,high_ngal15
3758,15904,51,316146536415232.0,14.499888428205248,high_ngal15
3759,15905,80,193627108147200.0,14.286966159246084,high_ngal15
3776,15954,193,98666782130176.0,13.994170964567004,high_ngal15
3777,15957,88,223381030961152.0,14.349046290987864,high_ngal15
3783,15976,455,74523831435264.0,13.872295174839584,high_ngal15
3784,15979,1605,25738524753920.0,13.410583650975797,high_ngal15
3792,16012,14,437283203317760.0,14.640762795784122,high_ngal15
3816,16098,302,125426609422336.0,14.098389682422573,high_ngal15
3817,16099,128,167641163497472.0,14.224380666351609,high_ngal15
3821,16108,353,86192754262016.0,13.93547075867522,high_ngal15
3823,16115,207,96327551680512.0,13.983750522134436,high_ngal15
3825,16119,1944,25524835450880.0,13.406962951032986,high_ngal15
3836,16158,5,733527398154240.0,14.865416339917514,high_ngal15
3843,16181,19,467371865145344.0,14.669662565180955,high_ngal15
3844,16183,2419,20165412519936.0,13.304607110712563,high_ngal15
3856,16223,502,61252621565952.0,13.787124680910242,high_ngal15
3860,16237,193,98666782130176.0,13.994170964567004,high_ngal15
3864,16247,6435,5749850243072.0,12.759656533480165,high_ngal15
3865,16249,21,382146090893312.0,14.582229421392803,high_ngal15
3868,16259,93,235066697449472.0,14.371191105780005,high_ngal15
3873,16271,446,80648580628480.0,13.9065967284436,high_ngal15
3876,16284,185,136576881393664.0,14.135377191784158,high_ngal15
3891,16321,3097,13214222909440.0,13.121041628605433,high_ngal15
3896,16336,27,456104488206336.0,14.659064345851233,high_ngal15
3904,16357,93,235066697449472.0,14.371191105780005,high_ngal15
3908,16367,0,1535789976518656.0,15.186331828797393,high_ngal15
3910,16375,2,1033314370584576.0,15.014232469282954,high_ngal15
3917,16401,2605,9279173033984.0,12.967509273333013,high_ngal15
3932,16454,116,198077717676032.0,14.296835623268862,high_ngal15
3947,16506,12,655181557530624.0,14.816361664125669,high_ngal15
3956,16530,360,96995049996288.0,13.986749571233757,high_ngal15
3990,16650,548,75069074178048.0,13.875461059774146,high_ngal15
3994,16663,107,187167024349184.0,14.272229335830058,high_ngal15
4001,16687,0,1535789976518656.0,15.186331828797393,high_ngal15
4010,16711,354,97267235160064.0,13.987966571146448,high_ngal15
4016,16732,1251,31752647081984.0,13.501779936405264,high_ngal15
4018,16740,52,275655178584064.0,14.440366155746386,high_ngal15
4019,16742,5,733527398154240.0,14.865416339917514,high_ngal15
4022,16749,145,155587975315456.0,14.191976029312148,high_ngal15
4027,16767,634,61869364609024.0,13.791475655890508,high_ngal15
4033,16790,49,324038740148224.0,14.510596934980796,high_ngal15
4035,16795,8,398251614273536.0,14.600157544846471,high_ngal15
4044,16829,219,66468171481088.0,13.822613731631124,high_ngal15
4058,16875,2564,17490747850752.0,13.24280837897618,high_ngal15
4065,16893,99,137743803875328.0,14.139072072109837,high_ngal15
4074,16917,109,188158054498304.0,14.274522813935697,high_ngal15
4076,16920,45,305942902079488.0,14.485640381953424,high_ngal15
4077,16922,2088,15136482918400.0,13.180024975126075,high_ngal15
4093,16966,250,78968426332160.0,13.897453483561131,high_ngal15
4098,16984,1060,33746575163392.0,13.52822970418592,high_ngal15
4100,16991,2891,14580969373696.0,13.163786397757846,high_ngal15
4108,17013,41,357260815499264.0,14.552985385232216,high_ngal15
4109,17016,29,212362409803776.0,14.327077644897338,high_ngal15
4138,17125,25,219906721185792.0,14.342238503254803,high_ngal15
4141,17132,56,296168328265728.0,14.47153861395946,high_ngal15
4154,17173,1,1307340129173504.0,15.116388592175756,high_ngal15
4155,17175,911,46986132717568.0,13.671969701066,high_ngal15
4180,17252,5,733527398154240.0,14.865416339917514,high_ngal15
4193,17298,22335,2369762361344.0,12.374704797347023,high_ngal15
4195,17303,225,128242103091200.0,14.108030631565471,high_ngal15
4196,17304,14,437283203317760.0,14.640762795784122,high_ngal15
4208,17351,4161,11766052421632.0,13.070630778980442,high_ngal15
4210,17356,25,219906721185792.0,14.342238503254803,high_ngal15
4217,17382,438,58306320138240.0,13.765715632844694,high_ngal15
4224,17402,769,60123984691200.0,13.779047755548502,high_ngal15
4232,17422,123,71453248585728.0,13.85402197855433,high_ngal15
4233,17423,4132,7882572562432.0,12.896667977303704,high_ngal15
4241,17448,67,278848855867392.0,14.445368866896445,high_ngal15
4253,17493,0,1535789976518656.0,15.186331828797393,high_ngal15
4260,17517,56,296168328265728.0,14.47153861395946,high_ngal15
4264,17526,17,416661488271360.0,14.619783360778436,high_ngal15
4272,17553,217,144810090430464.0,14.160798824745036,high_ngal15
4274,17559,24981,2022215909376.0,12.305827522790418,high_ngal15
4285,17605,84,158344471904256.0,14.19960290595621,high_ngal15
4287,17609,67,278848855867392.0,14.445368866896445,high_ngal15
4289,17614,93,235066697449472.0,14.371191105780005,high_ngal15
4301,17653,297,98328016584704.0,13.992677278915956,high_ngal15
4309,17672,48,324151516594176.0,14.510748057859148,high_ngal15
4323,17713,120,203439883681792.0,14.308436098856747,high_ngal15
4333,17738,52,275655178584064.0,14.440366155746386,high_ngal15
4334,17739,39,334133456797696.0,14.523919963740935,high_ngal15
4335,17741,79,253893451710464.0,14.404651499917891,high_ngal15
4340,17756,3151,12572395831296.0,13.099418045956854,high_ngal15
4345,17771,6,459285179924480.0,14.662082431960792,high_ngal15
4369,17840,0,1535789976518656.0,15.186331828797393,high_ngal15
4371,17844,561,55063552720896.0,13.740864228802764,high_ngal15
4383,17877,58,279208861368320.0,14.445929197555325,high_ngal15
4394,17902,175,148736479068160.0,14.172417496531809,high_ngal15
4406,17940,20,431286791438336.0,14.63476615767462,high_ngal15
4409,17951,70,258570536878080.0,14.412579037171405,high_ngal15
4445,18078,75,134628685905920.0,14.129137606717835,high_ngal15
4465,18143,147,187930807107584.0,14.273997978930446,high_ngal15
4481,18196,354,97267235160064.0,13.987966571146448,high_ngal15
4495,18239,88,223381030961152.0,14.349046290987864,high_ngal15
4510,18287,9,641211639529472.0,14.807001397240343,high_ngal15
4538,18384,82,135533791543296.0,14.132047587839036,high_ngal15
4546,18409,5257,9051521941504.0,12.956721608511872,high_ngal15
4553,18429,30,389327343321088.0,14.590314906252068,high_ngal15
4561,18448,915,43412803813376.0,13.637617835628028,high_ngal15
4562,18450,249,113038212464640.0,14.053225281157548,high_ngal15
4574,18498,20,431286791438336.0,14.63476615767462,high_ngal15
4582,18517,327,99669908652032.0,13.998564060228068,high_ngal15
4595,18554,915,43412803813376.0,13.637617835628028,high_ngal15
4599,18569,21,382146090893312.0,14.582229421392803,high_ngal15
4602,18576,600,63358732599296.0,13.801806481229209,high_ngal15
4603,18578,284,109812230651904.0,14.040650713600575,high_ngal15
4604,18580,117,221948206383104.0,14.34625163973729,high_ngal15
4634,18674,1412,26058009083904.0,13.415941231142323,high_ngal15
4642,18704,30,389327343321088.0,14.590314906252068,high_ngal15
4646,18717,393,83177100017664.0,13.920003774549215,high_ngal15
4662,18762,334,104113522081792.0,14.017507138579992,high_ngal15
4682,18821,74,205864174616576.0,14.313580775369577,high_ngal15
4691,18848,135,163210233643008.0,14.21274738649718,high_ngal15
4693,18851,4,841819696922624.0,14.925219083166256,high_ngal15
4704,18890,3729,12606683217920.0,13.100600839972854,high_ngal15
4706,18892,0,1535789976518656.0,15.186331828797393,high_ngal15
4714,18908,219,66468171481088.0,13.822613731631124,high_ngal15
4749,19043,1508,12506540015616.0,13.097137177002482,high_ngal15
4756,19067,9,641211639529472.0,14.807001397240343,high_ngal15
4771,19123,2366,18402575908864.0,13.264878617830536,high_ngal15
4773,19128,117,221948206383104.0,14.34625163973729,high_ngal15
4774,19132,151,177005769261056.0,14.24798742182739,high_ngal15
4792,19186,69,269337868894208.0,14.43029741949233,high_ngal15
4837,19337,455,74523831435264.0,13.872295174839584,high_ngal15
4844,19353,38027,1205611266048.0,12.08120729766724,high_ngal15
4853,19384,109,188158054498304.0,14.274522813935697,high_ngal15
4859,19406,101,121944716345344.0,14.086162987825046,high_ngal15
4879,19459,147,187930807107584.0,14.273997978930446,high_ngal15
4896,19505,20,431286791438336.0,14.63476615767462,high_ngal15
4899,19511,67,278848855867392.0,14.445368866896445,high_ngal15
4908,19535,84,158344471904256.0,14.19960290595621,high_ngal15
4921,19584,21,382146090893312.0,14.582229421392803,high_ngal15
4932,19619,6914,6254892154880.0,12.79621982610869,high_ngal15
4935,19627,9379,4671741100032.0,12.66947876690764,high_ngal15
4938,19639,37,197666877210624.0,14.2959339012316,high_ngal15
4940,19642,26,278377265102848.0,14.444633763828053,high_ngal15
4951,19675,1963,25916585541632.0,13.413577783537026,high_ngal15
4955,19688,116,198077717676032.0,14.296835623268862,high_ngal15
4968,19731,455,74523831435264.0,13.872295174839584,high_ngal15
4991,19797,88,223381030961152.0,14.349046290987864,high_ngal15
4998,19818,4,841819696922624.0,14.925219083166256,high_ngal15
5015,19877,217,144810090430464.0,14.160798824745036,high_ngal15
5048,19975,118,192892568076288.0,14.28531549511078,high_ngal15
5053,19990,600,63358732599296.0,13.801806481229209,high_ngal15
5062,20018,548,75069074178048.0,13.875461059774146,high_ngal15
5078,20068,189,142160531816448.0,14.1527790394773,high_ngal15
5079,20070,56,296168328265728.0,14.47153861395946,high_ngal15
5088,20095,53,184230525009920.0,14.265361589731892,high_ngal15
5096,20114,239,113186665660416.0,14.053795266329251,high_ngal15
5129,20206,21,382146090893312.0,14.582229421392803,high_ngal15
5141,20243,116,198077717676032.0,14.296835623268862,high_ngal15
5144,20246,137,173721042026496.0,14.23985242571552,high_ngal15
5158,20288,8397,5878467526656.0,12.769264123446762,high_ngal15
5165,20308,7102,3125138161664.0,12.494869222167106,high_ngal15
5175,20338,174,128181143076864.0,14.107824140159272,high_ngal15
5209,20459,54,314248664186880.0,14.497273440256166,high_ngal15
5225,20497,2,1033314370584576.0,15.014232469282954,high_ngal15
5228,20508,128,167641163497472.0,14.224380666351609,high_ngal15
5229,20509,90,239398222299136.0,14.37912092113914,high_ngal15
5262,20623,625,42342132219904.0,13.62677272397207,high_ngal15
5311,20773,12,655181557530624.0,14.816361664125669,high_ngal15
5365,20952,0,1535789976518656.0,15.186331828797393,high_ngal15
5373,20973,225,128242103091200.0,14.108030631565471,high_ngal15
5382,21000,84,158344471904256.0,14.19960290595621,high_ngal15
5404,21063,2,1033314370584576.0,15.014232469282954,high_ngal15
5434,21138,1,1307340129173504.0,15.116388592175756,high_ngal15
5504,21348,823,45521884413952.0,13.658220231718335,high_ngal15
5516,21375,331,72077663010816.0,13.857800696978211,high_ngal15
5518,21380,14,437283203317760.0,14.640762795784122,high_ngal15
5524,21401,53795,979708739584.0,11.99109698223096,high_ngal15
5539,21444,24,367364893835264.0,14.565097651855222,high_ngal15
5541,21449,6000,8199570194432.0,12.913791088105835,high_ngal15
5552,21481,1065,20960482689024.0,13.321401279588686,high_ngal15
5559,21506,15,497315974479872.0,14.696632409598273,high_ngal15
5580,21561,54,314248664186880.0,14.497273440256166,high_ngal15
5582,21567,293,100814081228800.0,14.003521196522817,high_ngal15
5584,21575,6937,6454540500992.0,12.809865330260578,high_ngal15
5588,21583,84,158344471904256.0,14.19960290595621,high_ngal15
5604,21630,1592,27641860063232.0,13.441567264028407,high_ngal15
5611,21646,239,113186665660416.0,14.053795266329251,high_ngal15
5625,21689,151,177005769261056.0,14.24798742182739,high_ngal15
5662,21808,80,193627108147200.0,14.286966159246084,high_ngal15
5667,21818,45,305942902079488.0,14.485640381953424,high_ngal15
5669,21827,117,221948206383104.0,14.34625163973729,high_ngal15
5684,21870,305,106751428919296.0,14.0283736969768,high_ngal15
5690,21889,418,64368444178432.0,13.808673012113472,high_ngal15
5701,21920,38,128062117117952.0,14.107420677287024,high_ngal15
5731,22009,20,431286791438336.0,14.63476615767462,high_ngal15
5748,22060,271,98774273753088.0,13.99464384517519,high_ngal15
5758,22082,305,106751428919296.0,14.0283736969768,high_ngal15
5769,22108,5026,7382407053312.0,12.868197987775575,high_ngal15
5773,22118,34543,1586006327296.0,12.200304915582,high_ngal15
5804,22214,80,193627108147200.0,14.286966159246084,high_ngal15
5844,22321,24,367364893835264.0,14.565097651855222,high_ngal15
5877,22424,193,98666782130176.0,13.994170964567004,high_ngal15
5878,22425,133,198890708008960.0,14.29861449375943,high_ngal15
5889,22469,152,163909508005888.0,14.214604146704874,high_ngal15
5920,22553,343,105406022025216.0,14.02286542356733,high_ngal15
5928,22570,3219,12990215618560.0,13.113616359785397,high_ngal15
5962,22678,35,381228075188224.0,14.581184876358591,high_ngal15
5991,22780,185,136576881393664.0,14.135377191784158,high_ngal15
6000,22814,56,296168328265728.0,14.47153861395946,high_ngal15
6007,22835,9,641211639529472.0,14.807001397240343,high_ngal15
6059,23000,271,98774273753088.0,13.99464384517519,high_ngal15
6077,23070,6914,6254892154880.0,12.79621982610869,high_ngal15
6092,23113,25,219906721185792.0,14.342238503254803,high_ngal15
6120,23193,11,547336941993984.0,14.738254761430827,high_ngal15
6171,23351,64,279798244966400.0,14.446844986053598,high_ngal15
6201,23435,31,390177377746944.0,14.591262085651834,high_ngal15
6210,23460,69,269337868894208.0,14.43029741949233,high_ngal15
6250,23578,107,187167024349184.0,14.272229335830058,high_ngal15
6253,23587,29,212362409803776.0,14.327077644897338,high_ngal15
6293,23708,58,279208861368320.0,14.445929197555325,high_ngal15
6303,23735,93,235066697449472.0,14.371191105780005,high_ngal15
6356,23890,191,156477503307776.0,14.194451908070404,high_ngal15
6399,24029,226,114129838800896.0,14.057399203860903,high_ngal15
6450,24197,83,128114512363520.0,14.10759832788998,high_ngal15
6469,24247,51,316146536415232.0,14.499888428205248,high_ngal15
6514,24377,87,78567408926720.0,13.895242430790525,high_ngal15
6520,24392,6,459285179924480.0,14.662082431960792,high_ngal15
6621,24708,298,100322039037952.0,14.00139635057926,high_ngal15
6638,24766,191,156477503307776.0,14.194451908070404,high_ngal15
6640,24768,781,52605162094592.0,13.721028363149872,high_ngal15
6644,24774,26,278377265102848.0,14.444633763828053,high_ngal15
6649,24789,16890,2735872147456.0,12.437095798109574,high_ngal15
6734,24999,48,324151516594176.0,14.510748057859148,high_ngal15
6830,25274,2419,20165412519936.0,13.304607110712563,high_ngal15
6861,25361,7,581220677189632.0,14.764341056124303,high_ngal15
6873,25391,90,239398222299136.0,14.37912092113914,high_ngal15
6998,25751,79986,505636618240.0,11.70383851805064,high_ngal15
7013,25787,75,134628685905920.0,14.129137606717835,high_ngal15
7039,25872,32,390393736724480.0,14.59150284145414,high_ngal15
7109,26071,27,456104488206336.0,14.659064345851233,high_ngal15
7204,26334,12,655181557530624.0,14.816361664125669,high_ngal15
7249,26453,214,138947200024576.0,14.142849799575943,high_ngal15
7257,26472,6,459285179924480.0,14.662082431960792,high_ngal15
7361,26774,8281,3242482204672.0,12.510877601276098,high_ngal15
7543,27321,10654,3954792988672.0,12.59712375553777,high_ngal15
7631,27563,9,641211639529472.0,14.807001397240343,high_ngal15
7659,27632,1884,22378010640384.0,13.349821476012478,high_ngal15
7796,28016,771,34327614193664.0,13.53564362053812,high_ngal15
8092,28819,432,71766454042624.0,13.855921488411973,high_ngal15
9834,33346,690,51297604599808.0,13.710097085708812,high_ngal15
