sample,model,task,radius,family,fold,loss
halo_level,A,regression,,Dummy,0,0.6823311937621016
halo_level,A,regression,,Dummy,1,0.6845887823877238
halo_level,A,regression,,Dummy,2,0.6606312338716782
halo_level,A,regression,,Linear,0,0.6775078124158324
halo_level,A,regression,,Linear,1,0.6777972572115661
halo_level,A,regression,,Linear,2,0.6568526775292403
halo_level,A,regression,,RF_depth6_leaf10,0,0.6822348477547745
halo_level,A,regression,,RF_depth6_leaf10,1,0.6821242135620146
halo_level,A,regression,,RF_depth6_leaf10,2,0.6674258952960499
halo_level,A,regression,,RF_depthNone_leaf30,0,0.6842247650865815
halo_level,A,regression,,RF_depthNone_leaf30,1,0.6848764859770312
halo_level,A,regression,,RF_depthNone_leaf30,2,0.6704668243989035
halo_level,A,classification,,Dummy,0,0.23808484360583976
halo_level,A,classification,,Dummy,1,0.23529047629972813
halo_level,A,classification,,Dummy,2,0.23184558501293726
halo_level,A,classification,,Logistic,0,0.23545729348360764
halo_level,A,classification,,Logistic,1,0.2342680429943422
halo_level,A,classification,,Logistic,2,0.23166170411043718
halo_level,A,classification,,RF_depth6_leaf10,0,0.2365754543004566
halo_level,A,classification,,RF_depth6_leaf10,1,0.23753753845510722
halo_level,A,classification,,RF_depth6_leaf10,2,0.2357422716094161
halo_level,A,classification,,RF_depthNone_leaf30,0,0.23837442208885304
halo_level,A,classification,,RF_depthNone_leaf30,1,0.24011390685490616
halo_level,A,classification,,RF_depthNone_leaf30,2,0.2390143240910641
halo_level,B,regression,,Dummy,0,0.6823311937621016
halo_level,B,regression,,Dummy,1,0.6845887823877238
halo_level,B,regression,,Dummy,2,0.6606312338716782
halo_level,B,regression,,Linear,0,0.6759491338879631
halo_level,B,regression,,Linear,1,0.6780172815464727
halo_level,B,regression,,Linear,2,0.6580569821895809
halo_level,B,regression,,RF_depth6_leaf10,0,0.6822602879064584
halo_level,B,regression,,RF_depth6_leaf10,1,0.6862780079625636
halo_level,B,regression,,RF_depth6_leaf10,2,0.6678576353812216
halo_level,B,regression,,RF_depthNone_leaf30,0,0.684069129625975
halo_level,B,regression,,RF_depthNone_leaf30,1,0.6882404384498926
halo_level,B,regression,,RF_depthNone_leaf30,2,0.6682803520527398
halo_level,B,classification,,Dummy,0,0.23808484360583976
halo_level,B,classification,,Dummy,1,0.23529047629972813
halo_level,B,classification,,Dummy,2,0.23184558501293726
halo_level,B,classification,,Logistic,0,0.2347801796744527
halo_level,B,classification,,Logistic,1,0.2342137191604691
halo_level,B,classification,,Logistic,2,0.23188938662358488
halo_level,B,classification,,RF_depth6_leaf10,0,0.23499396970476222
halo_level,B,classification,,RF_depth6_leaf10,1,0.23782287681950598
halo_level,B,classification,,RF_depth6_leaf10,2,0.23484577639880147
halo_level,B,classification,,RF_depthNone_leaf30,0,0.23681069567118634
halo_level,B,classification,,RF_depthNone_leaf30,1,0.23969876368018658
halo_level,B,classification,,RF_depthNone_leaf30,2,0.2391325474579817
halo_level,C,regression,1.0,Dummy,0,0.6823311937621016
halo_level,C,regression,1.0,Dummy,1,0.6845887823877238
halo_level,C,regression,1.0,Dummy,2,0.6606312338716782
halo_level,C,regression,1.0,Linear,0,0.6738430503236298
halo_level,C,regression,1.0,Linear,1,0.6657686877332327
halo_level,C,regression,1.0,Linear,2,0.6472351343855441
halo_level,C,regression,1.0,RF_depth6_leaf10,0,0.6833417802483069
halo_level,C,regression,1.0,RF_depth6_leaf10,1,0.672416978026901
halo_level,C,regression,1.0,RF_depth6_leaf10,2,0.6512852281465619
halo_level,C,regression,1.0,RF_depthNone_leaf30,0,0.6837903745487014
halo_level,C,regression,1.0,RF_depthNone_leaf30,1,0.6728825238882543
halo_level,C,regression,1.0,RF_depthNone_leaf30,2,0.6523533766193029
halo_level,C,regression,2.0,Dummy,0,0.6823311937621016
halo_level,C,regression,2.0,Dummy,1,0.6845887823877238
halo_level,C,regression,2.0,Dummy,2,0.6606312338716782
halo_level,C,regression,2.0,Linear,0,0.6600421312418652
halo_level,C,regression,2.0,Linear,1,0.6490614793263155
halo_level,C,regression,2.0,Linear,2,0.639366663139141
halo_level,C,regression,2.0,RF_depth6_leaf10,0,0.6690278825398688
halo_level,C,regression,2.0,RF_depth6_leaf10,1,0.655789823404434
halo_level,C,regression,2.0,RF_depth6_leaf10,2,0.6416174953855018
halo_level,C,regression,2.0,RF_depthNone_leaf30,0,0.6712286457591136
halo_level,C,regression,2.0,RF_depthNone_leaf30,1,0.6581930257840606
halo_level,C,regression,2.0,RF_depthNone_leaf30,2,0.6416896127012872
halo_level,C,regression,3.0,Dummy,0,0.6823311937621016
halo_level,C,regression,3.0,Dummy,1,0.6845887823877238
halo_level,C,regression,3.0,Dummy,2,0.6606312338716782
halo_level,C,regression,3.0,Linear,0,0.6464182791859487
halo_level,C,regression,3.0,Linear,1,0.635916018149532
halo_level,C,regression,3.0,Linear,2,0.6154782537658764
halo_level,C,regression,3.0,RF_depth6_leaf10,0,0.6512776998657938
halo_level,C,regression,3.0,RF_depth6_leaf10,1,0.6399144788304625
halo_level,C,regression,3.0,RF_depth6_leaf10,2,0.6185538324107926
halo_level,C,regression,3.0,RF_depthNone_leaf30,0,0.6523229293743835
halo_level,C,regression,3.0,RF_depthNone_leaf30,1,0.6411153525751699
halo_level,C,regression,3.0,RF_depthNone_leaf30,2,0.6180854044672616
halo_level,C,regression,5.0,Dummy,0,0.6823311937621016
halo_level,C,regression,5.0,Dummy,1,0.6845887823877238
halo_level,C,regression,5.0,Dummy,2,0.6606312338716782
halo_level,C,regression,5.0,Linear,0,0.6242071546456691
halo_level,C,regression,5.0,Linear,1,0.6073647548833291
halo_level,C,regression,5.0,Linear,2,0.5845593917785433
halo_level,C,regression,5.0,RF_depth6_leaf10,0,0.6202343517710271
halo_level,C,regression,5.0,RF_depth6_leaf10,1,0.60088125055744
halo_level,C,regression,5.0,RF_depth6_leaf10,2,0.5828013845450702
halo_level,C,regression,5.0,RF_depthNone_leaf30,0,0.6205393091610898
halo_level,C,regression,5.0,RF_depthNone_leaf30,1,0.6024368867434097
halo_level,C,regression,5.0,RF_depthNone_leaf30,2,0.5854572855925284
halo_level,C,regression,8.0,Dummy,0,0.6823311937621016
halo_level,C,regression,8.0,Dummy,1,0.6845887823877238
halo_level,C,regression,8.0,Dummy,2,0.6606312338716782
halo_level,C,regression,8.0,Linear,0,0.5876377310503743
halo_level,C,regression,8.0,Linear,1,0.5810734939837007
halo_level,C,regression,8.0,Linear,2,0.5329753758633973
halo_level,C,regression,8.0,RF_depth6_leaf10,0,0.5581824085344508
halo_level,C,regression,8.0,RF_depth6_leaf10,1,0.5528790178171535
halo_level,C,regression,8.0,RF_depth6_leaf10,2,0.5180820110880786
halo_level,C,regression,8.0,RF_depthNone_leaf30,0,0.5583465621438959
halo_level,C,regression,8.0,RF_depthNone_leaf30,1,0.5500289923899224
halo_level,C,regression,8.0,RF_depthNone_leaf30,2,0.5156363841940106
halo_level,C,regression,10.0,Dummy,0,0.6823311937621016
halo_level,C,regression,10.0,Dummy,1,0.6845887823877238
halo_level,C,regression,10.0,Dummy,2,0.6606312338716782
halo_level,C,regression,10.0,Linear,0,0.5666471973975791
halo_level,C,regression,10.0,Linear,1,0.5661837048837766
halo_level,C,regression,10.0,Linear,2,0.511864585760806
halo_level,C,regression,10.0,RF_depth6_leaf10,0,0.5394905402649465
halo_level,C,regression,10.0,RF_depth6_leaf10,1,0.5332263338338952
halo_level,C,regression,10.0,RF_depth6_leaf10,2,0.4964344965429049
halo_level,C,regression,10.0,RF_depthNone_leaf30,0,0.540093672319368
halo_level,C,regression,10.0,RF_depthNone_leaf30,1,0.5339120664242057
halo_level,C,regression,10.0,RF_depthNone_leaf30,2,0.4933945428052216
halo_level,C,regression,15.0,Dummy,0,0.6823311937621016
halo_level,C,regression,15.0,Dummy,1,0.6845887823877238
halo_level,C,regression,15.0,Dummy,2,0.6606312338716782
halo_level,C,regression,15.0,Linear,0,0.5452009967095981
halo_level,C,regression,15.0,Linear,1,0.5501261834640222
halo_level,C,regression,15.0,Linear,2,0.5005537379769568
halo_level,C,regression,15.0,RF_depth6_leaf10,0,0.5235825171281048
halo_level,C,regression,15.0,RF_depth6_leaf10,1,0.5366502968707595
halo_level,C,regression,15.0,RF_depth6_leaf10,2,0.49723355562402344
halo_level,C,regression,15.0,RF_depthNone_leaf30,0,0.5224842846153654
halo_level,C,regression,15.0,RF_depthNone_leaf30,1,0.5388259000803118
halo_level,C,regression,15.0,RF_depthNone_leaf30,2,0.4932759772411947
halo_level,C,regression,20.0,Dummy,0,0.6823311937621016
halo_level,C,regression,20.0,Dummy,1,0.6845887823877238
halo_level,C,regression,20.0,Dummy,2,0.6606312338716782
halo_level,C,regression,20.0,Linear,0,0.5697792871634142
halo_level,C,regression,20.0,Linear,1,0.5711478390812287
halo_level,C,regression,20.0,Linear,2,0.5182327525577783
halo_level,C,regression,20.0,RF_depth6_leaf10,0,0.5547204613540452
halo_level,C,regression,20.0,RF_depth6_leaf10,1,0.5617391523744245
halo_level,C,regression,20.0,RF_depth6_leaf10,2,0.5224674327613038
halo_level,C,regression,20.0,RF_depthNone_leaf30,0,0.5551935931564738
halo_level,C,regression,20.0,RF_depthNone_leaf30,1,0.5614167259309436
halo_level,C,regression,20.0,RF_depthNone_leaf30,2,0.5177156278335348
halo_level,C,classification,1.0,Dummy,0,0.23808484360583976
halo_level,C,classification,1.0,Dummy,1,0.23529047629972813
halo_level,C,classification,1.0,Dummy,2,0.23184558501293726
halo_level,C,classification,1.0,Logistic,0,0.23502845731525493
halo_level,C,classification,1.0,Logistic,1,0.2312921319209481
halo_level,C,classification,1.0,Logistic,2,0.2334193072390515
halo_level,C,classification,1.0,RF_depth6_leaf10,0,0.24038985565380333
halo_level,C,classification,1.0,RF_depth6_leaf10,1,0.2342969355358971
halo_level,C,classification,1.0,RF_depth6_leaf10,2,0.234991356785464
halo_level,C,classification,1.0,RF_depthNone_leaf30,0,0.24177292881895585
halo_level,C,classification,1.0,RF_depthNone_leaf30,1,0.23638140499144852
halo_level,C,classification,1.0,RF_depthNone_leaf30,2,0.23485577943924368
halo_level,C,classification,2.0,Dummy,0,0.23808484360583976
halo_level,C,classification,2.0,Dummy,1,0.23529047629972813
halo_level,C,classification,2.0,Dummy,2,0.23184558501293726
halo_level,C,classification,2.0,Logistic,0,0.23041474885427696
halo_level,C,classification,2.0,Logistic,1,0.22375130795611714
halo_level,C,classification,2.0,Logistic,2,0.23171687033580746
halo_level,C,classification,2.0,RF_depth6_leaf10,0,0.23695428434839677
halo_level,C,classification,2.0,RF_depth6_leaf10,1,0.23184168693282375
halo_level,C,classification,2.0,RF_depth6_leaf10,2,0.23466380673129303
halo_level,C,classification,2.0,RF_depthNone_leaf30,0,0.23829708411893916
halo_level,C,classification,2.0,RF_depthNone_leaf30,1,0.23349791944340126
halo_level,C,classification,2.0,RF_depthNone_leaf30,2,0.23447080260661596
halo_level,C,classification,3.0,Dummy,0,0.23808484360583976
halo_level,C,classification,3.0,Dummy,1,0.23529047629972813
halo_level,C,classification,3.0,Dummy,2,0.23184558501293726
halo_level,C,classification,3.0,Logistic,0,0.22171665607599242
halo_level,C,classification,3.0,Logistic,1,0.2124535282594056
halo_level,C,classification,3.0,Logistic,2,0.22721691272022218
halo_level,C,classification,3.0,RF_depth6_leaf10,0,0.2252806009431626
halo_level,C,classification,3.0,RF_depth6_leaf10,1,0.21890099821055406
halo_level,C,classification,3.0,RF_depth6_leaf10,2,0.23437117806972943
halo_level,C,classification,3.0,RF_depthNone_leaf30,0,0.22746915463126235
halo_level,C,classification,3.0,RF_depthNone_leaf30,1,0.21927272832569575
halo_level,C,classification,3.0,RF_depthNone_leaf30,2,0.23410939923034657
halo_level,C,classification,5.0,Dummy,0,0.23808484360583976
halo_level,C,classification,5.0,Dummy,1,0.23529047629972813
halo_level,C,classification,5.0,Dummy,2,0.23184558501293726
halo_level,C,classification,5.0,Logistic,0,0.20908439415875235
halo_level,C,classification,5.0,Logistic,1,0.19003464344477167
halo_level,C,classification,5.0,Logistic,2,0.2108930381108482
halo_level,C,classification,5.0,RF_depth6_leaf10,0,0.20832785226665954
halo_level,C,classification,5.0,RF_depth6_leaf10,1,0.1966426384455939
halo_level,C,classification,5.0,RF_depth6_leaf10,2,0.2167245746653404
halo_level,C,classification,5.0,RF_depthNone_leaf30,0,0.21238701707794413
halo_level,C,classification,5.0,RF_depthNone_leaf30,1,0.19754188210512477
halo_level,C,classification,5.0,RF_depthNone_leaf30,2,0.216482403416282
halo_level,C,classification,8.0,Dummy,0,0.23808484360583976
halo_level,C,classification,8.0,Dummy,1,0.23529047629972813
halo_level,C,classification,8.0,Dummy,2,0.23184558501293726
halo_level,C,classification,8.0,Logistic,0,0.17722198285915672
halo_level,C,classification,8.0,Logistic,1,0.16028663586626649
halo_level,C,classification,8.0,Logistic,2,0.17426038460024101
halo_level,C,classification,8.0,RF_depth6_leaf10,0,0.17972525803928238
halo_level,C,classification,8.0,RF_depth6_leaf10,1,0.16379793544092983
halo_level,C,classification,8.0,RF_depth6_leaf10,2,0.18333085250786416
halo_level,C,classification,8.0,RF_depthNone_leaf30,0,0.17944533386801537
halo_level,C,classification,8.0,RF_depthNone_leaf30,1,0.1629551104494466
halo_level,C,classification,8.0,RF_depthNone_leaf30,2,0.18204555957775148
halo_level,C,classification,10.0,Dummy,0,0.23808484360583976
halo_level,C,classification,10.0,Dummy,1,0.23529047629972813
halo_level,C,classification,10.0,Dummy,2,0.23184558501293726
halo_level,C,classification,10.0,Logistic,0,0.16543933361949548
halo_level,C,classification,10.0,Logistic,1,0.14595075433942564
halo_level,C,classification,10.0,Logistic,2,0.16175325037181004
halo_level,C,classification,10.0,RF_depth6_leaf10,0,0.17041580049044341
halo_level,C,classification,10.0,RF_depth6_leaf10,1,0.15056125507370816
halo_level,C,classification,10.0,RF_depth6_leaf10,2,0.16863115429079867
halo_level,C,classification,10.0,RF_depthNone_leaf30,0,0.172161945195842
halo_level,C,classification,10.0,RF_depthNone_leaf30,1,0.14816367174844697
halo_level,C,classification,10.0,RF_depthNone_leaf30,2,0.1681688658913693
halo_level,C,classification,15.0,Dummy,0,0.23808484360583976
halo_level,C,classification,15.0,Dummy,1,0.23529047629972813
halo_level,C,classification,15.0,Dummy,2,0.23184558501293726
halo_level,C,classification,15.0,Logistic,0,0.15872170194348398
halo_level,C,classification,15.0,Logistic,1,0.1404434979539703
halo_level,C,classification,15.0,Logistic,2,0.15022624104824475
halo_level,C,classification,15.0,RF_depth6_leaf10,0,0.1612481955453064
halo_level,C,classification,15.0,RF_depth6_leaf10,1,0.14644322988466246
halo_level,C,classification,15.0,RF_depth6_leaf10,2,0.15905891222006166
halo_level,C,classification,15.0,RF_depthNone_leaf30,0,0.16109025349999867
halo_level,C,classification,15.0,RF_depthNone_leaf30,1,0.14615982915815606
halo_level,C,classification,15.0,RF_depthNone_leaf30,2,0.15679415409584527
halo_level,C,classification,20.0,Dummy,0,0.23808484360583976
halo_level,C,classification,20.0,Dummy,1,0.23529047629972813
halo_level,C,classification,20.0,Dummy,2,0.23184558501293726
halo_level,C,classification,20.0,Logistic,0,0.183497215242616
halo_level,C,classification,20.0,Logistic,1,0.15097992592183979
halo_level,C,classification,20.0,Logistic,2,0.16029353900617313
halo_level,C,classification,20.0,RF_depth6_leaf10,0,0.18512327820884109
halo_level,C,classification,20.0,RF_depth6_leaf10,1,0.15175330653432773
halo_level,C,classification,20.0,RF_depth6_leaf10,2,0.1664393010297012
halo_level,C,classification,20.0,RF_depthNone_leaf30,0,0.18483933361101154
halo_level,C,classification,20.0,RF_depthNone_leaf30,1,0.1524260469504679
halo_level,C,classification,20.0,RF_depthNone_leaf30,2,0.1655746577995061
halo_level,D,regression,1.0,Dummy,0,0.6823311937621016
halo_level,D,regression,1.0,Dummy,1,0.6845887823877238
halo_level,D,regression,1.0,Dummy,2,0.6606312338716782
halo_level,D,regression,1.0,Linear,0,0.6568024539144308
halo_level,D,regression,1.0,Linear,1,0.644540703675892
halo_level,D,regression,1.0,Linear,2,0.6402456771330483
halo_level,D,regression,1.0,RF_depth6_leaf10,0,0.6616764360873748
halo_level,D,regression,1.0,RF_depth6_leaf10,1,0.6581531178343334
halo_level,D,regression,1.0,RF_depth6_leaf10,2,0.6576540389288626
halo_level,D,regression,1.0,RF_depthNone_leaf30,0,0.6631165172276209
halo_level,D,regression,1.0,RF_depthNone_leaf30,1,0.6559154447939556
halo_level,D,regression,1.0,RF_depthNone_leaf30,2,0.6536383801728732
halo_level,D,regression,2.0,Dummy,0,0.6823311937621016
halo_level,D,regression,2.0,Dummy,1,0.6845887823877238
halo_level,D,regression,2.0,Dummy,2,0.6606312338716782
halo_level,D,regression,2.0,Linear,0,0.6065051229971997
halo_level,D,regression,2.0,Linear,1,0.6057197040139158
halo_level,D,regression,2.0,Linear,2,0.607899606052175
halo_level,D,regression,2.0,RF_depth6_leaf10,0,0.6070533271659244
halo_level,D,regression,2.0,RF_depth6_leaf10,1,0.6163716397138407
halo_level,D,regression,2.0,RF_depth6_leaf10,2,0.6145595659660013
halo_level,D,regression,2.0,RF_depthNone_leaf30,0,0.6060487905182204
halo_level,D,regression,2.0,RF_depthNone_leaf30,1,0.6114807884863664
halo_level,D,regression,2.0,RF_depthNone_leaf30,2,0.6104550977564838
halo_level,D,regression,3.0,Dummy,0,0.6823311937621016
halo_level,D,regression,3.0,Dummy,1,0.6845887823877238
halo_level,D,regression,3.0,Dummy,2,0.6606312338716782
halo_level,D,regression,3.0,Linear,0,0.5638577136252214
halo_level,D,regression,3.0,Linear,1,0.5748437006830776
halo_level,D,regression,3.0,Linear,2,0.5660434260390794
halo_level,D,regression,3.0,RF_depth6_leaf10,0,0.5644798254319295
halo_level,D,regression,3.0,RF_depth6_leaf10,1,0.5725151175106828
halo_level,D,regression,3.0,RF_depth6_leaf10,2,0.571947892746036
halo_level,D,regression,3.0,RF_depthNone_leaf30,0,0.5613790675989301
halo_level,D,regression,3.0,RF_depthNone_leaf30,1,0.5673206994126508
halo_level,D,regression,3.0,RF_depthNone_leaf30,2,0.5627695841454556
halo_level,D,regression,5.0,Dummy,0,0.6823311937621016
halo_level,D,regression,5.0,Dummy,1,0.6845887823877238
halo_level,D,regression,5.0,Dummy,2,0.6606312338716782
halo_level,D,regression,5.0,Linear,0,0.5016230639620013
halo_level,D,regression,5.0,Linear,1,0.5181498212932463
halo_level,D,regression,5.0,Linear,2,0.5067512667769585
halo_level,D,regression,5.0,RF_depth6_leaf10,0,0.4793767050256547
halo_level,D,regression,5.0,RF_depth6_leaf10,1,0.4902549305920627
halo_level,D,regression,5.0,RF_depth6_leaf10,2,0.49376615871460233
halo_level,D,regression,5.0,RF_depthNone_leaf30,0,0.476459182901286
halo_level,D,regression,5.0,RF_depthNone_leaf30,1,0.48937070603929966
halo_level,D,regression,5.0,RF_depthNone_leaf30,2,0.49009016204582645
halo_level,D,regression,8.0,Dummy,0,0.6823311937621016
halo_level,D,regression,8.0,Dummy,1,0.6845887823877238
halo_level,D,regression,8.0,Dummy,2,0.6606312338716782
halo_level,D,regression,8.0,Linear,0,0.4497214161329143
halo_level,D,regression,8.0,Linear,1,0.4669023624378023
halo_level,D,regression,8.0,Linear,2,0.44437008266045075
halo_level,D,regression,8.0,RF_depth6_leaf10,0,0.42533706906871105
halo_level,D,regression,8.0,RF_depth6_leaf10,1,0.4268887094582168
halo_level,D,regression,8.0,RF_depth6_leaf10,2,0.41547058603201975
halo_level,D,regression,8.0,RF_depthNone_leaf30,0,0.42359751781033117
halo_level,D,regression,8.0,RF_depthNone_leaf30,1,0.42477661205778544
halo_level,D,regression,8.0,RF_depthNone_leaf30,2,0.41122771776209366
halo_level,D,regression,10.0,Dummy,0,0.6823311937621016
halo_level,D,regression,10.0,Dummy,1,0.6845887823877238
halo_level,D,regression,10.0,Dummy,2,0.6606312338716782
halo_level,D,regression,10.0,Linear,0,0.43975534050740817
halo_level,D,regression,10.0,Linear,1,0.4509313465680644
halo_level,D,regression,10.0,Linear,2,0.42528855807070676
halo_level,D,regression,10.0,RF_depth6_leaf10,0,0.41920239006638704
halo_level,D,regression,10.0,RF_depth6_leaf10,1,0.4232338622856924
halo_level,D,regression,10.0,RF_depth6_leaf10,2,0.39897067124956737
halo_level,D,regression,10.0,RF_depthNone_leaf30,0,0.4192782177551679
halo_level,D,regression,10.0,RF_depthNone_leaf30,1,0.4214464426947882
halo_level,D,regression,10.0,RF_depthNone_leaf30,2,0.39724154908922
halo_level,D,regression,15.0,Dummy,0,0.6823311937621016
halo_level,D,regression,15.0,Dummy,1,0.6845887823877238
halo_level,D,regression,15.0,Dummy,2,0.6606312338716782
halo_level,D,regression,15.0,Linear,0,0.46925934946997977
halo_level,D,regression,15.0,Linear,1,0.4741006269887062
halo_level,D,regression,15.0,Linear,2,0.4438021038164692
halo_level,D,regression,15.0,RF_depth6_leaf10,0,0.45492438101623245
halo_level,D,regression,15.0,RF_depth6_leaf10,1,0.4757978203389285
halo_level,D,regression,15.0,RF_depth6_leaf10,2,0.4423384139138036
halo_level,D,regression,15.0,RF_depthNone_leaf30,0,0.45062596684367073
halo_level,D,regression,15.0,RF_depthNone_leaf30,1,0.47378391294202005
halo_level,D,regression,15.0,RF_depthNone_leaf30,2,0.44117520310713226
halo_level,D,regression,20.0,Dummy,0,0.6823311937621016
halo_level,D,regression,20.0,Dummy,1,0.6845887823877238
halo_level,D,regression,20.0,Dummy,2,0.6606312338716782
halo_level,D,regression,20.0,Linear,0,0.5153881283447186
halo_level,D,regression,20.0,Linear,1,0.5273856068794519
halo_level,D,regression,20.0,Linear,2,0.4962964127684418
halo_level,D,regression,20.0,RF_depth6_leaf10,0,0.5130776711864793
halo_level,D,regression,20.0,RF_depth6_leaf10,1,0.5299367044090629
halo_level,D,regression,20.0,RF_depth6_leaf10,2,0.5005779125016553
halo_level,D,regression,20.0,RF_depthNone_leaf30,0,0.5107463157089852
halo_level,D,regression,20.0,RF_depthNone_leaf30,1,0.5278055795097775
halo_level,D,regression,20.0,RF_depthNone_leaf30,2,0.4993903632117087
halo_level,D,classification,1.0,Dummy,0,0.23808484360583976
halo_level,D,classification,1.0,Dummy,1,0.23529047629972813
halo_level,D,classification,1.0,Dummy,2,0.23184558501293726
halo_level,D,classification,1.0,Logistic,0,0.23075168052946954
halo_level,D,classification,1.0,Logistic,1,0.2246166495676156
halo_level,D,classification,1.0,Logistic,2,0.23250361835551994
halo_level,D,classification,1.0,RF_depth6_leaf10,0,0.23331769819836548
halo_level,D,classification,1.0,RF_depth6_leaf10,1,0.2317584570437535
halo_level,D,classification,1.0,RF_depth6_leaf10,2,0.24023438705037106
halo_level,D,classification,1.0,RF_depthNone_leaf30,0,0.23549991316176125
halo_level,D,classification,1.0,RF_depthNone_leaf30,1,0.2315451566004315
halo_level,D,classification,1.0,RF_depthNone_leaf30,2,0.23800845977073953
halo_level,D,classification,2.0,Dummy,0,0.23808484360583976
halo_level,D,classification,2.0,Dummy,1,0.23529047629972813
halo_level,D,classification,2.0,Dummy,2,0.23184558501293726
halo_level,D,classification,2.0,Logistic,0,0.21190777324415913
halo_level,D,classification,2.0,Logistic,1,0.20635585387055938
halo_level,D,classification,2.0,Logistic,2,0.2241760867393443
halo_level,D,classification,2.0,RF_depth6_leaf10,0,0.21666915586172858
halo_level,D,classification,2.0,RF_depth6_leaf10,1,0.21705829632822857
halo_level,D,classification,2.0,RF_depth6_leaf10,2,0.23366828567321346
halo_level,D,classification,2.0,RF_depthNone_leaf30,0,0.21687867027644608
halo_level,D,classification,2.0,RF_depthNone_leaf30,1,0.21522629701218124
halo_level,D,classification,2.0,RF_depthNone_leaf30,2,0.23219377867178906
halo_level,D,classification,3.0,Dummy,0,0.23808484360583976
halo_level,D,classification,3.0,Dummy,1,0.23529047629972813
halo_level,D,classification,3.0,Dummy,2,0.23184558501293726
halo_level,D,classification,3.0,Logistic,0,0.18915150495925057
halo_level,D,classification,3.0,Logistic,1,0.1908640630293373
halo_level,D,classification,3.0,Logistic,2,0.21117830255014017
halo_level,D,classification,3.0,RF_depth6_leaf10,0,0.19621191588817774
halo_level,D,classification,3.0,RF_depth6_leaf10,1,0.1983339705834505
halo_level,D,classification,3.0,RF_depth6_leaf10,2,0.21826690388062195
halo_level,D,classification,3.0,RF_depthNone_leaf30,0,0.19631576926403937
halo_level,D,classification,3.0,RF_depthNone_leaf30,1,0.1963569324502957
halo_level,D,classification,3.0,RF_depthNone_leaf30,2,0.21561790766191558
halo_level,D,classification,5.0,Dummy,0,0.23808484360583976
halo_level,D,classification,5.0,Dummy,1,0.23529047629972813
halo_level,D,classification,5.0,Dummy,2,0.23184558501293726
halo_level,D,classification,5.0,Logistic,0,0.15942820726122664
halo_level,D,classification,5.0,Logistic,1,0.15714964723497246
halo_level,D,classification,5.0,Logistic,2,0.18175221097623154
halo_level,D,classification,5.0,RF_depth6_leaf10,0,0.16353852290044432
halo_level,D,classification,5.0,RF_depth6_leaf10,1,0.1637664620138204
halo_level,D,classification,5.0,RF_depth6_leaf10,2,0.1882131090564615
halo_level,D,classification,5.0,RF_depthNone_leaf30,0,0.16377148389107526
halo_level,D,classification,5.0,RF_depthNone_leaf30,1,0.1623074331673349
halo_level,D,classification,5.0,RF_depthNone_leaf30,2,0.18660446682355644
halo_level,D,classification,8.0,Dummy,0,0.23808484360583976
halo_level,D,classification,8.0,Dummy,1,0.23529047629972813
halo_level,D,classification,8.0,Dummy,2,0.23184558501293726
halo_level,D,classification,8.0,Logistic,0,0.13249392632380783
halo_level,D,classification,8.0,Logistic,1,0.11264680892436134
halo_level,D,classification,8.0,Logistic,2,0.13248532553858233
halo_level,D,classification,8.0,RF_depth6_leaf10,0,0.13774366907868166
halo_level,D,classification,8.0,RF_depth6_leaf10,1,0.12042542274551866
halo_level,D,classification,8.0,RF_depth6_leaf10,2,0.13708087545502368
halo_level,D,classification,8.0,RF_depthNone_leaf30,0,0.13503933618851569
halo_level,D,classification,8.0,RF_depthNone_leaf30,1,0.11602586963975635
halo_level,D,classification,8.0,RF_depthNone_leaf30,2,0.13603064315938915
halo_level,D,classification,10.0,Dummy,0,0.23808484360583976
halo_level,D,classification,10.0,Dummy,1,0.23529047629972813
halo_level,D,classification,10.0,Dummy,2,0.23184558501293726
halo_level,D,classification,10.0,Logistic,0,0.1237682837652096
halo_level,D,classification,10.0,Logistic,1,0.10388058857259853
halo_level,D,classification,10.0,Logistic,2,0.11087635659264167
halo_level,D,classification,10.0,RF_depth6_leaf10,0,0.12701452734477336
halo_level,D,classification,10.0,RF_depth6_leaf10,1,0.10919443387175974
halo_level,D,classification,10.0,RF_depth6_leaf10,2,0.11699854745137342
halo_level,D,classification,10.0,RF_depthNone_leaf30,0,0.126226690490795
halo_level,D,classification,10.0,RF_depthNone_leaf30,1,0.10800390699919926
halo_level,D,classification,10.0,RF_depthNone_leaf30,2,0.11474901272540008
halo_level,D,classification,15.0,Dummy,0,0.23808484360583976
halo_level,D,classification,15.0,Dummy,1,0.23529047629972813
halo_level,D,classification,15.0,Dummy,2,0.23184558501293726
halo_level,D,classification,15.0,Logistic,0,0.13068348396279175
halo_level,D,classification,15.0,Logistic,1,0.12082462167949373
halo_level,D,classification,15.0,Logistic,2,0.11304980372157747
halo_level,D,classification,15.0,RF_depth6_leaf10,0,0.13363293105934076
halo_level,D,classification,15.0,RF_depth6_leaf10,1,0.12487184467519795
halo_level,D,classification,15.0,RF_depth6_leaf10,2,0.11605822067421127
halo_level,D,classification,15.0,RF_depthNone_leaf30,0,0.13354861494116402
halo_level,D,classification,15.0,RF_depthNone_leaf30,1,0.12342275278597958
halo_level,D,classification,15.0,RF_depthNone_leaf30,2,0.11527434763542696
halo_level,D,classification,20.0,Dummy,0,0.23808484360583976
halo_level,D,classification,20.0,Dummy,1,0.23529047629972813
halo_level,D,classification,20.0,Dummy,2,0.23184558501293726
halo_level,D,classification,20.0,Logistic,0,0.15836429670760988
halo_level,D,classification,20.0,Logistic,1,0.14457972824475107
halo_level,D,classification,20.0,Logistic,2,0.13968194528451267
halo_level,D,classification,20.0,RF_depth6_leaf10,0,0.16560188201341028
halo_level,D,classification,20.0,RF_depth6_leaf10,1,0.14973763839038923
halo_level,D,classification,20.0,RF_depth6_leaf10,2,0.13835591505672784
halo_level,D,classification,20.0,RF_depthNone_leaf30,0,0.16376570361027804
halo_level,D,classification,20.0,RF_depthNone_leaf30,1,0.14872113325309064
halo_level,D,classification,20.0,RF_depthNone_leaf30,2,0.13742720930278643
halo_level,E,regression,1.0,Dummy,0,0.6823311937621016
halo_level,E,regression,1.0,Dummy,1,0.6845887823877238
halo_level,E,regression,1.0,Dummy,2,0.6606312338716782
halo_level,E,regression,1.0,Linear,0,0.6732376927926639
halo_level,E,regression,1.0,Linear,1,0.667110713430098
halo_level,E,regression,1.0,Linear,2,0.6488287170080829
halo_level,E,regression,1.0,RF_depth6_leaf10,0,0.6840309565539858
halo_level,E,regression,1.0,RF_depth6_leaf10,1,0.6755624151941796
halo_level,E,regression,1.0,RF_depth6_leaf10,2,0.6534362013194882
halo_level,E,regression,1.0,RF_depthNone_leaf30,0,0.6873428038945025
halo_level,E,regression,1.0,RF_depthNone_leaf30,1,0.676636374574307
halo_level,E,regression,1.0,RF_depthNone_leaf30,2,0.652660985935094
halo_level,E,regression,2.0,Dummy,0,0.6823311937621016
halo_level,E,regression,2.0,Dummy,1,0.6845887823877238
halo_level,E,regression,2.0,Dummy,2,0.6606312338716782
halo_level,E,regression,2.0,Linear,0,0.6596935182028775
halo_level,E,regression,2.0,Linear,1,0.6504824099205889
halo_level,E,regression,2.0,Linear,2,0.6404425125509353
halo_level,E,regression,2.0,RF_depth6_leaf10,0,0.6662424810007824
halo_level,E,regression,2.0,RF_depth6_leaf10,1,0.6591924549049087
halo_level,E,regression,2.0,RF_depth6_leaf10,2,0.6426777638279514
halo_level,E,regression,2.0,RF_depthNone_leaf30,0,0.6709327752339809
halo_level,E,regression,2.0,RF_depthNone_leaf30,1,0.6584557770014077
halo_level,E,regression,2.0,RF_depthNone_leaf30,2,0.6415008142404224
halo_level,E,regression,3.0,Dummy,0,0.6823311937621016
halo_level,E,regression,3.0,Dummy,1,0.6845887823877238
halo_level,E,regression,3.0,Dummy,2,0.6606312338716782
halo_level,E,regression,3.0,Linear,0,0.6465031452877475
halo_level,E,regression,3.0,Linear,1,0.6374410364555357
halo_level,E,regression,3.0,Linear,2,0.6165344106540097
halo_level,E,regression,3.0,RF_depth6_leaf10,0,0.649508976270861
halo_level,E,regression,3.0,RF_depth6_leaf10,1,0.6382178760919509
halo_level,E,regression,3.0,RF_depth6_leaf10,2,0.6179966314126518
halo_level,E,regression,3.0,RF_depthNone_leaf30,0,0.6499856050395117
halo_level,E,regression,3.0,RF_depthNone_leaf30,1,0.6387005083743421
halo_level,E,regression,3.0,RF_depthNone_leaf30,2,0.6160562016900231
halo_level,E,regression,5.0,Dummy,0,0.6823311937621016
halo_level,E,regression,5.0,Dummy,1,0.6845887823877238
halo_level,E,regression,5.0,Dummy,2,0.6606312338716782
halo_level,E,regression,5.0,Linear,0,0.6241780842366405
halo_level,E,regression,5.0,Linear,1,0.6082180484319166
halo_level,E,regression,5.0,Linear,2,0.5855474309107248
halo_level,E,regression,5.0,RF_depth6_leaf10,0,0.6185059585802725
halo_level,E,regression,5.0,RF_depth6_leaf10,1,0.6004786098082214
halo_level,E,regression,5.0,RF_depth6_leaf10,2,0.5825151967377143
halo_level,E,regression,5.0,RF_depthNone_leaf30,0,0.6159403703267571
halo_level,E,regression,5.0,RF_depthNone_leaf30,1,0.5987941255362984
halo_level,E,regression,5.0,RF_depthNone_leaf30,2,0.5812221326041696
halo_level,E,regression,8.0,Dummy,0,0.6823311937621016
halo_level,E,regression,8.0,Dummy,1,0.6845887823877238
halo_level,E,regression,8.0,Dummy,2,0.6606312338716782
halo_level,E,regression,8.0,Linear,0,0.5880724287223886
halo_level,E,regression,8.0,Linear,1,0.5813636994765176
halo_level,E,regression,8.0,Linear,2,0.5342120208376491
halo_level,E,regression,8.0,RF_depth6_leaf10,0,0.5542956680972111
halo_level,E,regression,8.0,RF_depth6_leaf10,1,0.5509551829864657
halo_level,E,regression,8.0,RF_depth6_leaf10,2,0.5161846030432165
halo_level,E,regression,8.0,RF_depthNone_leaf30,0,0.5536578550931581
halo_level,E,regression,8.0,RF_depthNone_leaf30,1,0.547575920782794
halo_level,E,regression,8.0,RF_depthNone_leaf30,2,0.5156231758117578
halo_level,E,regression,10.0,Dummy,0,0.6823311937621016
halo_level,E,regression,10.0,Dummy,1,0.6845887823877238
halo_level,E,regression,10.0,Dummy,2,0.6606312338716782
halo_level,E,regression,10.0,Linear,0,0.5668837970171187
halo_level,E,regression,10.0,Linear,1,0.5661837157989879
halo_level,E,regression,10.0,Linear,2,0.5122072215536789
halo_level,E,regression,10.0,RF_depth6_leaf10,0,0.5394883790202726
halo_level,E,regression,10.0,RF_depth6_leaf10,1,0.5406809432612076
halo_level,E,regression,10.0,RF_depth6_leaf10,2,0.49513299204367167
halo_level,E,regression,10.0,RF_depthNone_leaf30,0,0.538706306723049
halo_level,E,regression,10.0,RF_depthNone_leaf30,1,0.5380317818788264
halo_level,E,regression,10.0,RF_depthNone_leaf30,2,0.4938852909745793
halo_level,E,regression,15.0,Dummy,0,0.6823311937621016
halo_level,E,regression,15.0,Dummy,1,0.6845887823877238
halo_level,E,regression,15.0,Dummy,2,0.6606312338716782
halo_level,E,regression,15.0,Linear,0,0.5460924687546058
halo_level,E,regression,15.0,Linear,1,0.5500330067630483
halo_level,E,regression,15.0,Linear,2,0.5019557532935002
halo_level,E,regression,15.0,RF_depth6_leaf10,0,0.5230491858129861
halo_level,E,regression,15.0,RF_depth6_leaf10,1,0.5395079002616296
halo_level,E,regression,15.0,RF_depth6_leaf10,2,0.4994878513383887
halo_level,E,regression,15.0,RF_depthNone_leaf30,0,0.5223228181805492
halo_level,E,regression,15.0,RF_depthNone_leaf30,1,0.541846102724637
halo_level,E,regression,15.0,RF_depthNone_leaf30,2,0.4960429566077628
halo_level,E,regression,20.0,Dummy,0,0.6823311937621016
halo_level,E,regression,20.0,Dummy,1,0.6845887823877238
halo_level,E,regression,20.0,Dummy,2,0.6606312338716782
halo_level,E,regression,20.0,Linear,0,0.5705785284374734
halo_level,E,regression,20.0,Linear,1,0.5711437498210059
halo_level,E,regression,20.0,Linear,2,0.520226933815631
halo_level,E,regression,20.0,RF_depth6_leaf10,0,0.5557112287935185
halo_level,E,regression,20.0,RF_depth6_leaf10,1,0.5653123938444182
halo_level,E,regression,20.0,RF_depth6_leaf10,2,0.5246768672797595
halo_level,E,regression,20.0,RF_depthNone_leaf30,0,0.5526680235875852
halo_level,E,regression,20.0,RF_depthNone_leaf30,1,0.5648998005250898
halo_level,E,regression,20.0,RF_depthNone_leaf30,2,0.519531944848982
halo_level,E,classification,1.0,Dummy,0,0.23808484360583976
halo_level,E,classification,1.0,Dummy,1,0.23529047629972813
halo_level,E,classification,1.0,Dummy,2,0.23184558501293726
halo_level,E,classification,1.0,Logistic,0,0.23466067312363287
halo_level,E,classification,1.0,Logistic,1,0.23146842133731244
halo_level,E,classification,1.0,Logistic,2,0.23344874895040688
halo_level,E,classification,1.0,RF_depth6_leaf10,0,0.2373720317849609
halo_level,E,classification,1.0,RF_depth6_leaf10,1,0.2366087788560744
halo_level,E,classification,1.0,RF_depth6_leaf10,2,0.2341420850983669
halo_level,E,classification,1.0,RF_depthNone_leaf30,0,0.24073317136072317
halo_level,E,classification,1.0,RF_depthNone_leaf30,1,0.23849122507371856
halo_level,E,classification,1.0,RF_depthNone_leaf30,2,0.23505651839184175
halo_level,E,classification,2.0,Dummy,0,0.23808484360583976
halo_level,E,classification,2.0,Dummy,1,0.23529047629972813
halo_level,E,classification,2.0,Dummy,2,0.23184558501293726
halo_level,E,classification,2.0,Logistic,0,0.2302111221466474
halo_level,E,classification,2.0,Logistic,1,0.22404289281762532
halo_level,E,classification,2.0,Logistic,2,0.2317952624012802
halo_level,E,classification,2.0,RF_depth6_leaf10,0,0.23380416248841196
halo_level,E,classification,2.0,RF_depth6_leaf10,1,0.23152489760457423
halo_level,E,classification,2.0,RF_depth6_leaf10,2,0.23402297578976491
halo_level,E,classification,2.0,RF_depthNone_leaf30,0,0.2363043254385261
halo_level,E,classification,2.0,RF_depthNone_leaf30,1,0.2322465165526489
halo_level,E,classification,2.0,RF_depthNone_leaf30,2,0.23331658675309006
halo_level,E,classification,3.0,Dummy,0,0.23808484360583976
halo_level,E,classification,3.0,Dummy,1,0.23529047629972813
halo_level,E,classification,3.0,Dummy,2,0.23184558501293726
halo_level,E,classification,3.0,Logistic,0,0.22173425550132408
halo_level,E,classification,3.0,Logistic,1,0.21283184056010948
halo_level,E,classification,3.0,Logistic,2,0.22723675169659088
halo_level,E,classification,3.0,RF_depth6_leaf10,0,0.22278468796248105
halo_level,E,classification,3.0,RF_depth6_leaf10,1,0.21412169479751073
halo_level,E,classification,3.0,RF_depth6_leaf10,2,0.23303476685308197
halo_level,E,classification,3.0,RF_depthNone_leaf30,0,0.22434698005901144
halo_level,E,classification,3.0,RF_depthNone_leaf30,1,0.2154804926086911
halo_level,E,classification,3.0,RF_depthNone_leaf30,2,0.2331456609935133
halo_level,E,classification,5.0,Dummy,0,0.23808484360583976
halo_level,E,classification,5.0,Dummy,1,0.23529047629972813
halo_level,E,classification,5.0,Dummy,2,0.23184558501293726
halo_level,E,classification,5.0,Logistic,0,0.20912897706263017
halo_level,E,classification,5.0,Logistic,1,0.19020825453102166
halo_level,E,classification,5.0,Logistic,2,0.21063701567213142
halo_level,E,classification,5.0,RF_depth6_leaf10,0,0.20580541771368022
halo_level,E,classification,5.0,RF_depth6_leaf10,1,0.1940405263549413
halo_level,E,classification,5.0,RF_depth6_leaf10,2,0.21452862458510039
halo_level,E,classification,5.0,RF_depthNone_leaf30,0,0.2070961153737774
halo_level,E,classification,5.0,RF_depthNone_leaf30,1,0.19433254223618487
halo_level,E,classification,5.0,RF_depthNone_leaf30,2,0.21417434849634967
halo_level,E,classification,8.0,Dummy,0,0.23808484360583976
halo_level,E,classification,8.0,Dummy,1,0.23529047629972813
halo_level,E,classification,8.0,Dummy,2,0.23184558501293726
halo_level,E,classification,8.0,Logistic,0,0.17790369467257763
halo_level,E,classification,8.0,Logistic,1,0.15987496565012063
halo_level,E,classification,8.0,Logistic,2,0.17408022563722816
halo_level,E,classification,8.0,RF_depth6_leaf10,0,0.17861242947548445
halo_level,E,classification,8.0,RF_depth6_leaf10,1,0.16363969634033226
halo_level,E,classification,8.0,RF_depth6_leaf10,2,0.18035649461736292
halo_level,E,classification,8.0,RF_depthNone_leaf30,0,0.17801044148315648
halo_level,E,classification,8.0,RF_depthNone_leaf30,1,0.16388877611958083
halo_level,E,classification,8.0,RF_depthNone_leaf30,2,0.18082774963677511
halo_level,E,classification,10.0,Dummy,0,0.23808484360583976
halo_level,E,classification,10.0,Dummy,1,0.23529047629972813
halo_level,E,classification,10.0,Dummy,2,0.23184558501293726
halo_level,E,classification,10.0,Logistic,0,0.16594228195595567
halo_level,E,classification,10.0,Logistic,1,0.14531401331998783
halo_level,E,classification,10.0,Logistic,2,0.1612925442898547
halo_level,E,classification,10.0,RF_depth6_leaf10,0,0.1703577054380597
halo_level,E,classification,10.0,RF_depth6_leaf10,1,0.14999335550984086
halo_level,E,classification,10.0,RF_depth6_leaf10,2,0.16555010136090687
halo_level,E,classification,10.0,RF_depthNone_leaf30,0,0.17050981157396847
halo_level,E,classification,10.0,RF_depthNone_leaf30,1,0.14775187786039057
halo_level,E,classification,10.0,RF_depthNone_leaf30,2,0.16500020912954452
halo_level,E,classification,15.0,Dummy,0,0.23808484360583976
halo_level,E,classification,15.0,Dummy,1,0.23529047629972813
halo_level,E,classification,15.0,Dummy,2,0.23184558501293726
halo_level,E,classification,15.0,Logistic,0,0.1590629779402918
halo_level,E,classification,15.0,Logistic,1,0.1398513814128826
halo_level,E,classification,15.0,Logistic,2,0.15023755113764625
halo_level,E,classification,15.0,RF_depth6_leaf10,0,0.16347446320174397
halo_level,E,classification,15.0,RF_depth6_leaf10,1,0.14726377841695085
halo_level,E,classification,15.0,RF_depth6_leaf10,2,0.15774551154351163
halo_level,E,classification,15.0,RF_depthNone_leaf30,0,0.16162085628966585
halo_level,E,classification,15.0,RF_depthNone_leaf30,1,0.1473647158006854
halo_level,E,classification,15.0,RF_depthNone_leaf30,2,0.1555340931871234
halo_level,E,classification,20.0,Dummy,0,0.23808484360583976
halo_level,E,classification,20.0,Dummy,1,0.23529047629972813
halo_level,E,classification,20.0,Dummy,2,0.23184558501293726
halo_level,E,classification,20.0,Logistic,0,0.18409456185947498
halo_level,E,classification,20.0,Logistic,1,0.15057609667220456
halo_level,E,classification,20.0,Logistic,2,0.16045947559056503
halo_level,E,classification,20.0,RF_depth6_leaf10,0,0.1840507174498449
halo_level,E,classification,20.0,RF_depth6_leaf10,1,0.15435330568294878
halo_level,E,classification,20.0,RF_depth6_leaf10,2,0.16548780057516477
halo_level,E,classification,20.0,RF_depthNone_leaf30,0,0.18403508980464872
halo_level,E,classification,20.0,RF_depthNone_leaf30,1,0.1553948267140185
halo_level,E,classification,20.0,RF_depthNone_leaf30,2,0.1645550637743965
halo_level,F,regression,1.0,Dummy,0,0.6823311937621016
halo_level,F,regression,1.0,Dummy,1,0.6845887823877238
halo_level,F,regression,1.0,Dummy,2,0.6606312338716782
halo_level,F,regression,1.0,Linear,0,0.6565199204068776
halo_level,F,regression,1.0,Linear,1,0.6454398286632032
halo_level,F,regression,1.0,Linear,2,0.6426596102071386
halo_level,F,regression,1.0,RF_depth6_leaf10,0,0.6581898566474508
halo_level,F,regression,1.0,RF_depth6_leaf10,1,0.6574522727976877
halo_level,F,regression,1.0,RF_depth6_leaf10,2,0.6532044361278602
halo_level,F,regression,1.0,RF_depthNone_leaf30,0,0.6598012481823237
halo_level,F,regression,1.0,RF_depthNone_leaf30,1,0.6568798935022037
halo_level,F,regression,1.0,RF_depthNone_leaf30,2,0.6517663286863113
halo_level,F,regression,2.0,Dummy,0,0.6823311937621016
halo_level,F,regression,2.0,Dummy,1,0.6845887823877238
halo_level,F,regression,2.0,Dummy,2,0.6606312338716782
halo_level,F,regression,2.0,Linear,0,0.6064220855335807
halo_level,F,regression,2.0,Linear,1,0.6062360507493659
halo_level,F,regression,2.0,Linear,2,0.6104291739816394
halo_level,F,regression,2.0,RF_depth6_leaf10,0,0.6028545701003757
halo_level,F,regression,2.0,RF_depth6_leaf10,1,0.611664408361405
halo_level,F,regression,2.0,RF_depth6_leaf10,2,0.6118101023766712
halo_level,F,regression,2.0,RF_depthNone_leaf30,0,0.6034965321220113
halo_level,F,regression,2.0,RF_depthNone_leaf30,1,0.6124422416804679
halo_level,F,regression,2.0,RF_depthNone_leaf30,2,0.6091170628949938
halo_level,F,regression,3.0,Dummy,0,0.6823311937621016
halo_level,F,regression,3.0,Dummy,1,0.6845887823877238
halo_level,F,regression,3.0,Dummy,2,0.6606312338716782
halo_level,F,regression,3.0,Linear,0,0.564110158517363
halo_level,F,regression,3.0,Linear,1,0.575098555718756
halo_level,F,regression,3.0,Linear,2,0.5681128934933452
halo_level,F,regression,3.0,RF_depth6_leaf10,0,0.5618870701495009
halo_level,F,regression,3.0,RF_depth6_leaf10,1,0.5675054203733578
halo_level,F,regression,3.0,RF_depth6_leaf10,2,0.566917114277418
halo_level,F,regression,3.0,RF_depthNone_leaf30,0,0.5608296083102483
halo_level,F,regression,3.0,RF_depthNone_leaf30,1,0.5689145343949493
halo_level,F,regression,3.0,RF_depthNone_leaf30,2,0.5637520043636509
halo_level,F,regression,5.0,Dummy,0,0.6823311937621016
halo_level,F,regression,5.0,Dummy,1,0.6845887823877238
halo_level,F,regression,5.0,Dummy,2,0.6606312338716782
halo_level,F,regression,5.0,Linear,0,0.502439043768025
halo_level,F,regression,5.0,Linear,1,0.518151209763283
halo_level,F,regression,5.0,Linear,2,0.5078548509694317
halo_level,F,regression,5.0,RF_depth6_leaf10,0,0.47871249770137037
halo_level,F,regression,5.0,RF_depth6_leaf10,1,0.4892043197546039
halo_level,F,regression,5.0,RF_depth6_leaf10,2,0.49300166686121394
halo_level,F,regression,5.0,RF_depthNone_leaf30,0,0.47724195139676445
halo_level,F,regression,5.0,RF_depthNone_leaf30,1,0.48962237178986157
halo_level,F,regression,5.0,RF_depthNone_leaf30,2,0.49110437862034256
halo_level,F,regression,8.0,Dummy,0,0.6823311937621016
halo_level,F,regression,8.0,Dummy,1,0.6845887823877238
halo_level,F,regression,8.0,Dummy,2,0.6606312338716782
halo_level,F,regression,8.0,Linear,0,0.45089192340054507
halo_level,F,regression,8.0,Linear,1,0.4667109428905142
halo_level,F,regression,8.0,Linear,2,0.4448535900003335
halo_level,F,regression,8.0,RF_depth6_leaf10,0,0.42440826074914756
halo_level,F,regression,8.0,RF_depth6_leaf10,1,0.43062794475220584
halo_level,F,regression,8.0,RF_depth6_leaf10,2,0.4105481673745042
halo_level,F,regression,8.0,RF_depthNone_leaf30,0,0.4236990121677396
halo_level,F,regression,8.0,RF_depthNone_leaf30,1,0.42770880043613235
halo_level,F,regression,8.0,RF_depthNone_leaf30,2,0.40988111174775066
halo_level,F,regression,10.0,Dummy,0,0.6823311937621016
halo_level,F,regression,10.0,Dummy,1,0.6845887823877238
halo_level,F,regression,10.0,Dummy,2,0.6606312338716782
halo_level,F,regression,10.0,Linear,0,0.4410388424980342
halo_level,F,regression,10.0,Linear,1,0.4506354251226205
halo_level,F,regression,10.0,Linear,2,0.42558083494753285
halo_level,F,regression,10.0,RF_depth6_leaf10,0,0.41921189699128686
halo_level,F,regression,10.0,RF_depth6_leaf10,1,0.4214291221011547
halo_level,F,regression,10.0,RF_depth6_leaf10,2,0.3971713230393748
halo_level,F,regression,10.0,RF_depthNone_leaf30,0,0.41768624695309947
halo_level,F,regression,10.0,RF_depthNone_leaf30,1,0.4205144101610882
halo_level,F,regression,10.0,RF_depthNone_leaf30,2,0.3968769385102177
halo_level,F,regression,15.0,Dummy,0,0.6823311937621016
halo_level,F,regression,15.0,Dummy,1,0.6845887823877238
halo_level,F,regression,15.0,Dummy,2,0.6606312338716782
halo_level,F,regression,15.0,Linear,0,0.47029378357535956
halo_level,F,regression,15.0,Linear,1,0.47379973827454624
halo_level,F,regression,15.0,Linear,2,0.4445183986704748
halo_level,F,regression,15.0,RF_depth6_leaf10,0,0.45447576262752126
halo_level,F,regression,15.0,RF_depth6_leaf10,1,0.474198184751215
halo_level,F,regression,15.0,RF_depth6_leaf10,2,0.43999919805282184
halo_level,F,regression,15.0,RF_depthNone_leaf30,0,0.4509548479287086
halo_level,F,regression,15.0,RF_depthNone_leaf30,1,0.47223108403887354
halo_level,F,regression,15.0,RF_depthNone_leaf30,2,0.43959633415326793
halo_level,F,regression,20.0,Dummy,0,0.6823311937621016
halo_level,F,regression,20.0,Dummy,1,0.6845887823877238
halo_level,F,regression,20.0,Dummy,2,0.6606312338716782
halo_level,F,regression,20.0,Linear,0,0.5161014460246556
halo_level,F,regression,20.0,Linear,1,0.5270172587721262
halo_level,F,regression,20.0,Linear,2,0.49796574769177115
halo_level,F,regression,20.0,RF_depth6_leaf10,0,0.5104218877607618
halo_level,F,regression,20.0,RF_depth6_leaf10,1,0.5289765753921262
halo_level,F,regression,20.0,RF_depth6_leaf10,2,0.4992540060981161
halo_level,F,regression,20.0,RF_depthNone_leaf30,0,0.5082990282098484
halo_level,F,regression,20.0,RF_depthNone_leaf30,1,0.5291854469106789
halo_level,F,regression,20.0,RF_depthNone_leaf30,2,0.49927384956550475
halo_level,F,classification,1.0,Dummy,0,0.23808484360583976
halo_level,F,classification,1.0,Dummy,1,0.23529047629972813
halo_level,F,classification,1.0,Dummy,2,0.23184558501293726
halo_level,F,classification,1.0,Logistic,0,0.2305684126684097
halo_level,F,classification,1.0,Logistic,1,0.22513472462775783
halo_level,F,classification,1.0,Logistic,2,0.23315812549546017
halo_level,F,classification,1.0,RF_depth6_leaf10,0,0.2313024510573038
halo_level,F,classification,1.0,RF_depth6_leaf10,1,0.23034168497968618
halo_level,F,classification,1.0,RF_depth6_leaf10,2,0.2347874397658657
halo_level,F,classification,1.0,RF_depthNone_leaf30,0,0.23353918864813955
halo_level,F,classification,1.0,RF_depthNone_leaf30,1,0.23239005439840105
halo_level,F,classification,1.0,RF_depthNone_leaf30,2,0.2365089346836131
halo_level,F,classification,2.0,Dummy,0,0.23808484360583976
halo_level,F,classification,2.0,Dummy,1,0.23529047629972813
halo_level,F,classification,2.0,Dummy,2,0.23184558501293726
halo_level,F,classification,2.0,Logistic,0,0.21197313608909468
halo_level,F,classification,2.0,Logistic,1,0.20674971801228678
halo_level,F,classification,2.0,Logistic,2,0.22499834586298748
halo_level,F,classification,2.0,RF_depth6_leaf10,0,0.21334367061945514
halo_level,F,classification,2.0,RF_depth6_leaf10,1,0.2148865877588209
halo_level,F,classification,2.0,RF_depth6_leaf10,2,0.23011770914563887
halo_level,F,classification,2.0,RF_depthNone_leaf30,0,0.21395298271747532
halo_level,F,classification,2.0,RF_depthNone_leaf30,1,0.21392670779023376
halo_level,F,classification,2.0,RF_depthNone_leaf30,2,0.22911212680476922
halo_level,F,classification,3.0,Dummy,0,0.23808484360583976
halo_level,F,classification,3.0,Dummy,1,0.23529047629972813
halo_level,F,classification,3.0,Dummy,2,0.23184558501293726
halo_level,F,classification,3.0,Logistic,0,0.18940806982687997
halo_level,F,classification,3.0,Logistic,1,0.19106579839764337
halo_level,F,classification,3.0,Logistic,2,0.21177598571587075
halo_level,F,classification,3.0,RF_depth6_leaf10,0,0.19412606720426398
halo_level,F,classification,3.0,RF_depth6_leaf10,1,0.19505285808341433
halo_level,F,classification,3.0,RF_depth6_leaf10,2,0.21575248218179932
halo_level,F,classification,3.0,RF_depthNone_leaf30,0,0.19481931643925143
halo_level,F,classification,3.0,RF_depthNone_leaf30,1,0.1952686481407794
halo_level,F,classification,3.0,RF_depthNone_leaf30,2,0.2163772246166595
halo_level,F,classification,5.0,Dummy,0,0.23808484360583976
halo_level,F,classification,5.0,Dummy,1,0.23529047629972813
halo_level,F,classification,5.0,Dummy,2,0.23184558501293726
halo_level,F,classification,5.0,Logistic,0,0.16004945901933237
halo_level,F,classification,5.0,Logistic,1,0.156953172694935
halo_level,F,classification,5.0,Logistic,2,0.18156265364834637
halo_level,F,classification,5.0,RF_depth6_leaf10,0,0.16426875606137462
halo_level,F,classification,5.0,RF_depth6_leaf10,1,0.16392269259575937
halo_level,F,classification,5.0,RF_depth6_leaf10,2,0.18794084976323858
halo_level,F,classification,5.0,RF_depthNone_leaf30,0,0.1629627371386157
halo_level,F,classification,5.0,RF_depthNone_leaf30,1,0.16251994042244475
halo_level,F,classification,5.0,RF_depthNone_leaf30,2,0.1871627165504549
halo_level,F,classification,8.0,Dummy,0,0.23808484360583976
halo_level,F,classification,8.0,Dummy,1,0.23529047629972813
halo_level,F,classification,8.0,Dummy,2,0.23184558501293726
halo_level,F,classification,8.0,Logistic,0,0.13318892560307802
halo_level,F,classification,8.0,Logistic,1,0.11218132150966231
halo_level,F,classification,8.0,Logistic,2,0.13239553480132987
halo_level,F,classification,8.0,RF_depth6_leaf10,0,0.1366408374274998
halo_level,F,classification,8.0,RF_depth6_leaf10,1,0.11948817138997432
halo_level,F,classification,8.0,RF_depth6_leaf10,2,0.13556172969342353
halo_level,F,classification,8.0,RF_depthNone_leaf30,0,0.13439820077082854
halo_level,F,classification,8.0,RF_depthNone_leaf30,1,0.11586124006999628
halo_level,F,classification,8.0,RF_depthNone_leaf30,2,0.134430055094712
halo_level,F,classification,10.0,Dummy,0,0.23808484360583976
halo_level,F,classification,10.0,Dummy,1,0.23529047629972813
halo_level,F,classification,10.0,Dummy,2,0.23184558501293726
halo_level,F,classification,10.0,Logistic,0,0.12434051836300394
halo_level,F,classification,10.0,Logistic,1,0.10302528664191458
halo_level,F,classification,10.0,Logistic,2,0.11097201452123895
halo_level,F,classification,10.0,RF_depth6_leaf10,0,0.12723243273149343
halo_level,F,classification,10.0,RF_depth6_leaf10,1,0.10782424842323393
halo_level,F,classification,10.0,RF_depth6_leaf10,2,0.11584108128529665
halo_level,F,classification,10.0,RF_depthNone_leaf30,0,0.127058630994418
halo_level,F,classification,10.0,RF_depthNone_leaf30,1,0.10686307659135207
halo_level,F,classification,10.0,RF_depthNone_leaf30,2,0.11413744536008645
halo_level,F,classification,15.0,Dummy,0,0.23808484360583976
halo_level,F,classification,15.0,Dummy,1,0.23529047629972813
halo_level,F,classification,15.0,Dummy,2,0.23184558501293726
halo_level,F,classification,15.0,Logistic,0,0.13109874901079288
halo_level,F,classification,15.0,Logistic,1,0.1201807830803817
halo_level,F,classification,15.0,Logistic,2,0.11331984388336151
halo_level,F,classification,15.0,RF_depth6_leaf10,0,0.1329713237410262
halo_level,F,classification,15.0,RF_depth6_leaf10,1,0.1243078128857179
halo_level,F,classification,15.0,RF_depth6_leaf10,2,0.11844639993351609
halo_level,F,classification,15.0,RF_depthNone_leaf30,0,0.13318944411962544
halo_level,F,classification,15.0,RF_depthNone_leaf30,1,0.12199395659678543
halo_level,F,classification,15.0,RF_depthNone_leaf30,2,0.11770294153085066
halo_level,F,classification,20.0,Dummy,0,0.23808484360583976
halo_level,F,classification,20.0,Dummy,1,0.23529047629972813
halo_level,F,classification,20.0,Dummy,2,0.23184558501293726
halo_level,F,classification,20.0,Logistic,0,0.15848328206582588
halo_level,F,classification,20.0,Logistic,1,0.144109486671455
halo_level,F,classification,20.0,Logistic,2,0.14004957793779282
halo_level,F,classification,20.0,RF_depth6_leaf10,0,0.16214477005213812
halo_level,F,classification,20.0,RF_depth6_leaf10,1,0.14928918270350197
halo_level,F,classification,20.0,RF_depth6_leaf10,2,0.13824342725528743
halo_level,F,classification,20.0,RF_depthNone_leaf30,0,0.16235021706901992
halo_level,F,classification,20.0,RF_depthNone_leaf30,1,0.14969528097245025
halo_level,F,classification,20.0,RF_depthNone_leaf30,2,0.13715153783577513
unique_descendant,A,regression,,Dummy,0,0.5834511854955892
unique_descendant,A,regression,,Dummy,1,0.5769972026519369
unique_descendant,A,regression,,Dummy,2,0.5710069460987003
unique_descendant,A,regression,,Linear,0,0.5325229904978619
unique_descendant,A,regression,,Linear,1,0.5332730237480874
unique_descendant,A,regression,,Linear,2,0.5406996098821009
unique_descendant,A,regression,,RF_depth6_leaf10,0,0.5419766490324943
unique_descendant,A,regression,,RF_depth6_leaf10,1,0.5412775178968777
unique_descendant,A,regression,,RF_depth6_leaf10,2,0.557865476394542
unique_descendant,A,regression,,RF_depthNone_leaf30,0,0.5421676329091188
unique_descendant,A,regression,,RF_depthNone_leaf30,1,0.5359491940356353
unique_descendant,A,regression,,RF_depthNone_leaf30,2,0.5467824319904204
unique_descendant,A,classification,,Dummy,0,0.12972440375552066
unique_descendant,A,classification,,Dummy,1,0.12700374117395613
unique_descendant,A,classification,,Dummy,2,0.13144288381414107
unique_descendant,A,classification,,Logistic,0,0.11213810845104862
unique_descendant,A,classification,,Logistic,1,0.11682714005398634
unique_descendant,A,classification,,Logistic,2,0.1232229641874499
unique_descendant,A,classification,,RF_depth6_leaf10,0,0.12139341193209058
unique_descendant,A,classification,,RF_depth6_leaf10,1,0.12233648284764069
unique_descendant,A,classification,,RF_depth6_leaf10,2,0.13212057154674325
unique_descendant,A,classification,,RF_depthNone_leaf30,0,0.11915255069355897
unique_descendant,A,classification,,RF_depthNone_leaf30,1,0.11912455226046668
unique_descendant,A,classification,,RF_depthNone_leaf30,2,0.12783704742413002
unique_descendant,B,regression,,Dummy,0,0.5834511854955892
unique_descendant,B,regression,,Dummy,1,0.5769972026519369
unique_descendant,B,regression,,Dummy,2,0.5710069460987003
unique_descendant,B,regression,,Linear,0,0.5347379776249176
unique_descendant,B,regression,,Linear,1,0.5366122574056434
unique_descendant,B,regression,,Linear,2,0.5402371065447353
unique_descendant,B,regression,,RF_depth6_leaf10,0,0.5455393991491903
unique_descendant,B,regression,,RF_depth6_leaf10,1,0.5382656229166175
unique_descendant,B,regression,,RF_depth6_leaf10,2,0.5613053234990174
unique_descendant,B,regression,,RF_depthNone_leaf30,0,0.5382547219843603
unique_descendant,B,regression,,RF_depthNone_leaf30,1,0.5378850953371536
unique_descendant,B,regression,,RF_depthNone_leaf30,2,0.551880857583737
unique_descendant,B,classification,,Dummy,0,0.12972440375552066
unique_descendant,B,classification,,Dummy,1,0.12700374117395613
unique_descendant,B,classification,,Dummy,2,0.13144288381414107
unique_descendant,B,classification,,Logistic,0,0.11432072653059844
unique_descendant,B,classification,,Logistic,1,0.11926341390897542
unique_descendant,B,classification,,Logistic,2,0.1247174106188603
unique_descendant,B,classification,,RF_depth6_leaf10,0,0.1186346305463521
unique_descendant,B,classification,,RF_depth6_leaf10,1,0.12084844683267514
unique_descendant,B,classification,,RF_depth6_leaf10,2,0.13409787365032066
unique_descendant,B,classification,,RF_depthNone_leaf30,0,0.11562177185542026
unique_descendant,B,classification,,RF_depthNone_leaf30,1,0.11946338541422326
unique_descendant,B,classification,,RF_depthNone_leaf30,2,0.12833152955345042
unique_descendant,C,regression,1.0,Dummy,0,0.5834511854955892
unique_descendant,C,regression,1.0,Dummy,1,0.5769972026519369
unique_descendant,C,regression,1.0,Dummy,2,0.5710069460987003
unique_descendant,C,regression,1.0,Linear,0,0.5284463549001159
unique_descendant,C,regression,1.0,Linear,1,0.5282994863800394
unique_descendant,C,regression,1.0,Linear,2,0.5362374746069133
unique_descendant,C,regression,1.0,RF_depth6_leaf10,0,0.5386766029820531
unique_descendant,C,regression,1.0,RF_depth6_leaf10,1,0.5401632665398305
unique_descendant,C,regression,1.0,RF_depth6_leaf10,2,0.5542667517396612
unique_descendant,C,regression,1.0,RF_depthNone_leaf30,0,0.5395301571482337
unique_descendant,C,regression,1.0,RF_depthNone_leaf30,1,0.535268109830565
unique_descendant,C,regression,1.0,RF_depthNone_leaf30,2,0.5450266387186626
unique_descendant,C,regression,2.0,Dummy,0,0.5834511854955892
unique_descendant,C,regression,2.0,Dummy,1,0.5769972026519369
unique_descendant,C,regression,2.0,Dummy,2,0.5710069460987003
unique_descendant,C,regression,2.0,Linear,0,0.5203543920226554
unique_descendant,C,regression,2.0,Linear,1,0.5212355509603166
unique_descendant,C,regression,2.0,Linear,2,0.5264942631664422
unique_descendant,C,regression,2.0,RF_depth6_leaf10,0,0.5307604748301366
unique_descendant,C,regression,2.0,RF_depth6_leaf10,1,0.5341559168762121
unique_descendant,C,regression,2.0,RF_depth6_leaf10,2,0.5402385527851107
unique_descendant,C,regression,2.0,RF_depthNone_leaf30,0,0.5319208029209094
unique_descendant,C,regression,2.0,RF_depthNone_leaf30,1,0.531398199717561
unique_descendant,C,regression,2.0,RF_depthNone_leaf30,2,0.5324652479595857
unique_descendant,C,regression,3.0,Dummy,0,0.5834511854955892
unique_descendant,C,regression,3.0,Dummy,1,0.5769972026519369
unique_descendant,C,regression,3.0,Dummy,2,0.5710069460987003
unique_descendant,C,regression,3.0,Linear,0,0.51030542721299
unique_descendant,C,regression,3.0,Linear,1,0.5136017954091765
unique_descendant,C,regression,3.0,Linear,2,0.5141885446049106
unique_descendant,C,regression,3.0,RF_depth6_leaf10,0,0.5151805319173347
unique_descendant,C,regression,3.0,RF_depth6_leaf10,1,0.5230616475810228
unique_descendant,C,regression,3.0,RF_depth6_leaf10,2,0.528882631820209
unique_descendant,C,regression,3.0,RF_depthNone_leaf30,0,0.5128471868565567
unique_descendant,C,regression,3.0,RF_depthNone_leaf30,1,0.5221462040402056
unique_descendant,C,regression,3.0,RF_depthNone_leaf30,2,0.518729267520994
unique_descendant,C,regression,5.0,Dummy,0,0.5834511854955892
unique_descendant,C,regression,5.0,Dummy,1,0.5769972026519369
unique_descendant,C,regression,5.0,Dummy,2,0.5710069460987003
unique_descendant,C,regression,5.0,Linear,0,0.49930619623589023
unique_descendant,C,regression,5.0,Linear,1,0.4990677579096484
unique_descendant,C,regression,5.0,Linear,2,0.5068453271971222
unique_descendant,C,regression,5.0,RF_depth6_leaf10,0,0.5031995401329352
unique_descendant,C,regression,5.0,RF_depth6_leaf10,1,0.5047560193620437
unique_descendant,C,regression,5.0,RF_depth6_leaf10,2,0.5136480747854053
unique_descendant,C,regression,5.0,RF_depthNone_leaf30,0,0.5044487494130694
unique_descendant,C,regression,5.0,RF_depthNone_leaf30,1,0.5041074614635958
unique_descendant,C,regression,5.0,RF_depthNone_leaf30,2,0.5047123612878833
unique_descendant,C,regression,8.0,Dummy,0,0.5834511854955892
unique_descendant,C,regression,8.0,Dummy,1,0.5769972026519369
unique_descendant,C,regression,8.0,Dummy,2,0.5710069460987003
unique_descendant,C,regression,8.0,Linear,0,0.4836034696867363
unique_descendant,C,regression,8.0,Linear,1,0.4727163900544719
unique_descendant,C,regression,8.0,Linear,2,0.4830107286917418
unique_descendant,C,regression,8.0,RF_depth6_leaf10,0,0.4931008265014702
unique_descendant,C,regression,8.0,RF_depth6_leaf10,1,0.47785517082875645
unique_descendant,C,regression,8.0,RF_depth6_leaf10,2,0.47926655765304216
unique_descendant,C,regression,8.0,RF_depthNone_leaf30,0,0.4849370441519992
unique_descendant,C,regression,8.0,RF_depthNone_leaf30,1,0.4720726950283482
unique_descendant,C,regression,8.0,RF_depthNone_leaf30,2,0.4746142023829478
unique_descendant,C,regression,10.0,Dummy,0,0.5834511854955892
unique_descendant,C,regression,10.0,Dummy,1,0.5769972026519369
unique_descendant,C,regression,10.0,Dummy,2,0.5710069460987003
unique_descendant,C,regression,10.0,Linear,0,0.48288269914493226
unique_descendant,C,regression,10.0,Linear,1,0.4685497826809112
unique_descendant,C,regression,10.0,Linear,2,0.5011787794126602
unique_descendant,C,regression,10.0,RF_depth6_leaf10,0,0.47850426491788756
unique_descendant,C,regression,10.0,RF_depth6_leaf10,1,0.47101810805399674
unique_descendant,C,regression,10.0,RF_depth6_leaf10,2,0.49424488299373825
unique_descendant,C,regression,10.0,RF_depthNone_leaf30,0,0.4768821189679955
unique_descendant,C,regression,10.0,RF_depthNone_leaf30,1,0.4687537644592646
unique_descendant,C,regression,10.0,RF_depthNone_leaf30,2,0.488459434818617
unique_descendant,C,regression,15.0,Dummy,0,0.5834511854955892
unique_descendant,C,regression,15.0,Dummy,1,0.5769972026519369
unique_descendant,C,regression,15.0,Dummy,2,0.5710069460987003
unique_descendant,C,regression,15.0,Linear,0,0.5084601239340875
unique_descendant,C,regression,15.0,Linear,1,0.4915023394286398
unique_descendant,C,regression,15.0,Linear,2,0.5062697835001342
unique_descendant,C,regression,15.0,RF_depth6_leaf10,0,0.4911919478580671
unique_descendant,C,regression,15.0,RF_depth6_leaf10,1,0.494505052491478
unique_descendant,C,regression,15.0,RF_depth6_leaf10,2,0.5082463159878516
unique_descendant,C,regression,15.0,RF_depthNone_leaf30,0,0.49386083232684097
unique_descendant,C,regression,15.0,RF_depthNone_leaf30,1,0.49240922028334316
unique_descendant,C,regression,15.0,RF_depthNone_leaf30,2,0.5115963960013205
unique_descendant,C,regression,20.0,Dummy,0,0.5834511854955892
unique_descendant,C,regression,20.0,Dummy,1,0.5769972026519369
unique_descendant,C,regression,20.0,Dummy,2,0.5710069460987003
unique_descendant,C,regression,20.0,Linear,0,0.5106216863886907
unique_descendant,C,regression,20.0,Linear,1,0.5084978302450172
unique_descendant,C,regression,20.0,Linear,2,0.5184762894276137
unique_descendant,C,regression,20.0,RF_depth6_leaf10,0,0.49756906382154165
unique_descendant,C,regression,20.0,RF_depth6_leaf10,1,0.5177924181633639
unique_descendant,C,regression,20.0,RF_depth6_leaf10,2,0.5247317425563722
unique_descendant,C,regression,20.0,RF_depthNone_leaf30,0,0.49412326262232115
unique_descendant,C,regression,20.0,RF_depthNone_leaf30,1,0.5118246738147322
unique_descendant,C,regression,20.0,RF_depthNone_leaf30,2,0.5179584463733734
unique_descendant,C,classification,1.0,Dummy,0,0.12972440375552066
unique_descendant,C,classification,1.0,Dummy,1,0.12700374117395613
unique_descendant,C,classification,1.0,Dummy,2,0.13144288381414107
unique_descendant,C,classification,1.0,Logistic,0,0.11170221178862166
unique_descendant,C,classification,1.0,Logistic,1,0.11599413372062313
unique_descendant,C,classification,1.0,Logistic,2,0.12338534065020494
unique_descendant,C,classification,1.0,RF_depth6_leaf10,0,0.11872449226379109
unique_descendant,C,classification,1.0,RF_depth6_leaf10,1,0.12001249496324559
unique_descendant,C,classification,1.0,RF_depth6_leaf10,2,0.1321121988470705
unique_descendant,C,classification,1.0,RF_depthNone_leaf30,0,0.11700304163679731
unique_descendant,C,classification,1.0,RF_depthNone_leaf30,1,0.11855941265002959
unique_descendant,C,classification,1.0,RF_depthNone_leaf30,2,0.1271916426422641
unique_descendant,C,classification,2.0,Dummy,0,0.12972440375552066
unique_descendant,C,classification,2.0,Dummy,1,0.12700374117395613
unique_descendant,C,classification,2.0,Dummy,2,0.13144288381414107
unique_descendant,C,classification,2.0,Logistic,0,0.11093227599635452
unique_descendant,C,classification,2.0,Logistic,1,0.11567224757264623
unique_descendant,C,classification,2.0,Logistic,2,0.1207337512528608
unique_descendant,C,classification,2.0,RF_depth6_leaf10,0,0.11939264405995112
unique_descendant,C,classification,2.0,RF_depth6_leaf10,1,0.11886059459305355
unique_descendant,C,classification,2.0,RF_depth6_leaf10,2,0.12881858915962838
unique_descendant,C,classification,2.0,RF_depthNone_leaf30,0,0.11595013000766441
unique_descendant,C,classification,2.0,RF_depthNone_leaf30,1,0.11784585400709696
unique_descendant,C,classification,2.0,RF_depthNone_leaf30,2,0.12413425727309393
unique_descendant,C,classification,3.0,Dummy,0,0.12972440375552066
unique_descendant,C,classification,3.0,Dummy,1,0.12700374117395613
unique_descendant,C,classification,3.0,Dummy,2,0.13144288381414107
unique_descendant,C,classification,3.0,Logistic,0,0.10775640635726377
unique_descendant,C,classification,3.0,Logistic,1,0.11468711933211738
unique_descendant,C,classification,3.0,Logistic,2,0.11744612973012013
unique_descendant,C,classification,3.0,RF_depth6_leaf10,0,0.11507360569878211
unique_descendant,C,classification,3.0,RF_depth6_leaf10,1,0.11495980328413555
unique_descendant,C,classification,3.0,RF_depth6_leaf10,2,0.12625356522349873
unique_descendant,C,classification,3.0,RF_depthNone_leaf30,0,0.11088388308598306
unique_descendant,C,classification,3.0,RF_depthNone_leaf30,1,0.11556475730971423
unique_descendant,C,classification,3.0,RF_depthNone_leaf30,2,0.12184093179136173
unique_descendant,C,classification,5.0,Dummy,0,0.12972440375552066
unique_descendant,C,classification,5.0,Dummy,1,0.12700374117395613
unique_descendant,C,classification,5.0,Dummy,2,0.13144288381414107
unique_descendant,C,classification,5.0,Logistic,0,0.10442005604141681
unique_descendant,C,classification,5.0,Logistic,1,0.10999582139314747
unique_descendant,C,classification,5.0,Logistic,2,0.11476428400189327
unique_descendant,C,classification,5.0,RF_depth6_leaf10,0,0.11127722570893844
unique_descendant,C,classification,5.0,RF_depth6_leaf10,1,0.11259560892910449
unique_descendant,C,classification,5.0,RF_depth6_leaf10,2,0.12312201875890819
unique_descendant,C,classification,5.0,RF_depthNone_leaf30,0,0.10622509535454991
unique_descendant,C,classification,5.0,RF_depthNone_leaf30,1,0.11244351884124425
unique_descendant,C,classification,5.0,RF_depthNone_leaf30,2,0.11874794191392885
unique_descendant,C,classification,8.0,Dummy,0,0.12972440375552066
unique_descendant,C,classification,8.0,Dummy,1,0.12700374117395613
unique_descendant,C,classification,8.0,Dummy,2,0.13144288381414107
unique_descendant,C,classification,8.0,Logistic,0,0.09741246398015525
unique_descendant,C,classification,8.0,Logistic,1,0.09968822334338788
unique_descendant,C,classification,8.0,Logistic,2,0.10118623568531951
unique_descendant,C,classification,8.0,RF_depth6_leaf10,0,0.10443584509477913
unique_descendant,C,classification,8.0,RF_depth6_leaf10,1,0.10311313961018216
unique_descendant,C,classification,8.0,RF_depth6_leaf10,2,0.10844321382009932
unique_descendant,C,classification,8.0,RF_depthNone_leaf30,0,0.10137279690271493
unique_descendant,C,classification,8.0,RF_depthNone_leaf30,1,0.10409170237424764
unique_descendant,C,classification,8.0,RF_depthNone_leaf30,2,0.10928456492002453
unique_descendant,C,classification,10.0,Dummy,0,0.12972440375552066
unique_descendant,C,classification,10.0,Dummy,1,0.12700374117395613
unique_descendant,C,classification,10.0,Dummy,2,0.13144288381414107
unique_descendant,C,classification,10.0,Logistic,0,0.09673753026815146
unique_descendant,C,classification,10.0,Logistic,1,0.09181678662461525
unique_descendant,C,classification,10.0,Logistic,2,0.10333199813259396
unique_descendant,C,classification,10.0,RF_depth6_leaf10,0,0.09987388483388192
unique_descendant,C,classification,10.0,RF_depth6_leaf10,1,0.09384438900759481
unique_descendant,C,classification,10.0,RF_depth6_leaf10,2,0.1064611713914837
unique_descendant,C,classification,10.0,RF_depthNone_leaf30,0,0.09901914480317697
unique_descendant,C,classification,10.0,RF_depthNone_leaf30,1,0.09556724021032871
unique_descendant,C,classification,10.0,RF_depthNone_leaf30,2,0.10524709779591965
unique_descendant,C,classification,15.0,Dummy,0,0.12972440375552066
unique_descendant,C,classification,15.0,Dummy,1,0.12700374117395613
unique_descendant,C,classification,15.0,Dummy,2,0.13144288381414107
unique_descendant,C,classification,15.0,Logistic,0,0.10602033806731072
unique_descendant,C,classification,15.0,Logistic,1,0.0955181221417726
unique_descendant,C,classification,15.0,Logistic,2,0.1025236218158779
unique_descendant,C,classification,15.0,RF_depth6_leaf10,0,0.10564087698539024
unique_descendant,C,classification,15.0,RF_depth6_leaf10,1,0.09601967285999413
unique_descendant,C,classification,15.0,RF_depth6_leaf10,2,0.10747863188116748
unique_descendant,C,classification,15.0,RF_depthNone_leaf30,0,0.10525405278836335
unique_descendant,C,classification,15.0,RF_depthNone_leaf30,1,0.09560357418626743
unique_descendant,C,classification,15.0,RF_depthNone_leaf30,2,0.10725150932490554
unique_descendant,C,classification,20.0,Dummy,0,0.12972440375552066
unique_descendant,C,classification,20.0,Dummy,1,0.12700374117395613
unique_descendant,C,classification,20.0,Dummy,2,0.13144288381414107
unique_descendant,C,classification,20.0,Logistic,0,0.10482007711263087
unique_descendant,C,classification,20.0,Logistic,1,0.10082154661191925
unique_descendant,C,classification,20.0,Logistic,2,0.11293667564420205
unique_descendant,C,classification,20.0,RF_depth6_leaf10,0,0.10040185649369014
unique_descendant,C,classification,20.0,RF_depth6_leaf10,1,0.10361397619755823
unique_descendant,C,classification,20.0,RF_depth6_leaf10,2,0.112545120179487
unique_descendant,C,classification,20.0,RF_depthNone_leaf30,0,0.10141051704098512
unique_descendant,C,classification,20.0,RF_depthNone_leaf30,1,0.10157724854217426
unique_descendant,C,classification,20.0,RF_depthNone_leaf30,2,0.11095206468099504
unique_descendant,D,regression,1.0,Dummy,0,0.5834511854955892
unique_descendant,D,regression,1.0,Dummy,1,0.5769972026519369
unique_descendant,D,regression,1.0,Dummy,2,0.5710069460987003
unique_descendant,D,regression,1.0,Linear,0,0.5123644586876573
unique_descendant,D,regression,1.0,Linear,1,0.5141529116071952
unique_descendant,D,regression,1.0,Linear,2,0.517133348478947
unique_descendant,D,regression,1.0,RF_depth6_leaf10,0,0.5242189282568388
unique_descendant,D,regression,1.0,RF_depth6_leaf10,1,0.5215368120639488
unique_descendant,D,regression,1.0,RF_depth6_leaf10,2,0.5245021268286003
unique_descendant,D,regression,1.0,RF_depthNone_leaf30,0,0.5190300320418108
unique_descendant,D,regression,1.0,RF_depthNone_leaf30,1,0.5158357449116511
unique_descendant,D,regression,1.0,RF_depthNone_leaf30,2,0.515855567464134
unique_descendant,D,regression,2.0,Dummy,0,0.5834511854955892
unique_descendant,D,regression,2.0,Dummy,1,0.5769972026519369
unique_descendant,D,regression,2.0,Dummy,2,0.5710069460987003
unique_descendant,D,regression,2.0,Linear,0,0.47524144379299005
unique_descendant,D,regression,2.0,Linear,1,0.4856323742187668
unique_descendant,D,regression,2.0,Linear,2,0.4759723727676968
unique_descendant,D,regression,2.0,RF_depth6_leaf10,0,0.4790792354917455
unique_descendant,D,regression,2.0,RF_depth6_leaf10,1,0.4877352864321674
unique_descendant,D,regression,2.0,RF_depth6_leaf10,2,0.4736053319475545
unique_descendant,D,regression,2.0,RF_depthNone_leaf30,0,0.4752165690509964
unique_descendant,D,regression,2.0,RF_depthNone_leaf30,1,0.4879148335099598
unique_descendant,D,regression,2.0,RF_depthNone_leaf30,2,0.47388461038201635
unique_descendant,D,regression,3.0,Dummy,0,0.5834511854955892
unique_descendant,D,regression,3.0,Dummy,1,0.5769972026519369
unique_descendant,D,regression,3.0,Dummy,2,0.5710069460987003
unique_descendant,D,regression,3.0,Linear,0,0.44406481596402503
unique_descendant,D,regression,3.0,Linear,1,0.4474974010512365
unique_descendant,D,regression,3.0,Linear,2,0.43709696398926867
unique_descendant,D,regression,3.0,RF_depth6_leaf10,0,0.44314719953605913
unique_descendant,D,regression,3.0,RF_depth6_leaf10,1,0.4546414117911784
unique_descendant,D,regression,3.0,RF_depth6_leaf10,2,0.4341986128620044
unique_descendant,D,regression,3.0,RF_depthNone_leaf30,0,0.44134768264675034
unique_descendant,D,regression,3.0,RF_depthNone_leaf30,1,0.44798216446101413
unique_descendant,D,regression,3.0,RF_depthNone_leaf30,2,0.4319467278839576
unique_descendant,D,regression,5.0,Dummy,0,0.5834511854955892
unique_descendant,D,regression,5.0,Dummy,1,0.5769972026519369
unique_descendant,D,regression,5.0,Dummy,2,0.5710069460987003
unique_descendant,D,regression,5.0,Linear,0,0.40961295312920726
unique_descendant,D,regression,5.0,Linear,1,0.3934176788834177
unique_descendant,D,regression,5.0,Linear,2,0.3852125836560585
unique_descendant,D,regression,5.0,RF_depth6_leaf10,0,0.3910981209064023
unique_descendant,D,regression,5.0,RF_depth6_leaf10,1,0.3936238799688443
unique_descendant,D,regression,5.0,RF_depth6_leaf10,2,0.3757963138102144
unique_descendant,D,regression,5.0,RF_depthNone_leaf30,0,0.3889363090237035
unique_descendant,D,regression,5.0,RF_depthNone_leaf30,1,0.391506104059238
unique_descendant,D,regression,5.0,RF_depthNone_leaf30,2,0.3747260675865076
unique_descendant,D,regression,8.0,Dummy,0,0.5834511854955892
unique_descendant,D,regression,8.0,Dummy,1,0.5769972026519369
unique_descendant,D,regression,8.0,Dummy,2,0.5710069460987003
unique_descendant,D,regression,8.0,Linear,0,0.396032469298678
unique_descendant,D,regression,8.0,Linear,1,0.3708254415980638
unique_descendant,D,regression,8.0,Linear,2,0.3695796751819093
unique_descendant,D,regression,8.0,RF_depth6_leaf10,0,0.3945193056772876
unique_descendant,D,regression,8.0,RF_depth6_leaf10,1,0.365979346590142
unique_descendant,D,regression,8.0,RF_depth6_leaf10,2,0.36671906297248263
unique_descendant,D,regression,8.0,RF_depthNone_leaf30,0,0.3911289813904243
unique_descendant,D,regression,8.0,RF_depthNone_leaf30,1,0.36117066940977394
unique_descendant,D,regression,8.0,RF_depthNone_leaf30,2,0.36270625268807133
unique_descendant,D,regression,10.0,Dummy,0,0.5834511854955892
unique_descendant,D,regression,10.0,Dummy,1,0.5769972026519369
unique_descendant,D,regression,10.0,Dummy,2,0.5710069460987003
unique_descendant,D,regression,10.0,Linear,0,0.4167409906517163
unique_descendant,D,regression,10.0,Linear,1,0.38706315317180673
unique_descendant,D,regression,10.0,Linear,2,0.3944297407925788
unique_descendant,D,regression,10.0,RF_depth6_leaf10,0,0.41449245277150315
unique_descendant,D,regression,10.0,RF_depth6_leaf10,1,0.3898461227961149
unique_descendant,D,regression,10.0,RF_depth6_leaf10,2,0.3956211249182875
unique_descendant,D,regression,10.0,RF_depthNone_leaf30,0,0.4149135930036986
unique_descendant,D,regression,10.0,RF_depthNone_leaf30,1,0.39027863209309327
unique_descendant,D,regression,10.0,RF_depthNone_leaf30,2,0.3920697987027522
unique_descendant,D,regression,15.0,Dummy,0,0.5834511854955892
unique_descendant,D,regression,15.0,Dummy,1,0.5769972026519369
unique_descendant,D,regression,15.0,Dummy,2,0.5710069460987003
unique_descendant,D,regression,15.0,Linear,0,0.4592453179356229
unique_descendant,D,regression,15.0,Linear,1,0.4533272274721303
unique_descendant,D,regression,15.0,Linear,2,0.4576730204647572
unique_descendant,D,regression,15.0,RF_depth6_leaf10,0,0.4582759371816479
unique_descendant,D,regression,15.0,RF_depth6_leaf10,1,0.4614057371786902
unique_descendant,D,regression,15.0,RF_depth6_leaf10,2,0.4611603637483309
unique_descendant,D,regression,15.0,RF_depthNone_leaf30,0,0.45965544157684046
unique_descendant,D,regression,15.0,RF_depthNone_leaf30,1,0.46076449665284047
unique_descendant,D,regression,15.0,RF_depthNone_leaf30,2,0.4589673344958269
unique_descendant,D,regression,20.0,Dummy,0,0.5834511854955892
unique_descendant,D,regression,20.0,Dummy,1,0.5769972026519369
unique_descendant,D,regression,20.0,Dummy,2,0.5710069460987003
unique_descendant,D,regression,20.0,Linear,0,0.48650717445402275
unique_descendant,D,regression,20.0,Linear,1,0.4923833419390554
unique_descendant,D,regression,20.0,Linear,2,0.5014620458194458
unique_descendant,D,regression,20.0,RF_depth6_leaf10,0,0.48817305223150875
unique_descendant,D,regression,20.0,RF_depth6_leaf10,1,0.49980845534863283
unique_descendant,D,regression,20.0,RF_depth6_leaf10,2,0.5130340426690414
unique_descendant,D,regression,20.0,RF_depthNone_leaf30,0,0.4855031689750308
unique_descendant,D,regression,20.0,RF_depthNone_leaf30,1,0.49942246276706803
unique_descendant,D,regression,20.0,RF_depthNone_leaf30,2,0.508295787336564
unique_descendant,D,classification,1.0,Dummy,0,0.12972440375552066
unique_descendant,D,classification,1.0,Dummy,1,0.12700374117395613
unique_descendant,D,classification,1.0,Dummy,2,0.13144288381414107
unique_descendant,D,classification,1.0,Logistic,0,0.10944989719255091
unique_descendant,D,classification,1.0,Logistic,1,0.11289595935861506
unique_descendant,D,classification,1.0,Logistic,2,0.12551842642596875
unique_descendant,D,classification,1.0,RF_depth6_leaf10,0,0.1161734763751488
unique_descendant,D,classification,1.0,RF_depth6_leaf10,1,0.11863954030221505
unique_descendant,D,classification,1.0,RF_depth6_leaf10,2,0.13533771723433857
unique_descendant,D,classification,1.0,RF_depthNone_leaf30,0,0.11321306100542997
unique_descendant,D,classification,1.0,RF_depthNone_leaf30,1,0.11660311796055478
unique_descendant,D,classification,1.0,RF_depthNone_leaf30,2,0.12679233541851656
unique_descendant,D,classification,2.0,Dummy,0,0.12972440375552066
unique_descendant,D,classification,2.0,Dummy,1,0.12700374117395613
unique_descendant,D,classification,2.0,Dummy,2,0.13144288381414107
unique_descendant,D,classification,2.0,Logistic,0,0.1024549117357958
unique_descendant,D,classification,2.0,Logistic,1,0.11221296812390495
unique_descendant,D,classification,2.0,Logistic,2,0.11619522149125236
unique_descendant,D,classification,2.0,RF_depth6_leaf10,0,0.1102293118328925
unique_descendant,D,classification,2.0,RF_depth6_leaf10,1,0.11469120869793857
unique_descendant,D,classification,2.0,RF_depth6_leaf10,2,0.12511681999468346
unique_descendant,D,classification,2.0,RF_depthNone_leaf30,0,0.10670492435003782
unique_descendant,D,classification,2.0,RF_depthNone_leaf30,1,0.11344551759501804
unique_descendant,D,classification,2.0,RF_depthNone_leaf30,2,0.12014334843593606
unique_descendant,D,classification,3.0,Dummy,0,0.12972440375552066
unique_descendant,D,classification,3.0,Dummy,1,0.12700374117395613
unique_descendant,D,classification,3.0,Dummy,2,0.13144288381414107
unique_descendant,D,classification,3.0,Logistic,0,0.09583013330974294
unique_descendant,D,classification,3.0,Logistic,1,0.10637454876639951
unique_descendant,D,classification,3.0,Logistic,2,0.10779221844201206
unique_descendant,D,classification,3.0,RF_depth6_leaf10,0,0.10623699142624506
unique_descendant,D,classification,3.0,RF_depth6_leaf10,1,0.11293116920661092
unique_descendant,D,classification,3.0,RF_depth6_leaf10,2,0.11242260644953452
unique_descendant,D,classification,3.0,RF_depthNone_leaf30,0,0.10265639870699424
unique_descendant,D,classification,3.0,RF_depthNone_leaf30,1,0.10831392448751048
unique_descendant,D,classification,3.0,RF_depthNone_leaf30,2,0.11295655057119734
unique_descendant,D,classification,5.0,Dummy,0,0.12972440375552066
unique_descendant,D,classification,5.0,Dummy,1,0.12700374117395613
unique_descendant,D,classification,5.0,Dummy,2,0.13144288381414107
unique_descendant,D,classification,5.0,Logistic,0,0.0929304008147618
unique_descendant,D,classification,5.0,Logistic,1,0.09003352895577127
unique_descendant,D,classification,5.0,Logistic,2,0.09712362510850671
unique_descendant,D,classification,5.0,RF_depth6_leaf10,0,0.10242372281591478
unique_descendant,D,classification,5.0,RF_depth6_leaf10,1,0.09752791493994568
unique_descendant,D,classification,5.0,RF_depth6_leaf10,2,0.10262026282163722
unique_descendant,D,classification,5.0,RF_depthNone_leaf30,0,0.0989872466580019
unique_descendant,D,classification,5.0,RF_depthNone_leaf30,1,0.09359576562461032
unique_descendant,D,classification,5.0,RF_depthNone_leaf30,2,0.09985709317420267
unique_descendant,D,classification,8.0,Dummy,0,0.12972440375552066
unique_descendant,D,classification,8.0,Dummy,1,0.12700374117395613
unique_descendant,D,classification,8.0,Dummy,2,0.13144288381414107
unique_descendant,D,classification,8.0,Logistic,0,0.08416543405755542
unique_descendant,D,classification,8.0,Logistic,1,0.0683677142632633
unique_descendant,D,classification,8.0,Logistic,2,0.07963447567508708
unique_descendant,D,classification,8.0,RF_depth6_leaf10,0,0.09001595564851922
unique_descendant,D,classification,8.0,RF_depth6_leaf10,1,0.07303516163307916
unique_descendant,D,classification,8.0,RF_depth6_leaf10,2,0.08339997220670463
unique_descendant,D,classification,8.0,RF_depthNone_leaf30,0,0.08883536288166125
unique_descendant,D,classification,8.0,RF_depthNone_leaf30,1,0.06986046172420238
unique_descendant,D,classification,8.0,RF_depthNone_leaf30,2,0.08071599595631618
unique_descendant,D,classification,10.0,Dummy,0,0.12972440375552066
unique_descendant,D,classification,10.0,Dummy,1,0.12700374117395613
unique_descendant,D,classification,10.0,Dummy,2,0.13144288381414107
unique_descendant,D,classification,10.0,Logistic,0,0.08885221246426842
unique_descendant,D,classification,10.0,Logistic,1,0.06092894362288645
unique_descendant,D,classification,10.0,Logistic,2,0.07300974232284775
unique_descendant,D,classification,10.0,RF_depth6_leaf10,0,0.09743664999827154
unique_descendant,D,classification,10.0,RF_depth6_leaf10,1,0.06547349698170664
unique_descendant,D,classification,10.0,RF_depth6_leaf10,2,0.07895651684755946
unique_descendant,D,classification,10.0,RF_depthNone_leaf30,0,0.09582594117604884
unique_descendant,D,classification,10.0,RF_depthNone_leaf30,1,0.06365903809303672
unique_descendant,D,classification,10.0,RF_depthNone_leaf30,2,0.07476552558196935
unique_descendant,D,classification,15.0,Dummy,0,0.12972440375552066
unique_descendant,D,classification,15.0,Dummy,1,0.12700374117395613
unique_descendant,D,classification,15.0,Dummy,2,0.13144288381414107
unique_descendant,D,classification,15.0,Logistic,0,0.09526106918623811
unique_descendant,D,classification,15.0,Logistic,1,0.07683671201813815
unique_descendant,D,classification,15.0,Logistic,2,0.09061634660051093
unique_descendant,D,classification,15.0,RF_depth6_leaf10,0,0.09353174552569565
unique_descendant,D,classification,15.0,RF_depth6_leaf10,1,0.07796949024117811
unique_descendant,D,classification,15.0,RF_depth6_leaf10,2,0.09163627773455514
unique_descendant,D,classification,15.0,RF_depthNone_leaf30,0,0.09278058362573031
unique_descendant,D,classification,15.0,RF_depthNone_leaf30,1,0.07884947424042575
unique_descendant,D,classification,15.0,RF_depthNone_leaf30,2,0.0924391542308941
unique_descendant,D,classification,20.0,Dummy,0,0.12972440375552066
unique_descendant,D,classification,20.0,Dummy,1,0.12700374117395613
unique_descendant,D,classification,20.0,Dummy,2,0.13144288381414107
unique_descendant,D,classification,20.0,Logistic,0,0.09824902489605292
unique_descendant,D,classification,20.0,Logistic,1,0.09109335997366114
unique_descendant,D,classification,20.0,Logistic,2,0.10524443881083223
unique_descendant,D,classification,20.0,RF_depth6_leaf10,0,0.09839487985617694
unique_descendant,D,classification,20.0,RF_depth6_leaf10,1,0.09027535611859784
unique_descendant,D,classification,20.0,RF_depth6_leaf10,2,0.11164120356503246
unique_descendant,D,classification,20.0,RF_depthNone_leaf30,0,0.09836517283751856
unique_descendant,D,classification,20.0,RF_depthNone_leaf30,1,0.09465131932607022
unique_descendant,D,classification,20.0,RF_depthNone_leaf30,2,0.10759372725155628
unique_descendant,E,regression,1.0,Dummy,0,0.5834511854955892
unique_descendant,E,regression,1.0,Dummy,1,0.5769972026519369
unique_descendant,E,regression,1.0,Dummy,2,0.5710069460987003
unique_descendant,E,regression,1.0,Linear,0,0.530304124395672
unique_descendant,E,regression,1.0,Linear,1,0.5320691877694378
unique_descendant,E,regression,1.0,Linear,2,0.5359626488966429
unique_descendant,E,regression,1.0,RF_depth6_leaf10,0,0.5411185310247485
unique_descendant,E,regression,1.0,RF_depth6_leaf10,1,0.5372452770996688
unique_descendant,E,regression,1.0,RF_depth6_leaf10,2,0.5579978854318333
unique_descendant,E,regression,1.0,RF_depthNone_leaf30,0,0.5384613316059208
unique_descendant,E,regression,1.0,RF_depthNone_leaf30,1,0.5370411804782241
unique_descendant,E,regression,1.0,RF_depthNone_leaf30,2,0.550660736905278
unique_descendant,E,regression,2.0,Dummy,0,0.5834511854955892
unique_descendant,E,regression,2.0,Dummy,1,0.5769972026519369
unique_descendant,E,regression,2.0,Dummy,2,0.5710069460987003
unique_descendant,E,regression,2.0,Linear,0,0.5218885798784254
unique_descendant,E,regression,2.0,Linear,1,0.5254095292229896
unique_descendant,E,regression,2.0,Linear,2,0.5261244784510838
unique_descendant,E,regression,2.0,RF_depth6_leaf10,0,0.5329640921128057
unique_descendant,E,regression,2.0,RF_depth6_leaf10,1,0.5357555376040166
unique_descendant,E,regression,2.0,RF_depth6_leaf10,2,0.5442469965878804
unique_descendant,E,regression,2.0,RF_depthNone_leaf30,0,0.5306180281754537
unique_descendant,E,regression,2.0,RF_depthNone_leaf30,1,0.5345336804748169
unique_descendant,E,regression,2.0,RF_depthNone_leaf30,2,0.5367475150493876
unique_descendant,E,regression,3.0,Dummy,0,0.5834511854955892
unique_descendant,E,regression,3.0,Dummy,1,0.5769972026519369
unique_descendant,E,regression,3.0,Dummy,2,0.5710069460987003
unique_descendant,E,regression,3.0,Linear,0,0.51125537118748
unique_descendant,E,regression,3.0,Linear,1,0.5176784961415644
unique_descendant,E,regression,3.0,Linear,2,0.5136248709424203
unique_descendant,E,regression,3.0,RF_depth6_leaf10,0,0.5158850964132435
unique_descendant,E,regression,3.0,RF_depth6_leaf10,1,0.5246972216201068
unique_descendant,E,regression,3.0,RF_depth6_leaf10,2,0.534771522260458
unique_descendant,E,regression,3.0,RF_depthNone_leaf30,0,0.5134691046055411
unique_descendant,E,regression,3.0,RF_depthNone_leaf30,1,0.5238108415073394
unique_descendant,E,regression,3.0,RF_depthNone_leaf30,2,0.5202462639792347
unique_descendant,E,regression,5.0,Dummy,0,0.5834511854955892
unique_descendant,E,regression,5.0,Dummy,1,0.5769972026519369
unique_descendant,E,regression,5.0,Dummy,2,0.5710069460987003
unique_descendant,E,regression,5.0,Linear,0,0.49964539838504834
unique_descendant,E,regression,5.0,Linear,1,0.50107612104111
unique_descendant,E,regression,5.0,Linear,2,0.5062654143736149
unique_descendant,E,regression,5.0,RF_depth6_leaf10,0,0.5050490073235945
unique_descendant,E,regression,5.0,RF_depth6_leaf10,1,0.5044011847380357
unique_descendant,E,regression,5.0,RF_depth6_leaf10,2,0.5111537926094071
unique_descendant,E,regression,5.0,RF_depthNone_leaf30,0,0.5043698139414521
unique_descendant,E,regression,5.0,RF_depthNone_leaf30,1,0.5033148733196998
unique_descendant,E,regression,5.0,RF_depthNone_leaf30,2,0.5041262629200525
unique_descendant,E,regression,8.0,Dummy,0,0.5834511854955892
unique_descendant,E,regression,8.0,Dummy,1,0.5769972026519369
unique_descendant,E,regression,8.0,Dummy,2,0.5710069460987003
unique_descendant,E,regression,8.0,Linear,0,0.4835552722468076
unique_descendant,E,regression,8.0,Linear,1,0.47420374103896157
unique_descendant,E,regression,8.0,Linear,2,0.4824998371965155
unique_descendant,E,regression,8.0,RF_depth6_leaf10,0,0.4870337133069948
unique_descendant,E,regression,8.0,RF_depth6_leaf10,1,0.47930830601480323
unique_descendant,E,regression,8.0,RF_depth6_leaf10,2,0.48286637983975417
unique_descendant,E,regression,8.0,RF_depthNone_leaf30,0,0.48143901886430573
unique_descendant,E,regression,8.0,RF_depthNone_leaf30,1,0.4738219562176291
unique_descendant,E,regression,8.0,RF_depthNone_leaf30,2,0.47824716836152165
unique_descendant,E,regression,10.0,Dummy,0,0.5834511854955892
unique_descendant,E,regression,10.0,Dummy,1,0.5769972026519369
unique_descendant,E,regression,10.0,Dummy,2,0.5710069460987003
unique_descendant,E,regression,10.0,Linear,0,0.48287371217956804
unique_descendant,E,regression,10.0,Linear,1,0.46989807444719844
unique_descendant,E,regression,10.0,Linear,2,0.5002378067588122
unique_descendant,E,regression,10.0,RF_depth6_leaf10,0,0.4814482919534553
unique_descendant,E,regression,10.0,RF_depth6_leaf10,1,0.4766030911837338
unique_descendant,E,regression,10.0,RF_depth6_leaf10,2,0.49378704312251664
unique_descendant,E,regression,10.0,RF_depthNone_leaf30,0,0.4769739042217066
unique_descendant,E,regression,10.0,RF_depthNone_leaf30,1,0.4715987080442596
unique_descendant,E,regression,10.0,RF_depthNone_leaf30,2,0.48911124225138947
unique_descendant,E,regression,15.0,Dummy,0,0.5834511854955892
unique_descendant,E,regression,15.0,Dummy,1,0.5769972026519369
unique_descendant,E,regression,15.0,Dummy,2,0.5710069460987003
unique_descendant,E,regression,15.0,Linear,0,0.5087815341572073
unique_descendant,E,regression,15.0,Linear,1,0.49349114033465924
unique_descendant,E,regression,15.0,Linear,2,0.5057912408953698
unique_descendant,E,regression,15.0,RF_depth6_leaf10,0,0.49213047351403266
unique_descendant,E,regression,15.0,RF_depth6_leaf10,1,0.495522155671525
unique_descendant,E,regression,15.0,RF_depth6_leaf10,2,0.5165544547551695
unique_descendant,E,regression,15.0,RF_depthNone_leaf30,0,0.49270064789014545
unique_descendant,E,regression,15.0,RF_depthNone_leaf30,1,0.49479730411881934
unique_descendant,E,regression,15.0,RF_depthNone_leaf30,2,0.5152070648584858
unique_descendant,E,regression,20.0,Dummy,0,0.5834511854955892
unique_descendant,E,regression,20.0,Dummy,1,0.5769972026519369
unique_descendant,E,regression,20.0,Dummy,2,0.5710069460987003
unique_descendant,E,regression,20.0,Linear,0,0.511521327266739
unique_descendant,E,regression,20.0,Linear,1,0.5116707552840571
unique_descendant,E,regression,20.0,Linear,2,0.517767331564196
unique_descendant,E,regression,20.0,RF_depth6_leaf10,0,0.498177957650773
unique_descendant,E,regression,20.0,RF_depth6_leaf10,1,0.5179828523045218
unique_descendant,E,regression,20.0,RF_depth6_leaf10,2,0.5235833648357252
unique_descendant,E,regression,20.0,RF_depthNone_leaf30,0,0.49689130668358733
unique_descendant,E,regression,20.0,RF_depthNone_leaf30,1,0.5140150562825723
unique_descendant,E,regression,20.0,RF_depthNone_leaf30,2,0.5172129591916431
unique_descendant,E,classification,1.0,Dummy,0,0.12972440375552066
unique_descendant,E,classification,1.0,Dummy,1,0.12700374117395613
unique_descendant,E,classification,1.0,Dummy,2,0.13144288381414107
unique_descendant,E,classification,1.0,Logistic,0,0.11379488406083925
unique_descendant,E,classification,1.0,Logistic,1,0.11862558974869278
unique_descendant,E,classification,1.0,Logistic,2,0.12490535143138982
unique_descendant,E,classification,1.0,RF_depth6_leaf10,0,0.11618175601162074
unique_descendant,E,classification,1.0,RF_depth6_leaf10,1,0.12009442103075711
unique_descendant,E,classification,1.0,RF_depth6_leaf10,2,0.1331367038441858
unique_descendant,E,classification,1.0,RF_depthNone_leaf30,0,0.1148160313724556
unique_descendant,E,classification,1.0,RF_depthNone_leaf30,1,0.11882735632747433
unique_descendant,E,classification,1.0,RF_depthNone_leaf30,2,0.1276668325375792
unique_descendant,E,classification,2.0,Dummy,0,0.12972440375552066
unique_descendant,E,classification,2.0,Dummy,1,0.12700374117395613
unique_descendant,E,classification,2.0,Dummy,2,0.13144288381414107
unique_descendant,E,classification,2.0,Logistic,0,0.11299462793183611
unique_descendant,E,classification,2.0,Logistic,1,0.11862335446872999
unique_descendant,E,classification,2.0,Logistic,2,0.12243472842918218
unique_descendant,E,classification,2.0,RF_depth6_leaf10,0,0.11591586478491436
unique_descendant,E,classification,2.0,RF_depth6_leaf10,1,0.11915857905279802
unique_descendant,E,classification,2.0,RF_depth6_leaf10,2,0.1304988925925352
unique_descendant,E,classification,2.0,RF_depthNone_leaf30,0,0.11433881212611864
unique_descendant,E,classification,2.0,RF_depthNone_leaf30,1,0.11821635934835412
unique_descendant,E,classification,2.0,RF_depthNone_leaf30,2,0.1255116642673535
unique_descendant,E,classification,3.0,Dummy,0,0.12972440375552066
unique_descendant,E,classification,3.0,Dummy,1,0.12700374117395613
unique_descendant,E,classification,3.0,Dummy,2,0.13144288381414107
unique_descendant,E,classification,3.0,Logistic,0,0.10942581054009912
unique_descendant,E,classification,3.0,Logistic,1,0.1176686218220266
unique_descendant,E,classification,3.0,Logistic,2,0.11907073336552833
unique_descendant,E,classification,3.0,RF_depth6_leaf10,0,0.11197872371205944
unique_descendant,E,classification,3.0,RF_depth6_leaf10,1,0.11724609234342113
unique_descendant,E,classification,3.0,RF_depth6_leaf10,2,0.12856193438241587
unique_descendant,E,classification,3.0,RF_depthNone_leaf30,0,0.10949014191216593
unique_descendant,E,classification,3.0,RF_depthNone_leaf30,1,0.11563170665513292
unique_descendant,E,classification,3.0,RF_depthNone_leaf30,2,0.1216278808951789
unique_descendant,E,classification,5.0,Dummy,0,0.12972440375552066
unique_descendant,E,classification,5.0,Dummy,1,0.12700374117395613
unique_descendant,E,classification,5.0,Dummy,2,0.13144288381414107
unique_descendant,E,classification,5.0,Logistic,0,0.10577194542271758
unique_descendant,E,classification,5.0,Logistic,1,0.11201571023444158
unique_descendant,E,classification,5.0,Logistic,2,0.11614887790338281
unique_descendant,E,classification,5.0,RF_depth6_leaf10,0,0.10715084906544782
unique_descendant,E,classification,5.0,RF_depth6_leaf10,1,0.1111331406489285
unique_descendant,E,classification,5.0,RF_depth6_leaf10,2,0.12699878642097717
unique_descendant,E,classification,5.0,RF_depthNone_leaf30,0,0.1052556016816712
unique_descendant,E,classification,5.0,RF_depthNone_leaf30,1,0.11224305299900231
unique_descendant,E,classification,5.0,RF_depthNone_leaf30,2,0.11984536016337845
unique_descendant,E,classification,8.0,Dummy,0,0.12972440375552066
unique_descendant,E,classification,8.0,Dummy,1,0.12700374117395613
unique_descendant,E,classification,8.0,Dummy,2,0.13144288381414107
unique_descendant,E,classification,8.0,Logistic,0,0.09830133284400798
unique_descendant,E,classification,8.0,Logistic,1,0.10118713823462305
unique_descendant,E,classification,8.0,Logistic,2,0.10226016348080276
unique_descendant,E,classification,8.0,RF_depth6_leaf10,0,0.10314120060659532
unique_descendant,E,classification,8.0,RF_depth6_leaf10,1,0.10374468006125664
unique_descendant,E,classification,8.0,RF_depth6_leaf10,2,0.10961776619603103
unique_descendant,E,classification,8.0,RF_depthNone_leaf30,0,0.10050761179695362
unique_descendant,E,classification,8.0,RF_depthNone_leaf30,1,0.10275117787220783
unique_descendant,E,classification,8.0,RF_depthNone_leaf30,2,0.10993186030150137
unique_descendant,E,classification,10.0,Dummy,0,0.12972440375552066
unique_descendant,E,classification,10.0,Dummy,1,0.12700374117395613
unique_descendant,E,classification,10.0,Dummy,2,0.13144288381414107
unique_descendant,E,classification,10.0,Logistic,0,0.09692494460733664
unique_descendant,E,classification,10.0,Logistic,1,0.0934188035936698
unique_descendant,E,classification,10.0,Logistic,2,0.10426813384316744
unique_descendant,E,classification,10.0,RF_depth6_leaf10,0,0.10039735131010694
unique_descendant,E,classification,10.0,RF_depth6_leaf10,1,0.09509273885959371
unique_descendant,E,classification,10.0,RF_depth6_leaf10,2,0.10878637170975715
unique_descendant,E,classification,10.0,RF_depthNone_leaf30,0,0.10068051506024099
unique_descendant,E,classification,10.0,RF_depthNone_leaf30,1,0.09427821113521452
unique_descendant,E,classification,10.0,RF_depthNone_leaf30,2,0.10567839522442919
unique_descendant,E,classification,15.0,Dummy,0,0.12972440375552066
unique_descendant,E,classification,15.0,Dummy,1,0.12700374117395613
unique_descendant,E,classification,15.0,Dummy,2,0.13144288381414107
unique_descendant,E,classification,15.0,Logistic,0,0.10638130013979667
unique_descendant,E,classification,15.0,Logistic,1,0.09712877249710497
unique_descendant,E,classification,15.0,Logistic,2,0.10362394671141761
unique_descendant,E,classification,15.0,RF_depth6_leaf10,0,0.10575253317525346
unique_descendant,E,classification,15.0,RF_depth6_leaf10,1,0.09622635802570222
unique_descendant,E,classification,15.0,RF_depth6_leaf10,2,0.10758245241447718
unique_descendant,E,classification,15.0,RF_depthNone_leaf30,0,0.10475807842840879
unique_descendant,E,classification,15.0,RF_depthNone_leaf30,1,0.09615401963631708
unique_descendant,E,classification,15.0,RF_depthNone_leaf30,2,0.10656450895960648
unique_descendant,E,classification,20.0,Dummy,0,0.12972440375552066
unique_descendant,E,classification,20.0,Dummy,1,0.12700374117395613
unique_descendant,E,classification,20.0,Dummy,2,0.13144288381414107
unique_descendant,E,classification,20.0,Logistic,0,0.10533486179220183
unique_descendant,E,classification,20.0,Logistic,1,0.10335166230480108
unique_descendant,E,classification,20.0,Logistic,2,0.11374311576845052
unique_descendant,E,classification,20.0,RF_depth6_leaf10,0,0.09903163720496228
unique_descendant,E,classification,20.0,RF_depth6_leaf10,1,0.1034314285589806
unique_descendant,E,classification,20.0,RF_depth6_leaf10,2,0.11165591698370553
unique_descendant,E,classification,20.0,RF_depthNone_leaf30,0,0.10027881654382992
unique_descendant,E,classification,20.0,RF_depthNone_leaf30,1,0.10162296213014642
unique_descendant,E,classification,20.0,RF_depthNone_leaf30,2,0.11037050434495507
unique_descendant,F,regression,1.0,Dummy,0,0.5834511854955892
unique_descendant,F,regression,1.0,Dummy,1,0.5769972026519369
unique_descendant,F,regression,1.0,Dummy,2,0.5710069460987003
unique_descendant,F,regression,1.0,Linear,0,0.5136727031515438
unique_descendant,F,regression,1.0,Linear,1,0.5168130182670392
unique_descendant,F,regression,1.0,Linear,2,0.5173641034314526
unique_descendant,F,regression,1.0,RF_depth6_leaf10,0,0.5204653088469141
unique_descendant,F,regression,1.0,RF_depth6_leaf10,1,0.5231635916535964
unique_descendant,F,regression,1.0,RF_depth6_leaf10,2,0.5290034016404083
unique_descendant,F,regression,1.0,RF_depthNone_leaf30,0,0.519644981371803
unique_descendant,F,regression,1.0,RF_depthNone_leaf30,1,0.5206723439620261
unique_descendant,F,regression,1.0,RF_depthNone_leaf30,2,0.5166279764398383
unique_descendant,F,regression,2.0,Dummy,0,0.5834511854955892
unique_descendant,F,regression,2.0,Dummy,1,0.5769972026519369
unique_descendant,F,regression,2.0,Dummy,2,0.5710069460987003
unique_descendant,F,regression,2.0,Linear,0,0.4761760388443376
unique_descendant,F,regression,2.0,Linear,1,0.4866782106216026
unique_descendant,F,regression,2.0,Linear,2,0.4761746235678436
unique_descendant,F,regression,2.0,RF_depth6_leaf10,0,0.47621453793483576
unique_descendant,F,regression,2.0,RF_depth6_leaf10,1,0.49060670023855685
unique_descendant,F,regression,2.0,RF_depth6_leaf10,2,0.4736790675960368
unique_descendant,F,regression,2.0,RF_depthNone_leaf30,0,0.4757347927516272
unique_descendant,F,regression,2.0,RF_depthNone_leaf30,1,0.4895009264350954
unique_descendant,F,regression,2.0,RF_depthNone_leaf30,2,0.4749941335329861
unique_descendant,F,regression,3.0,Dummy,0,0.5834511854955892
unique_descendant,F,regression,3.0,Dummy,1,0.5769972026519369
unique_descendant,F,regression,3.0,Dummy,2,0.5710069460987003
unique_descendant,F,regression,3.0,Linear,0,0.4444229294149511
unique_descendant,F,regression,3.0,Linear,1,0.4483541678990454
unique_descendant,F,regression,3.0,Linear,2,0.4372743460373026
unique_descendant,F,regression,3.0,RF_depth6_leaf10,0,0.4404075642018566
unique_descendant,F,regression,3.0,RF_depth6_leaf10,1,0.45726870023395744
unique_descendant,F,regression,3.0,RF_depth6_leaf10,2,0.43343538398210707
unique_descendant,F,regression,3.0,RF_depthNone_leaf30,0,0.4407352622257254
unique_descendant,F,regression,3.0,RF_depthNone_leaf30,1,0.4493320662161753
unique_descendant,F,regression,3.0,RF_depthNone_leaf30,2,0.431988679550011
unique_descendant,F,regression,5.0,Dummy,0,0.5834511854955892
unique_descendant,F,regression,5.0,Dummy,1,0.5769972026519369
unique_descendant,F,regression,5.0,Dummy,2,0.5710069460987003
unique_descendant,F,regression,5.0,Linear,0,0.40996534220306774
unique_descendant,F,regression,5.0,Linear,1,0.3938681356978081
unique_descendant,F,regression,5.0,Linear,2,0.3852214000745352
unique_descendant,F,regression,5.0,RF_depth6_leaf10,0,0.38905557953731973
unique_descendant,F,regression,5.0,RF_depth6_leaf10,1,0.39318211566572986
unique_descendant,F,regression,5.0,RF_depth6_leaf10,2,0.3737615822002944
unique_descendant,F,regression,5.0,RF_depthNone_leaf30,0,0.38654959481307805
unique_descendant,F,regression,5.0,RF_depthNone_leaf30,1,0.3909617437442607
unique_descendant,F,regression,5.0,RF_depthNone_leaf30,2,0.37376868668414404
unique_descendant,F,regression,8.0,Dummy,0,0.5834511854955892
unique_descendant,F,regression,8.0,Dummy,1,0.5769972026519369
unique_descendant,F,regression,8.0,Dummy,2,0.5710069460987003
unique_descendant,F,regression,8.0,Linear,0,0.3964170576766921
unique_descendant,F,regression,8.0,Linear,1,0.37073439207320624
unique_descendant,F,regression,8.0,Linear,2,0.36973556323665135
unique_descendant,F,regression,8.0,RF_depth6_leaf10,0,0.3884899819657829
unique_descendant,F,regression,8.0,RF_depth6_leaf10,1,0.36661548146813017
unique_descendant,F,regression,8.0,RF_depth6_leaf10,2,0.3636616063994873
unique_descendant,F,regression,8.0,RF_depthNone_leaf30,0,0.3895867923453674
unique_descendant,F,regression,8.0,RF_depthNone_leaf30,1,0.3622653620476498
unique_descendant,F,regression,8.0,RF_depthNone_leaf30,2,0.36253848663597277
unique_descendant,F,regression,10.0,Dummy,0,0.5834511854955892
unique_descendant,F,regression,10.0,Dummy,1,0.5769972026519369
unique_descendant,F,regression,10.0,Dummy,2,0.5710069460987003
unique_descendant,F,regression,10.0,Linear,0,0.41712086210837546
unique_descendant,F,regression,10.0,Linear,1,0.38716079779264423
unique_descendant,F,regression,10.0,Linear,2,0.3940536612118983
unique_descendant,F,regression,10.0,RF_depth6_leaf10,0,0.4108805205127301
unique_descendant,F,regression,10.0,RF_depth6_leaf10,1,0.3908720942929892
unique_descendant,F,regression,10.0,RF_depth6_leaf10,2,0.39543042393222305
unique_descendant,F,regression,10.0,RF_depthNone_leaf30,0,0.41313877110919256
unique_descendant,F,regression,10.0,RF_depthNone_leaf30,1,0.39350718580590155
unique_descendant,F,regression,10.0,RF_depthNone_leaf30,2,0.392601814800207
unique_descendant,F,regression,15.0,Dummy,0,0.5834511854955892
unique_descendant,F,regression,15.0,Dummy,1,0.5769972026519369
unique_descendant,F,regression,15.0,Dummy,2,0.5710069460987003
unique_descendant,F,regression,15.0,Linear,0,0.45982430141127545
unique_descendant,F,regression,15.0,Linear,1,0.4544125065750013
unique_descendant,F,regression,15.0,Linear,2,0.4572621367999991
unique_descendant,F,regression,15.0,RF_depth6_leaf10,0,0.45650831983329315
unique_descendant,F,regression,15.0,RF_depth6_leaf10,1,0.4660785028373041
unique_descendant,F,regression,15.0,RF_depth6_leaf10,2,0.4638022749857491
unique_descendant,F,regression,15.0,RF_depthNone_leaf30,0,0.45821442150920705
unique_descendant,F,regression,15.0,RF_depthNone_leaf30,1,0.46192198938336443
unique_descendant,F,regression,15.0,RF_depthNone_leaf30,2,0.459762107330505
unique_descendant,F,regression,20.0,Dummy,0,0.5834511854955892
unique_descendant,F,regression,20.0,Dummy,1,0.5769972026519369
unique_descendant,F,regression,20.0,Dummy,2,0.5710069460987003
unique_descendant,F,regression,20.0,Linear,0,0.48770166294962136
unique_descendant,F,regression,20.0,Linear,1,0.49498104393870895
unique_descendant,F,regression,20.0,Linear,2,0.5009170082680063
unique_descendant,F,regression,20.0,RF_depth6_leaf10,0,0.48784955381988526
unique_descendant,F,regression,20.0,RF_depth6_leaf10,1,0.5054345854134356
unique_descendant,F,regression,20.0,RF_depth6_leaf10,2,0.5103761278361333
unique_descendant,F,regression,20.0,RF_depthNone_leaf30,0,0.4866490436106823
unique_descendant,F,regression,20.0,RF_depthNone_leaf30,1,0.5050229553698277
unique_descendant,F,regression,20.0,RF_depthNone_leaf30,2,0.5064214207280657
unique_descendant,F,classification,1.0,Dummy,0,0.12972440375552066
unique_descendant,F,classification,1.0,Dummy,1,0.12700374117395613
unique_descendant,F,classification,1.0,Dummy,2,0.13144288381414107
unique_descendant,F,classification,1.0,Logistic,0,0.11171143400064991
unique_descendant,F,classification,1.0,Logistic,1,0.11523662308289048
unique_descendant,F,classification,1.0,Logistic,2,0.12719309994534467
unique_descendant,F,classification,1.0,RF_depth6_leaf10,0,0.11193305626188614
unique_descendant,F,classification,1.0,RF_depth6_leaf10,1,0.11844353690038166
unique_descendant,F,classification,1.0,RF_depth6_leaf10,2,0.13267634260484293
unique_descendant,F,classification,1.0,RF_depthNone_leaf30,0,0.11232720776708054
unique_descendant,F,classification,1.0,RF_depthNone_leaf30,1,0.11656406536329217
unique_descendant,F,classification,1.0,RF_depthNone_leaf30,2,0.1257262176934474
unique_descendant,F,classification,2.0,Dummy,0,0.12972440375552066
unique_descendant,F,classification,2.0,Dummy,1,0.12700374117395613
unique_descendant,F,classification,2.0,Dummy,2,0.13144288381414107
unique_descendant,F,classification,2.0,Logistic,0,0.10453219019002741
unique_descendant,F,classification,2.0,Logistic,1,0.1136313134423624
unique_descendant,F,classification,2.0,Logistic,2,0.11785158502207987
unique_descendant,F,classification,2.0,RF_depth6_leaf10,0,0.10786263171913126
unique_descendant,F,classification,2.0,RF_depth6_leaf10,1,0.11486642061805342
unique_descendant,F,classification,2.0,RF_depth6_leaf10,2,0.12402421792437107
unique_descendant,F,classification,2.0,RF_depthNone_leaf30,0,0.107603013568594
unique_descendant,F,classification,2.0,RF_depthNone_leaf30,1,0.11348201801266691
unique_descendant,F,classification,2.0,RF_depthNone_leaf30,2,0.12074397964764537
unique_descendant,F,classification,3.0,Dummy,0,0.12972440375552066
unique_descendant,F,classification,3.0,Dummy,1,0.12700374117395613
unique_descendant,F,classification,3.0,Dummy,2,0.13144288381414107
unique_descendant,F,classification,3.0,Logistic,0,0.09739496785794222
unique_descendant,F,classification,3.0,Logistic,1,0.10790221412767607
unique_descendant,F,classification,3.0,Logistic,2,0.10918651790283657
unique_descendant,F,classification,3.0,RF_depth6_leaf10,0,0.10365239222187064
unique_descendant,F,classification,3.0,RF_depth6_leaf10,1,0.11316088556427895
unique_descendant,F,classification,3.0,RF_depth6_leaf10,2,0.11630775541714584
unique_descendant,F,classification,3.0,RF_depthNone_leaf30,0,0.10282792650264705
unique_descendant,F,classification,3.0,RF_depthNone_leaf30,1,0.10877356694729885
unique_descendant,F,classification,3.0,RF_depthNone_leaf30,2,0.11390139192477813
unique_descendant,F,classification,5.0,Dummy,0,0.12972440375552066
unique_descendant,F,classification,5.0,Dummy,1,0.12700374117395613
unique_descendant,F,classification,5.0,Dummy,2,0.13144288381414107
unique_descendant,F,classification,5.0,Logistic,0,0.09474112600760355
unique_descendant,F,classification,5.0,Logistic,1,0.09161091190094257
unique_descendant,F,classification,5.0,Logistic,2,0.09862212203507675
unique_descendant,F,classification,5.0,RF_depth6_leaf10,0,0.10161210926063108
unique_descendant,F,classification,5.0,RF_depth6_leaf10,1,0.09805250135514552
unique_descendant,F,classification,5.0,RF_depth6_leaf10,2,0.10560390411693708
unique_descendant,F,classification,5.0,RF_depthNone_leaf30,0,0.09870108810836573
unique_descendant,F,classification,5.0,RF_depthNone_leaf30,1,0.09299204222620157
unique_descendant,F,classification,5.0,RF_depthNone_leaf30,2,0.10153306208637067
unique_descendant,F,classification,8.0,Dummy,0,0.12972440375552066
unique_descendant,F,classification,8.0,Dummy,1,0.12700374117395613
unique_descendant,F,classification,8.0,Dummy,2,0.13144288381414107
unique_descendant,F,classification,8.0,Logistic,0,0.0847412310919077
unique_descendant,F,classification,8.0,Logistic,1,0.06875371570130127
unique_descendant,F,classification,8.0,Logistic,2,0.08150917849926252
unique_descendant,F,classification,8.0,RF_depth6_leaf10,0,0.08778882654592951
unique_descendant,F,classification,8.0,RF_depth6_leaf10,1,0.07146556278607678
unique_descendant,F,classification,8.0,RF_depth6_leaf10,2,0.08229940354406276
unique_descendant,F,classification,8.0,RF_depthNone_leaf30,0,0.08773093543218598
unique_descendant,F,classification,8.0,RF_depthNone_leaf30,1,0.06849661348145608
unique_descendant,F,classification,8.0,RF_depthNone_leaf30,2,0.0801647462081821
unique_descendant,F,classification,10.0,Dummy,0,0.12972440375552066
unique_descendant,F,classification,10.0,Dummy,1,0.12700374117395613
unique_descendant,F,classification,10.0,Dummy,2,0.13144288381414107
unique_descendant,F,classification,10.0,Logistic,0,0.08887747218252622
unique_descendant,F,classification,10.0,Logistic,1,0.061109076774727655
unique_descendant,F,classification,10.0,Logistic,2,0.07396742472488718
unique_descendant,F,classification,10.0,RF_depth6_leaf10,0,0.09438065824357852
unique_descendant,F,classification,10.0,RF_depth6_leaf10,1,0.06536887704341211
unique_descendant,F,classification,10.0,RF_depth6_leaf10,2,0.07843977113882933
unique_descendant,F,classification,10.0,RF_depthNone_leaf30,0,0.09501092357843613
unique_descendant,F,classification,10.0,RF_depthNone_leaf30,1,0.06403656693406576
unique_descendant,F,classification,10.0,RF_depthNone_leaf30,2,0.07456664006001969
unique_descendant,F,classification,15.0,Dummy,0,0.12972440375552066
unique_descendant,F,classification,15.0,Dummy,1,0.12700374117395613
unique_descendant,F,classification,15.0,Dummy,2,0.13144288381414107
unique_descendant,F,classification,15.0,Logistic,0,0.09575454392635192
unique_descendant,F,classification,15.0,Logistic,1,0.07846241773751898
unique_descendant,F,classification,15.0,Logistic,2,0.09180062647906735
unique_descendant,F,classification,15.0,RF_depth6_leaf10,0,0.09262557463249256
unique_descendant,F,classification,15.0,RF_depth6_leaf10,1,0.07839952090288839
unique_descendant,F,classification,15.0,RF_depth6_leaf10,2,0.09295937286370991
unique_descendant,F,classification,15.0,RF_depthNone_leaf30,0,0.09176730981838456
unique_descendant,F,classification,15.0,RF_depthNone_leaf30,1,0.0790698342389753
unique_descendant,F,classification,15.0,RF_depthNone_leaf30,2,0.0922716450108941
unique_descendant,F,classification,20.0,Dummy,0,0.12972440375552066
unique_descendant,F,classification,20.0,Dummy,1,0.12700374117395613
unique_descendant,F,classification,20.0,Dummy,2,0.13144288381414107
unique_descendant,F,classification,20.0,Logistic,0,0.099078507376185
unique_descendant,F,classification,20.0,Logistic,1,0.09408849397315935
unique_descendant,F,classification,20.0,Logistic,2,0.10571627771244554
unique_descendant,F,classification,20.0,RF_depth6_leaf10,0,0.0997818793334715
unique_descendant,F,classification,20.0,RF_depth6_leaf10,1,0.09456177485814997
unique_descendant,F,classification,20.0,RF_depth6_leaf10,2,0.11220305833439378
unique_descendant,F,classification,20.0,RF_depthNone_leaf30,0,0.09960328337861753
unique_descendant,F,classification,20.0,RF_depthNone_leaf30,1,0.09574362588143522
unique_descendant,F,classification,20.0,RF_depthNone_leaf30,2,0.1073070580991659
